// Picture placeholder cropped from the supplied reference; no UI text.
#include "lvgl.h"
static const uint8_t apple_pixels[] = {
0x00, 0x00, 0x00, 0x00, 0x00, 0x00, 0x00, 0x00, 0x00, 0x00, 0x00, 0x00, 0x00, 0x00, 0x00, 0x00, 0x00, 0x00, 0x00, 0x00, 0x00, 0x00, 0x00, 0x00,
0x00, 0x00, 0x00, 0x00, 0x00, 0x00, 0x00, 0x00, 0x00, 0x00, 0x00, 0x00, 0x00, 0x00, 0x00, 0x00, 0x00, 0x00, 0x00, 0x00, 0x00, 0x00, 0x00, 0x00,
0x00, 0x00, 0x00, 0x00, 0x00, 0x00, 0x00, 0x00, 0x00, 0x00, 0x00, 0x00, 0x00, 0x00, 0x00, 0x00, 0x00, 0x00, 0x00, 0x00, 0x00, 0x00, 0x00, 0x00,
0x00, 0x00, 0x00, 0x00, 0x00, 0x00, 0x00, 0x00, 0x00, 0x00, 0x00, 0x00, 0x00, 0x00, 0x00, 0x00, 0x00, 0x00, 0x00, 0x00, 0x00, 0x00, 0x00, 0x00,
0x00, 0x00, 0x00, 0x00, 0x00, 0x00, 0x00, 0x00, 0x00, 0x00, 0x00, 0x00, 0x00, 0x00, 0x00, 0x00, 0x00, 0x00, 0x00, 0x00, 0x00, 0x00, 0x00, 0x00,
0x00, 0x00, 0x00, 0x00, 0x00, 0x00, 0x00, 0x00, 0x00, 0x00, 0x00, 0x00, 0x06, 0x00, 0x00, 0x06, 0x00, 0x00, 0x06, 0x00, 0x00, 0x06, 0x00, 0x00,
0x06, 0x00, 0x00, 0x06, 0x00, 0x00, 0x06, 0x00, 0x00, 0x06, 0x00, 0x00, 0x06, 0x00, 0x00, 0x06, 0x00, 0x00, 0x06, 0x00, 0x00, 0x07, 0x00, 0x01,
0x08, 0x00, 0x02, 0x07, 0x00, 0x01, 0x06, 0x00, 0x00, 0x07, 0x00, 0x01, 0x05, 0x00, 0x01, 0x05, 0x00, 0x01, 0x05, 0x00, 0x01, 0x05, 0x00, 0x01,
0x04, 0x00, 0x00, 0x04, 0x00, 0x00, 0x04, 0x00, 0x00, 0x04, 0x00, 0x00, 0x00, 0x00, 0x00, 0x00, 0x00, 0x00, 0x00, 0x00, 0x00, 0x00, 0x00, 0x00,
0x00, 0x00, 0x00, 0x00, 0x00, 0x00, 0x00, 0x00, 0x00, 0x00, 0x00, 0x00, 0x00, 0x00, 0x00, 0x00, 0x00, 0x00, 0x00, 0x00, 0x00, 0x00, 0x00, 0x00,
0x00, 0x00, 0x00, 0x00, 0x00, 0x00, 0x00, 0x00, 0x00, 0x00, 0x00, 0x00, 0x00, 0x00, 0x00, 0x00, 0x00, 0x00, 0x00, 0x00, 0x00, 0x00, 0x00, 0x00,
0x00, 0x00, 0x00, 0x00, 0x00, 0x00, 0x00, 0x00, 0x00, 0x00, 0x00, 0x00, 0x02, 0x00, 0x01, 0x02, 0x00, 0x01, 0x02, 0x00, 0x01, 0x02, 0x00, 0x01,
0x00, 0x00, 0x00, 0x00, 0x00, 0x00, 0x00, 0x00, 0x00, 0x00, 0x00, 0x00, 0x00, 0x00, 0x00, 0x00, 0x00, 0x00, 0x00, 0x00, 0x00, 0x00, 0x00, 0x00,
0x00, 0x00, 0x00, 0x00, 0x00, 0x00, 0x00, 0x00, 0x00, 0x00, 0x00, 0x00, 0x00, 0x00, 0x00, 0x00, 0x00, 0x00, 0x00, 0x00, 0x00, 0x00, 0x00, 0x00,
0x00, 0x00, 0x00, 0x00, 0x00, 0x00, 0x00, 0x00, 0x00, 0x00, 0x00, 0x00, 0x00, 0x00, 0x00, 0x00, 0x00, 0x00, 0x00, 0x00, 0x00, 0x00, 0x00, 0x00,
0x00, 0x00, 0x00, 0x00, 0x00, 0x00, 0x00, 0x00, 0x00, 0x00, 0x00, 0x00, 0x00, 0x00, 0x00, 0x00, 0x00, 0x00, 0x00, 0x00, 0x00, 0x00, 0x00, 0x00,
0x00, 0x00, 0x00, 0x00, 0x00, 0x00, 0x00, 0x00, 0x00, 0x00, 0x00, 0x00, 0x00, 0x00, 0x00, 0x00, 0x00, 0x00, 0x00, 0x00, 0x00, 0x00, 0x00, 0x00,
0x00, 0x00, 0x00, 0x00, 0x00, 0x00, 0x00, 0x00, 0x00, 0x00, 0x00, 0x00, 0x06, 0x00, 0x00, 0x06, 0x00, 0x00, 0x06, 0x00, 0x00, 0x06, 0x00, 0x00,
0x06, 0x00, 0x00, 0x06, 0x00, 0x00, 0x06, 0x00, 0x00, 0x06, 0x00, 0x00, 0x06, 0x00, 0x00, 0x06, 0x00, 0x00, 0x02, 0x00, 0x00, 0x02, 0x00, 0x00,
0x00, 0x01, 0x00, 0x00, 0x01, 0x00, 0x00, 0x01, 0x00, 0x00, 0x01, 0x00, 0x04, 0x00, 0x00, 0x05, 0x00, 0x01, 0x04, 0x00, 0x00, 0x04, 0x00, 0x00,
0x05, 0x00, 0x01, 0x04, 0x00, 0x00, 0x04, 0x00, 0x00, 0x04, 0x00, 0x00, 0x00, 0x00, 0x00, 0x00, 0x00, 0x00, 0x00, 0x00, 0x00, 0x00, 0x00, 0x00,
0x00, 0x00, 0x00, 0x00, 0x00, 0x00, 0x00, 0x00, 0x01, 0x00, 0x00, 0x01, 0x00, 0x00, 0x00, 0x00, 0x00, 0x00, 0x02, 0x00, 0x01, 0x02, 0x00, 0x01,
0x02, 0x00, 0x01, 0x02, 0x00, 0x01, 0x02, 0x00, 0x01, 0x02, 0x00, 0x01, 0x02, 0x00, 0x01, 0x02, 0x00, 0x01, 0x02, 0x00, 0x01, 0x02, 0x00, 0x01,
0x00, 0x00, 0x00, 0x00, 0x00, 0x00, 0x00, 0x00, 0x00, 0x00, 0x00, 0x00, 0x02, 0x00, 0x01, 0x02, 0x00, 0x01, 0x02, 0x00, 0x01, 0x02, 0x00, 0x01,
0x00, 0x00, 0x00, 0x00, 0x00, 0x00, 0x00, 0x00, 0x00, 0x00, 0x00, 0x00, 0x00, 0x00, 0x00, 0x00, 0x00, 0x00, 0x00, 0x00, 0x00, 0x00, 0x00, 0x00,
0x00, 0x00, 0x00, 0x00, 0x00, 0x00, 0x00, 0x00, 0x00, 0x00, 0x00, 0x00, 0x00, 0x00, 0x00, 0x00, 0x00, 0x00, 0x00, 0x00, 0x00, 0x00, 0x00, 0x00,
0x00, 0x00, 0x00, 0x00, 0x00, 0x00, 0x00, 0x00, 0x00, 0x00, 0x00, 0x00, 0x00, 0x00, 0x00, 0x00, 0x00, 0x00, 0x00, 0x00, 0x00, 0x00, 0x00, 0x00,
0x00, 0x00, 0x00, 0x00, 0x00, 0x00, 0x00, 0x00, 0x00, 0x00, 0x00, 0x00, 0x00, 0x00, 0x00, 0x00, 0x00, 0x00, 0x00, 0x00, 0x00, 0x00, 0x00, 0x00,
0x00, 0x00, 0x00, 0x00, 0x00, 0x00, 0x00, 0x00, 0x00, 0x00, 0x00, 0x00, 0x00, 0x00, 0x00, 0x00, 0x00, 0x00, 0x00, 0x00, 0x00, 0x00, 0x00, 0x00,
0x00, 0x00, 0x00, 0x00, 0x00, 0x00, 0x00, 0x00, 0x00, 0x00, 0x00, 0x00, 0x06, 0x00, 0x00, 0x06, 0x00, 0x00, 0x06, 0x00, 0x00, 0x06, 0x00, 0x00,
0x06, 0x00, 0x00, 0x06, 0x00, 0x00, 0x06, 0x00, 0x00, 0x06, 0x00, 0x00, 0x06, 0x00, 0x00, 0x06, 0x00, 0x00, 0x02, 0x00, 0x00, 0x03, 0x01, 0x00,
0x03, 0x04, 0x00, 0x04, 0x05, 0x00, 0x02, 0x03, 0x00, 0x02, 0x03, 0x00, 0x05, 0x00, 0x01, 0x02, 0x00, 0x00, 0x02, 0x00, 0x00, 0x01, 0x00, 0x00,
0x04, 0x00, 0x00, 0x04, 0x00, 0x00, 0x04, 0x00, 0x00, 0x04, 0x00, 0x00, 0x00, 0x00, 0x00, 0x00, 0x00, 0x00, 0x00, 0x00, 0x00, 0x00, 0x00, 0x00,
0x00, 0x00, 0x00, 0x00, 0x00, 0x00, 0x00, 0x00, 0x01, 0x00, 0x00, 0x01, 0x00, 0x00, 0x00, 0x00, 0x00, 0x00, 0x02, 0x00, 0x01, 0x02, 0x00, 0x01,
0x02, 0x00, 0x01, 0x02, 0x00, 0x01, 0x02, 0x00, 0x01, 0x02, 0x00, 0x01, 0x02, 0x00, 0x01, 0x02, 0x00, 0x01, 0x02, 0x00, 0x01, 0x02, 0x00, 0x01,
0x00, 0x00, 0x00, 0x00, 0x00, 0x00, 0x00, 0x00, 0x00, 0x00, 0x00, 0x00, 0x02, 0x00, 0x01, 0x02, 0x00, 0x01, 0x02, 0x00, 0x01, 0x02, 0x00, 0x01,
0x00, 0x00, 0x00, 0x00, 0x00, 0x00, 0x00, 0x00, 0x00, 0x00, 0x00, 0x00, 0x00, 0x00, 0x00, 0x00, 0x00, 0x00, 0x00, 0x00, 0x00, 0x00, 0x00, 0x00,
0x00, 0x00, 0x00, 0x00, 0x00, 0x00, 0x00, 0x00, 0x00, 0x00, 0x00, 0x00, 0x00, 0x00, 0x00, 0x00, 0x00, 0x00, 0x00, 0x00, 0x00, 0x00, 0x00, 0x00,
0x00, 0x00, 0x00, 0x00, 0x00, 0x00, 0x00, 0x00, 0x00, 0x00, 0x00, 0x00, 0x00, 0x00, 0x00, 0x00, 0x00, 0x00, 0x00, 0x00, 0x00, 0x00, 0x00, 0x00,
0x00, 0x00, 0x00, 0x00, 0x00, 0x00, 0x00, 0x00, 0x00, 0x00, 0x00, 0x00, 0x00, 0x00, 0x00, 0x00, 0x00, 0x00, 0x00, 0x00, 0x00, 0x00, 0x00, 0x00,
0x00, 0x00, 0x00, 0x00, 0x00, 0x00, 0x00, 0x00, 0x00, 0x00, 0x00, 0x00, 0x00, 0x00, 0x00, 0x00, 0x00, 0x00, 0x00, 0x00, 0x00, 0x00, 0x00, 0x00,
0x00, 0x00, 0x00, 0x00, 0x00, 0x00, 0x00, 0x00, 0x00, 0x00, 0x00, 0x00, 0x04, 0x00, 0x00, 0x04, 0x00, 0x00, 0x06, 0x00, 0x00, 0x06, 0x00, 0x00,
0x06, 0x00, 0x00, 0x06, 0x00, 0x00, 0x04, 0x00, 0x00, 0x04, 0x00, 0x00, 0x00, 0x02, 0x00, 0x02, 0x04, 0x00, 0x00, 0x09, 0x00, 0x00, 0x0a, 0x00,
0x00, 0x10, 0x01, 0x00, 0x0c, 0x00, 0x00, 0x01, 0x00, 0x00, 0x02, 0x00, 0x01, 0x03, 0x00, 0x00, 0x00, 0x00, 0x00, 0x00, 0x00, 0x00, 0x00, 0x00,
0x00, 0x00, 0x00, 0x01, 0x00, 0x00, 0x06, 0x00, 0x01, 0x06, 0x00, 0x01, 0x00, 0x00, 0x01, 0x00, 0x00, 0x01, 0x00, 0x00, 0x01, 0x00, 0x00, 0x01,
0x00, 0x00, 0x01, 0x00, 0x00, 0x01, 0x00, 0x00, 0x01, 0x00, 0x00, 0x01, 0x02, 0x00, 0x01, 0x02, 0x00, 0x01, 0x02, 0x00, 0x01, 0x02, 0x00, 0x01,
0x02, 0x00, 0x01, 0x02, 0x00, 0x01, 0x02, 0x00, 0x01, 0x02, 0x00, 0x01, 0x02, 0x00, 0x01, 0x02, 0x00, 0x01, 0x02, 0x00, 0x01, 0x02, 0x00, 0x01,
0x00, 0x00, 0x00, 0x00, 0x00, 0x00, 0x00, 0x00, 0x00, 0x00, 0x00, 0x00, 0x02, 0x00, 0x01, 0x02, 0x00, 0x01, 0x02, 0x00, 0x01, 0x02, 0x00, 0x01,
0x00, 0x00, 0x00, 0x00, 0x00, 0x00, 0x00, 0x00, 0x00, 0x00, 0x00, 0x00, 0x00, 0x00, 0x00, 0x00, 0x00, 0x00, 0x00, 0x00, 0x00, 0x00, 0x00, 0x00,
0x00, 0x00, 0x00, 0x00, 0x00, 0x00, 0x00, 0x00, 0x00, 0x00, 0x00, 0x00, 0x00, 0x00, 0x00, 0x00, 0x00, 0x00, 0x00, 0x00, 0x00, 0x00, 0x00, 0x00,
0x00, 0x00, 0x00, 0x00, 0x00, 0x00, 0x00, 0x00, 0x00, 0x00, 0x00, 0x00, 0x00, 0x00, 0x00, 0x00, 0x00, 0x00, 0x00, 0x00, 0x00, 0x00, 0x00, 0x00,
0x00, 0x00, 0x00, 0x00, 0x00, 0x00, 0x00, 0x00, 0x00, 0x00, 0x00, 0x00, 0x00, 0x00, 0x00, 0x00, 0x00, 0x00, 0x00, 0x00, 0x00, 0x00, 0x00, 0x00,
0x00, 0x00, 0x00, 0x00, 0x00, 0x00, 0x00, 0x00, 0x00, 0x00, 0x00, 0x00, 0x00, 0x00, 0x00, 0x00, 0x00, 0x00, 0x00, 0x00, 0x00, 0x00, 0x00, 0x00,
0x00, 0x00, 0x00, 0x00, 0x00, 0x00, 0x00, 0x00, 0x00, 0x00, 0x00, 0x00, 0x04, 0x00, 0x00, 0x04, 0x00, 0x00, 0x06, 0x00, 0x00, 0x06, 0x00, 0x00,
0x06, 0x00, 0x00, 0x06, 0x00, 0x00, 0x04, 0x00, 0x00, 0x06, 0x02, 0x00, 0x04, 0x06, 0x00, 0x04, 0x06, 0x00, 0x00, 0x05, 0x00, 0x00, 0x00, 0x00,
0x00, 0x08, 0x00, 0x00, 0x05, 0x00, 0x00, 0x00, 0x00, 0x00, 0x07, 0x00, 0x0d, 0x0f, 0x08, 0x14, 0x16, 0x0f, 0x00, 0x00, 0x00, 0x00, 0x00, 0x00,
0x00, 0x00, 0x00, 0x01, 0x00, 0x00, 0x06, 0x00, 0x01, 0x06, 0x00, 0x01, 0x00, 0x00, 0x01, 0x00, 0x00, 0x01, 0x00, 0x00, 0x01, 0x00, 0x00, 0x01,
0x00, 0x00, 0x01, 0x00, 0x00, 0x01, 0x00, 0x00, 0x01, 0x00, 0x00, 0x01, 0x02, 0x00, 0x01, 0x02, 0x00, 0x01, 0x02, 0x00, 0x01, 0x02, 0x00, 0x01,
0x02, 0x00, 0x01, 0x02, 0x00, 0x01, 0x02, 0x00, 0x01, 0x02, 0x00, 0x01, 0x02, 0x00, 0x01, 0x02, 0x00, 0x01, 0x02, 0x00, 0x01, 0x02, 0x00, 0x01,
0x00, 0x00, 0x00, 0x00, 0x00, 0x00, 0x00, 0x00, 0x00, 0x00, 0x00, 0x00, 0x02, 0x00, 0x01, 0x02, 0x00, 0x01, 0x02, 0x00, 0x01, 0x02, 0x00, 0x01,
0x00, 0x00, 0x00, 0x00, 0x00, 0x00, 0x00, 0x00, 0x00, 0x00, 0x00, 0x00, 0x00, 0x00, 0x00, 0x00, 0x00, 0x00, 0x00, 0x00, 0x00, 0x00, 0x00, 0x00,
0x00, 0x00, 0x00, 0x00, 0x00, 0x00, 0x00, 0x00, 0x00, 0x00, 0x00, 0x00, 0x00, 0x00, 0x00, 0x00, 0x00, 0x00, 0x00, 0x00, 0x00, 0x00, 0x00, 0x00,
0x00, 0x00, 0x00, 0x00, 0x00, 0x00, 0x00, 0x00, 0x00, 0x00, 0x00, 0x00, 0x00, 0x00, 0x00, 0x00, 0x00, 0x00, 0x00, 0x00, 0x00, 0x00, 0x00, 0x00,
0x00, 0x00, 0x00, 0x00, 0x00, 0x00, 0x00, 0x00, 0x00, 0x00, 0x00, 0x00, 0x00, 0x00, 0x00, 0x00, 0x00, 0x00, 0x00, 0x00, 0x00, 0x00, 0x00, 0x00,
0x00, 0x00, 0x00, 0x00, 0x00, 0x00, 0x00, 0x00, 0x00, 0x00, 0x00, 0x00, 0x00, 0x00, 0x00, 0x00, 0x00, 0x00, 0x00, 0x00, 0x00, 0x00, 0x00, 0x00,
0x00, 0x00, 0x00, 0x00, 0x00, 0x00, 0x00, 0x00, 0x00, 0x00, 0x00, 0x00, 0x00, 0x00, 0x00, 0x00, 0x00, 0x00, 0x00, 0x01, 0x00, 0x00, 0x01, 0x00,
0x00, 0x03, 0x00, 0x00, 0x03, 0x00, 0x00, 0x05, 0x00, 0x00, 0x06, 0x00, 0x00, 0x0c, 0x00, 0x00, 0x04, 0x00, 0x00, 0x00, 0x00, 0x00, 0x06, 0x00,
0x00, 0x1e, 0x00, 0x00, 0x30, 0x0a, 0x00, 0x41, 0x22, 0x00, 0x53, 0x34, 0x00, 0x56, 0x3d, 0x22, 0x78, 0x5f, 0x0c, 0x18, 0x17, 0x00, 0x00, 0x00,
0x0c, 0x00, 0x02, 0x0b, 0x00, 0x01, 0x04, 0x00, 0x01, 0x04, 0x00, 0x01, 0x00, 0x00, 0x03, 0x00, 0x00, 0x03, 0x00, 0x00, 0x03, 0x00, 0x00, 0x03,
0x00, 0x00, 0x03, 0x00, 0x00, 0x03, 0x02, 0x00, 0x03, 0x03, 0x00, 0x04, 0x01, 0x00, 0x04, 0x03, 0x01, 0x06, 0x05, 0x00, 0x06, 0x02, 0x00, 0x03,
0x02, 0x00, 0x01, 0x02, 0x00, 0x01, 0x02, 0x00, 0x01, 0x02, 0x00, 0x01, 0x02, 0x00, 0x01, 0x02, 0x00, 0x01, 0x02, 0x00, 0x01, 0x02, 0x00, 0x01,
0x00, 0x00, 0x00, 0x00, 0x00, 0x00, 0x00, 0x00, 0x00, 0x00, 0x00, 0x00, 0x02, 0x00, 0x01, 0x02, 0x00, 0x01, 0x02, 0x00, 0x01, 0x02, 0x00, 0x01,
0x00, 0x00, 0x00, 0x00, 0x00, 0x00, 0x00, 0x00, 0x00, 0x00, 0x00, 0x00, 0x00, 0x00, 0x00, 0x00, 0x00, 0x00, 0x00, 0x00, 0x00, 0x00, 0x00, 0x00,
0x00, 0x00, 0x00, 0x00, 0x00, 0x00, 0x00, 0x00, 0x00, 0x00, 0x00, 0x00, 0x00, 0x00, 0x00, 0x00, 0x00, 0x00, 0x00, 0x00, 0x00, 0x00, 0x00, 0x00,
0x00, 0x00, 0x00, 0x00, 0x00, 0x00, 0x00, 0x00, 0x00, 0x00, 0x00, 0x00, 0x00, 0x00, 0x00, 0x00, 0x00, 0x00, 0x00, 0x00, 0x00, 0x00, 0x00, 0x00,
0x00, 0x00, 0x00, 0x00, 0x00, 0x00, 0x00, 0x00, 0x00, 0x00, 0x00, 0x00, 0x00, 0x00, 0x00, 0x00, 0x00, 0x00, 0x00, 0x00, 0x00, 0x00, 0x00, 0x00,
0x00, 0x00, 0x00, 0x00, 0x00, 0x00, 0x00, 0x00, 0x00, 0x00, 0x00, 0x00, 0x00, 0x00, 0x00, 0x00, 0x00, 0x00, 0x00, 0x00, 0x00, 0x00, 0x00, 0x00,
0x00, 0x00, 0x00, 0x00, 0x00, 0x00, 0x00, 0x00, 0x00, 0x00, 0x00, 0x00, 0x00, 0x00, 0x00, 0x00, 0x00, 0x00, 0x00, 0x01, 0x00, 0x00, 0x01, 0x00,
0x00, 0x05, 0x00, 0x00, 0x06, 0x00, 0x00, 0x07, 0x00, 0x00, 0x03, 0x00, 0x00, 0x03, 0x00, 0x00, 0x05, 0x00, 0x00, 0x20, 0x02, 0x1c, 0x3f, 0x21,
0x1a, 0x5d, 0x37, 0x37, 0x7a, 0x54, 0x40, 0x93, 0x74, 0x4e, 0xa1, 0x82, 0x49, 0x9f, 0x86, 0x35, 0x8b, 0x72, 0x1a, 0x26, 0x25, 0x00, 0x00, 0x00,
0x0a, 0x00, 0x00, 0x0a, 0x00, 0x00, 0x04, 0x00, 0x01, 0x04, 0x00, 0x01, 0x00, 0x00, 0x03, 0x00, 0x00, 0x03, 0x00, 0x00, 0x03, 0x00, 0x00, 0x04,
0x00, 0x00, 0x03, 0x00, 0x00, 0x03, 0x02, 0x00, 0x03, 0x03, 0x00, 0x04, 0x01, 0x00, 0x04, 0x00, 0x00, 0x03, 0x02, 0x00, 0x03, 0x02, 0x00, 0x03,
0x02, 0x00, 0x01, 0x02, 0x00, 0x01, 0x02, 0x00, 0x01, 0x02, 0x00, 0x01, 0x02, 0x00, 0x01, 0x02, 0x00, 0x01, 0x02, 0x00, 0x01, 0x02, 0x00, 0x01,
0x00, 0x00, 0x00, 0x00, 0x00, 0x00, 0x00, 0x00, 0x00, 0x00, 0x00, 0x00, 0x02, 0x00, 0x01, 0x02, 0x00, 0x01, 0x02, 0x00, 0x01, 0x02, 0x00, 0x01,
0x00, 0x00, 0x00, 0x00, 0x00, 0x00, 0x00, 0x00, 0x00, 0x00, 0x00, 0x00, 0x00, 0x00, 0x00, 0x00, 0x00, 0x00, 0x00, 0x00, 0x00, 0x00, 0x00, 0x00,
0x00, 0x00, 0x00, 0x00, 0x00, 0x00, 0x00, 0x00, 0x00, 0x00, 0x00, 0x00, 0x00, 0x00, 0x00, 0x00, 0x00, 0x00, 0x00, 0x00, 0x00, 0x00, 0x00, 0x00,
0x00, 0x00, 0x00, 0x00, 0x00, 0x00, 0x00, 0x00, 0x00, 0x00, 0x00, 0x00, 0x00, 0x00, 0x00, 0x00, 0x00, 0x00, 0x00, 0x00, 0x00, 0x00, 0x00, 0x00,
0x00, 0x00, 0x00, 0x00, 0x00, 0x00, 0x00, 0x00, 0x00, 0x00, 0x00, 0x00, 0x00, 0x00, 0x00, 0x00, 0x00, 0x00, 0x00, 0x00, 0x00, 0x00, 0x00, 0x00,
0x00, 0x00, 0x00, 0x00, 0x00, 0x00, 0x00, 0x00, 0x00, 0x00, 0x00, 0x00, 0x00, 0x00, 0x00, 0x00, 0x00, 0x00, 0x01, 0x01, 0x01, 0x01, 0x01, 0x01,
0x00, 0x00, 0x00, 0x00, 0x00, 0x00, 0x00, 0x00, 0x00, 0x00, 0x00, 0x00, 0x00, 0x01, 0x00, 0x00, 0x01, 0x00, 0x00, 0x04, 0x00, 0x00, 0x04, 0x00,
0x00, 0x08, 0x00, 0x00, 0x0b, 0x00, 0x00, 0x0e, 0x00, 0x00, 0x11, 0x00, 0x00, 0x28, 0x00, 0x00, 0x45, 0x1c, 0x0c, 0x78, 0x3e, 0x27, 0x93, 0x59,
0x1f, 0xa1, 0x5c, 0x2c, 0xae, 0x69, 0x30, 0xb5, 0x79, 0x3a, 0xbf, 0x83, 0x34, 0x9e, 0x78, 0x2a, 0x94, 0x6e, 0x18, 0x2e, 0x2b, 0x00, 0x01, 0x00,
0x0a, 0x00, 0x00, 0x0a, 0x00, 0x00, 0x04, 0x00, 0x01, 0x04, 0x00, 0x01, 0x00, 0x00, 0x04, 0x00, 0x00, 0x05, 0x01, 0x00, 0x05, 0x02, 0x00, 0x06,
0x00, 0x00, 0x04, 0x00, 0x00, 0x04, 0x05, 0x00, 0x07, 0x05, 0x00, 0x07, 0x02, 0x00, 0x06, 0x01, 0x00, 0x05, 0x05, 0x00, 0x04, 0x04, 0x00, 0x03,
0x02, 0x00, 0x01, 0x02, 0x00, 0x01, 0x02, 0x00, 0x01, 0x02, 0x00, 0x01, 0x02, 0x00, 0x01, 0x02, 0x00, 0x01, 0x02, 0x00, 0x01, 0x02, 0x00, 0x01,
0x00, 0x00, 0x00, 0x00, 0x00, 0x00, 0x00, 0x00, 0x00, 0x00, 0x00, 0x00, 0x02, 0x00, 0x01, 0x02, 0x00, 0x01, 0x02, 0x00, 0x01, 0x02, 0x00, 0x01,
0x00, 0x00, 0x00, 0x00, 0x00, 0x00, 0x00, 0x00, 0x00, 0x00, 0x00, 0x00, 0x00, 0x00, 0x00, 0x00, 0x00, 0x00, 0x00, 0x00, 0x00, 0x00, 0x00, 0x00,
0x00, 0x00, 0x00, 0x00, 0x00, 0x00, 0x00, 0x00, 0x00, 0x00, 0x00, 0x00, 0x00, 0x00, 0x00, 0x00, 0x00, 0x00, 0x00, 0x00, 0x00, 0x00, 0x00, 0x00,
0x00, 0x00, 0x00, 0x00, 0x00, 0x00, 0x00, 0x00, 0x00, 0x00, 0x00, 0x00, 0x00, 0x00, 0x00, 0x00, 0x00, 0x00, 0x00, 0x00, 0x00, 0x00, 0x00, 0x00,
0x00, 0x00, 0x00, 0x00, 0x00, 0x00, 0x00, 0x00, 0x00, 0x00, 0x00, 0x00, 0x00, 0x00, 0x00, 0x00, 0x00, 0x00, 0x00, 0x00, 0x00, 0x00, 0x00, 0x00,
0x01, 0x01, 0x01, 0x01, 0x01, 0x01, 0x01, 0x01, 0x01, 0x01, 0x01, 0x01, 0x00, 0x00, 0x00, 0x00, 0x00, 0x00, 0x02, 0x02, 0x02, 0x01, 0x01, 0x01,
0x00, 0x00, 0x00, 0x00, 0x00, 0x00, 0x00, 0x00, 0x00, 0x00, 0x00, 0x00, 0x00, 0x01, 0x00, 0x00, 0x01, 0x00, 0x00, 0x05, 0x00, 0x00, 0x07, 0x00,
0x00, 0x09, 0x00, 0x00, 0x06, 0x00, 0x00, 0x13, 0x00, 0x10, 0x36, 0x1e, 0x14, 0x6a, 0x41, 0x35, 0x8b, 0x62, 0x35, 0xa1, 0x67, 0x33, 0x9f, 0x65,
0x23, 0xa5, 0x60, 0x24, 0xa6, 0x61, 0x1e, 0xa3, 0x67, 0x26, 0xab, 0x6f, 0x49, 0xb3, 0x8d, 0x2a, 0x94, 0x6e, 0x11, 0x27, 0x24, 0x00, 0x04, 0x01,
0x0c, 0x00, 0x02, 0x0b, 0x00, 0x01, 0x04, 0x00, 0x01, 0x04, 0x00, 0x01, 0x00, 0x00, 0x04, 0x00, 0x00, 0x04, 0x01, 0x00, 0x05, 0x01, 0x00, 0x05,
0x00, 0x00, 0x02, 0x05, 0x02, 0x09, 0x07, 0x00, 0x09, 0x06, 0x00, 0x08, 0x01, 0x00, 0x05, 0x01, 0x00, 0x05, 0x04, 0x00, 0x03, 0x04, 0x00, 0x03,
0x02, 0x00, 0x01, 0x02, 0x00, 0x01, 0x02, 0x00, 0x01, 0x02, 0x00, 0x01, 0x02, 0x00, 0x01, 0x02, 0x00, 0x01, 0x02, 0x00, 0x01, 0x02, 0x00, 0x01,
0x00, 0x00, 0x00, 0x00, 0x00, 0x00, 0x00, 0x00, 0x00, 0x00, 0x00, 0x00, 0x02, 0x00, 0x01, 0x02, 0x00, 0x01, 0x02, 0x00, 0x01, 0x02, 0x00, 0x01,
0x00, 0x00, 0x00, 0x00, 0x00, 0x00, 0x00, 0x00, 0x00, 0x00, 0x00, 0x00, 0x00, 0x00, 0x00, 0x00, 0x00, 0x00, 0x00, 0x00, 0x00, 0x00, 0x00, 0x00,
0x00, 0x00, 0x00, 0x00, 0x00, 0x00, 0x00, 0x00, 0x00, 0x00, 0x00, 0x00, 0x00, 0x00, 0x00, 0x00, 0x00, 0x00, 0x00, 0x00, 0x00, 0x00, 0x00, 0x00,
0x00, 0x00, 0x00, 0x00, 0x00, 0x00, 0x00, 0x00, 0x00, 0x00, 0x00, 0x00, 0x00, 0x00, 0x00, 0x00, 0x00, 0x00, 0x00, 0x00, 0x00, 0x00, 0x00, 0x00,
0x00, 0x00, 0x00, 0x00, 0x00, 0x00, 0x00, 0x00, 0x00, 0x00, 0x00, 0x00, 0x00, 0x00, 0x00, 0x00, 0x00, 0x00, 0x00, 0x00, 0x00, 0x01, 0x01, 0x01,
0x00, 0x00, 0x00, 0x08, 0x08, 0x08, 0x06, 0x06, 0x06, 0x00, 0x00, 0x00, 0x01, 0x01, 0x01, 0x05, 0x05, 0x05, 0x04, 0x04, 0x04, 0x03, 0x03, 0x03,
0x02, 0x02, 0x02, 0x01, 0x01, 0x01, 0x02, 0x00, 0x00, 0x02, 0x00, 0x00, 0x00, 0x03, 0x00, 0x00, 0x03, 0x00, 0x00, 0x09, 0x00, 0x00, 0x0a, 0x00,
0x00, 0x0d, 0x00, 0x00, 0x00, 0x00, 0x00, 0x27, 0x04, 0x2f, 0x6f, 0x4c, 0x24, 0xa2, 0x69, 0x31, 0xaf, 0x76, 0x1a, 0xac, 0x5e, 0x0a, 0x9c, 0x4e,
0x11, 0xa6, 0x4f, 0x1c, 0xb1, 0x5a, 0x1e, 0xab, 0x5e, 0x20, 0xad, 0x60, 0x35, 0xae, 0x7d, 0x20, 0x99, 0x68, 0x13, 0x29, 0x24, 0x00, 0x03, 0x00,
0x0c, 0x00, 0x02, 0x0b, 0x00, 0x01, 0x04, 0x00, 0x01, 0x04, 0x00, 0x01, 0x00, 0x00, 0x04, 0x00, 0x00, 0x04, 0x02, 0x00, 0x06, 0x03, 0x00, 0x07,
0x00, 0x00, 0x05, 0x02, 0x00, 0x07, 0x04, 0x00, 0x06, 0x04, 0x00, 0x06, 0x00, 0x00, 0x04, 0x00, 0x00, 0x04, 0x04, 0x00, 0x03, 0x04, 0x00, 0x03,
0x02, 0x00, 0x01, 0x02, 0x00, 0x01, 0x02, 0x00, 0x01, 0x02, 0x00, 0x01, 0x02, 0x00, 0x01, 0x02, 0x00, 0x01, 0x02, 0x00, 0x01, 0x02, 0x00, 0x01,
0x00, 0x00, 0x00, 0x00, 0x00, 0x00, 0x00, 0x00, 0x00, 0x00, 0x00, 0x00, 0x02, 0x00, 0x01, 0x02, 0x00, 0x01, 0x02, 0x00, 0x01, 0x02, 0x00, 0x01,
0x00, 0x00, 0x00, 0x00, 0x00, 0x00, 0x00, 0x00, 0x00, 0x00, 0x00, 0x00, 0x00, 0x00, 0x00, 0x00, 0x00, 0x00, 0x00, 0x00, 0x00, 0x00, 0x00, 0x00,
0x00, 0x00, 0x00, 0x00, 0x00, 0x00, 0x00, 0x00, 0x00, 0x00, 0x00, 0x00, 0x00, 0x00, 0x00, 0x00, 0x00, 0x00, 0x00, 0x00, 0x00, 0x00, 0x00, 0x00,
0x00, 0x00, 0x00, 0x00, 0x00, 0x00, 0x00, 0x00, 0x00, 0x00, 0x00, 0x00, 0x00, 0x00, 0x00, 0x00, 0x00, 0x00, 0x00, 0x00, 0x00, 0x00, 0x00, 0x00,
0x00, 0x00, 0x00, 0x00, 0x00, 0x00, 0x00, 0x00, 0x00, 0x00, 0x00, 0x00, 0x00, 0x00, 0x00, 0x00, 0x00, 0x00, 0x03, 0x03, 0x03, 0x08, 0x08, 0x08,
0x1d, 0x1d, 0x1d, 0x26, 0x26, 0x26, 0x26, 0x26, 0x26, 0x1d, 0x1d, 0x1d, 0x01, 0x01, 0x01, 0x00, 0x00, 0x00, 0x01, 0x01, 0x01, 0x08, 0x08, 0x08,
0x00, 0x00, 0x00, 0x00, 0x00, 0x00, 0x02, 0x00, 0x00, 0x02, 0x00, 0x00, 0x00, 0x03, 0x00, 0x00, 0x02, 0x00, 0x00, 0x09, 0x00, 0x00, 0x0c, 0x00,
0x00, 0x09, 0x00, 0x00, 0x1d, 0x05, 0x22, 0x62, 0x3f, 0x5b, 0x9b, 0x78, 0x2b, 0xa9, 0x70, 0x2a, 0xa8, 0x6f, 0x18, 0xaa, 0x5c, 0x0f, 0xa1, 0x53,
0x17, 0xac, 0x55, 0x23, 0xb8, 0x61, 0x27, 0xb4, 0x67, 0x23, 0xb0, 0x63, 0x2c, 0xa5, 0x74, 0x17, 0x90, 0x5f, 0x0a, 0x20, 0x1b, 0x00, 0x03, 0x00,
0x0b, 0x00, 0x01, 0x0b, 0x00, 0x01, 0x04, 0x00, 0x01, 0x04, 0x00, 0x01, 0x00, 0x00, 0x04, 0x00, 0x00, 0x04, 0x02, 0x00, 0x06, 0x03, 0x00, 0x07,
0x00, 0x00, 0x04, 0x02, 0x00, 0x07, 0x04, 0x00, 0x06, 0x04, 0x00, 0x06, 0x00, 0x00, 0x04, 0x00, 0x00, 0x04, 0x04, 0x00, 0x03, 0x04, 0x00, 0x03,
0x02, 0x00, 0x01, 0x02, 0x00, 0x01, 0x02, 0x00, 0x01, 0x02, 0x00, 0x01, 0x02, 0x00, 0x01, 0x02, 0x00, 0x01, 0x02, 0x00, 0x01, 0x02, 0x00, 0x01,
0x00, 0x00, 0x00, 0x00, 0x00, 0x00, 0x00, 0x00, 0x00, 0x00, 0x00, 0x00, 0x02, 0x00, 0x01, 0x02, 0x00, 0x01, 0x02, 0x00, 0x01, 0x02, 0x00, 0x01,
0x00, 0x00, 0x00, 0x00, 0x00, 0x00, 0x00, 0x00, 0x00, 0x00, 0x00, 0x00, 0x00, 0x00, 0x00, 0x00, 0x00, 0x00, 0x00, 0x00, 0x00, 0x00, 0x00, 0x00,
0x00, 0x00, 0x00, 0x00, 0x00, 0x00, 0x00, 0x00, 0x00, 0x00, 0x00, 0x00, 0x00, 0x00, 0x00, 0x00, 0x00, 0x00, 0x00, 0x00, 0x00, 0x00, 0x00, 0x00,
0x00, 0x00, 0x00, 0x00, 0x00, 0x00, 0x00, 0x00, 0x00, 0x00, 0x00, 0x00, 0x00, 0x00, 0x00, 0x00, 0x00, 0x00, 0x00, 0x00, 0x00, 0x00, 0x00, 0x00,
0x00, 0x00, 0x00, 0x00, 0x00, 0x01, 0x00, 0x00, 0x01, 0x00, 0x00, 0x01, 0x00, 0x00, 0x03, 0x00, 0x00, 0x03, 0x05, 0x03, 0x08, 0x0a, 0x08, 0x0d,
0x37, 0x38, 0x3d, 0x34, 0x35, 0x3a, 0x38, 0x39, 0x3e, 0x3d, 0x3e, 0x43, 0x1f, 0x20, 0x25, 0x03, 0x04, 0x09, 0x00, 0x00, 0x00, 0x02, 0x03, 0x08,
0x00, 0x00, 0x01, 0x00, 0x00, 0x03, 0x04, 0x00, 0x00, 0x05, 0x00, 0x01, 0x00, 0x03, 0x00, 0x00, 0x05, 0x00, 0x00, 0x0e, 0x00, 0x00, 0x10, 0x00,
0x00, 0x28, 0x02, 0x19, 0x5c, 0x36, 0x37, 0x9a, 0x68, 0x49, 0xac, 0x7a, 0x21, 0xae, 0x6a, 0x1e, 0xab, 0x67, 0x17, 0xaf, 0x57, 0x13, 0xab, 0x53,
0x1b, 0xb2, 0x4f, 0x25, 0xbc, 0x59, 0x31, 0xb7, 0x5f, 0x2f, 0xb5, 0x5d, 0x33, 0xaa, 0x77, 0x0b, 0x82, 0x4f, 0x00, 0x0d, 0x05, 0x00, 0x02, 0x00,
0x0a, 0x00, 0x00, 0x0a, 0x00, 0x00, 0x04, 0x00, 0x01, 0x04, 0x00, 0x01, 0x00, 0x00, 0x04, 0x00, 0x00, 0x04, 0x02, 0x00, 0x04, 0x03, 0x00, 0x05,
0x00, 0x00, 0x04, 0x02, 0x00, 0x06, 0x04, 0x00, 0x04, 0x04, 0x00, 0x04, 0x00, 0x00, 0x03, 0x00, 0x00, 0x03, 0x04, 0x00, 0x03, 0x04, 0x00, 0x03,
0x02, 0x00, 0x01, 0x02, 0x00, 0x01, 0x02, 0x00, 0x01, 0x02, 0x00, 0x01, 0x02, 0x00, 0x01, 0x02, 0x00, 0x01, 0x02, 0x00, 0x01, 0x02, 0x00, 0x01,
0x00, 0x00, 0x00, 0x00, 0x00, 0x00, 0x00, 0x00, 0x00, 0x00, 0x00, 0x00, 0x02, 0x00, 0x01, 0x02, 0x00, 0x01, 0x02, 0x00, 0x01, 0x02, 0x00, 0x01,
0x00, 0x00, 0x00, 0x00, 0x00, 0x00, 0x00, 0x00, 0x00, 0x00, 0x00, 0x00, 0x00, 0x00, 0x00, 0x00, 0x00, 0x00, 0x00, 0x00, 0x00, 0x00, 0x00, 0x00,
0x00, 0x00, 0x00, 0x00, 0x00, 0x00, 0x00, 0x00, 0x00, 0x00, 0x00, 0x00, 0x00, 0x00, 0x00, 0x00, 0x00, 0x00, 0x00, 0x00, 0x00, 0x00, 0x00, 0x00,
0x00, 0x00, 0x00, 0x00, 0x00, 0x00, 0x00, 0x00, 0x00, 0x00, 0x00, 0x00, 0x00, 0x00, 0x00, 0x00, 0x00, 0x00, 0x00, 0x00, 0x00, 0x00, 0x00, 0x00,
0x00, 0x00, 0x00, 0x00, 0x00, 0x01, 0x00, 0x00, 0x01, 0x00, 0x00, 0x01, 0x00, 0x00, 0x03, 0x00, 0x00, 0x03, 0x01, 0x00, 0x04, 0x02, 0x00, 0x05,
0x37, 0x38, 0x3d, 0x29, 0x2a, 0x2f, 0x29, 0x2a, 0x2f, 0x38, 0x39, 0x3e, 0x46, 0x47, 0x4c, 0x1b, 0x1c, 0x21, 0x00, 0x00, 0x00, 0x00, 0x00, 0x05,
0x00, 0x00, 0x03, 0x00, 0x00, 0x03, 0x04, 0x00, 0x00, 0x04, 0x00, 0x00, 0x03, 0x08, 0x01, 0x06, 0x0b, 0x04, 0x00, 0x10, 0x00, 0x00, 0x11, 0x00,
0x1e, 0x61, 0x3b, 0x59, 0x9c, 0x76, 0x48, 0xab, 0x79, 0x33, 0x96, 0x64, 0x1f, 0xac, 0x68, 0x1b, 0xa8, 0x64, 0x15, 0xad, 0x55, 0x17, 0xaf, 0x57,
0x25, 0xbc, 0x59, 0x28, 0xbf, 0x5c, 0x32, 0xb8, 0x60, 0x2b, 0xb1, 0x59, 0x2c, 0xa3, 0x70, 0x00, 0x61, 0x2e, 0x00, 0x04, 0x00, 0x00, 0x02, 0x00,
0x08, 0x00, 0x00, 0x0a, 0x00, 0x00, 0x04, 0x00, 0x01, 0x04, 0x00, 0x01, 0x00, 0x00, 0x04, 0x00, 0x00, 0x04, 0x02, 0x00, 0x04, 0x03, 0x00, 0x05,
0x02, 0x00, 0x06, 0x02, 0x00, 0x06, 0x04, 0x00, 0x04, 0x04, 0x00, 0x04, 0x00, 0x00, 0x03, 0x00, 0x00, 0x03, 0x04, 0x00, 0x03, 0x04, 0x00, 0x03,
0x02, 0x00, 0x01, 0x02, 0x00, 0x01, 0x02, 0x00, 0x01, 0x02, 0x00, 0x01, 0x02, 0x00, 0x01, 0x02, 0x00, 0x01, 0x02, 0x00, 0x01, 0x02, 0x00, 0x01,
0x00, 0x00, 0x00, 0x00, 0x00, 0x00, 0x00, 0x00, 0x00, 0x00, 0x00, 0x00, 0x02, 0x00, 0x01, 0x02, 0x00, 0x01, 0x02, 0x00, 0x01, 0x02, 0x00, 0x01,
0x00, 0x00, 0x00, 0x00, 0x00, 0x00, 0x00, 0x00, 0x00, 0x00, 0x00, 0x00, 0x00, 0x00, 0x00, 0x00, 0x00, 0x00, 0x00, 0x00, 0x00, 0x00, 0x00, 0x00,
0x00, 0x00, 0x00, 0x00, 0x00, 0x00, 0x00, 0x00, 0x00, 0x00, 0x00, 0x00, 0x00, 0x00, 0x00, 0x00, 0x00, 0x00, 0x00, 0x00, 0x00, 0x00, 0x00, 0x00,
0x00, 0x00, 0x00, 0x00, 0x00, 0x00, 0x00, 0x00, 0x00, 0x00, 0x00, 0x00, 0x00, 0x00, 0x00, 0x00, 0x00, 0x00, 0x00, 0x00, 0x01, 0x00, 0x00, 0x03,
0x00, 0x00, 0x03, 0x00, 0x00, 0x03, 0x00, 0x00, 0x03, 0x00, 0x00, 0x03, 0x00, 0x00, 0x04, 0x00, 0x00, 0x04, 0x01, 0x03, 0x0a, 0x06, 0x08, 0x0f,
0x1b, 0x1b, 0x22, 0x21, 0x21, 0x28, 0x26, 0x26, 0x2d, 0x2f, 0x2f, 0x36, 0x53, 0x53, 0x5a, 0x3d, 0x3d, 0x44, 0x1a, 0x1a, 0x21, 0x00, 0x00, 0x06,
0x00, 0x00, 0x07, 0x00, 0x00, 0x06, 0x00, 0x01, 0x01, 0x00, 0x00, 0x00, 0x0b, 0x0f, 0x01, 0x00, 0x00, 0x00, 0x00, 0x14, 0x00, 0x16, 0x47, 0x22,
0x29, 0x9b, 0x5d, 0x43, 0xb5, 0x77, 0x1f, 0xb4, 0x6a, 0x12, 0xa7, 0x5d, 0x06, 0xae, 0x56, 0x02, 0xaa, 0x52, 0x0d, 0xb6, 0x50, 0x18, 0xc1, 0x5b,
0x21, 0xc1, 0x58, 0x2b, 0xcb, 0x62, 0x24, 0xba, 0x60, 0x19, 0xaf, 0x55, 0x34, 0x7d, 0x54, 0x00, 0x32, 0x09, 0x00, 0x06, 0x00, 0x00, 0x01, 0x00,
0x01, 0x01, 0x01, 0x00, 0x00, 0x00, 0x02, 0x00, 0x01, 0x02, 0x00, 0x01, 0x04, 0x00, 0x03, 0x04, 0x00, 0x03, 0x06, 0x00, 0x03, 0x07, 0x00, 0x04,
0x06, 0x00, 0x03, 0x06, 0x00, 0x03, 0x06, 0x00, 0x03, 0x06, 0x00, 0x03, 0x04, 0x00, 0x04, 0x04, 0x00, 0x04, 0x04, 0x00, 0x03, 0x04, 0x00, 0x03,
0x02, 0x00, 0x01, 0x02, 0x00, 0x01, 0x02, 0x00, 0x01, 0x02, 0x00, 0x01, 0x02, 0x00, 0x01, 0x02, 0x00, 0x01, 0x02, 0x00, 0x01, 0x02, 0x00, 0x01,
0x02, 0x00, 0x01, 0x02, 0x00, 0x01, 0x02, 0x00, 0x01, 0x02, 0x00, 0x01, 0x02, 0x00, 0x01, 0x02, 0x00, 0x01, 0x00, 0x00, 0x00, 0x00, 0x00, 0x00,
0x00, 0x00, 0x00, 0x00, 0x00, 0x00, 0x00, 0x00, 0x00, 0x00, 0x00, 0x00, 0x00, 0x00, 0x00, 0x00, 0x00, 0x00, 0x00, 0x00, 0x00, 0x00, 0x00, 0x00,
0x00, 0x00, 0x00, 0x00, 0x00, 0x00, 0x00, 0x00, 0x00, 0x00, 0x00, 0x00, 0x00, 0x00, 0x00, 0x00, 0x00, 0x00, 0x00, 0x00, 0x00, 0x00, 0x00, 0x00,
0x00, 0x00, 0x00, 0x00, 0x00, 0x00, 0x00, 0x00, 0x00, 0x00, 0x00, 0x00, 0x00, 0x00, 0x00, 0x00, 0x00, 0x00, 0x00, 0x00, 0x01, 0x00, 0x00, 0x03,
0x00, 0x00, 0x03, 0x00, 0x00, 0x03, 0x00, 0x00, 0x03, 0x00, 0x00, 0x03, 0x00, 0x00, 0x04, 0x00, 0x00, 0x04, 0x00, 0x00, 0x07, 0x01, 0x03, 0x0a,
0x0a, 0x0a, 0x11, 0x0e, 0x0e, 0x15, 0x14, 0x14, 0x1b, 0x1c, 0x1c, 0x23, 0x3e, 0x3e, 0x45, 0x58, 0x58, 0x5f, 0x3d, 0x3d, 0x44, 0x03, 0x03, 0x0a,
0x00, 0x02, 0x09, 0x00, 0x00, 0x06, 0x00, 0x00, 0x00, 0x00, 0x00, 0x00, 0x01, 0x05, 0x00, 0x00, 0x00, 0x00, 0x00, 0x2e, 0x09, 0x58, 0x89, 0x64,
0x38, 0xaa, 0x6c, 0x3b, 0xad, 0x6f, 0x19, 0xae, 0x64, 0x14, 0xa9, 0x5f, 0x07, 0xaf, 0x57, 0x07, 0xaf, 0x57, 0x18, 0xc1, 0x5b, 0x21, 0xca, 0x64,
0x20, 0xc0, 0x57, 0x1f, 0xbf, 0x56, 0x23, 0xb9, 0x5f, 0x1a, 0xb0, 0x56, 0x2a, 0x73, 0x4a, 0x00, 0x27, 0x00, 0x00, 0x03, 0x00, 0x00, 0x03, 0x00,
0x01, 0x01, 0x01, 0x00, 0x00, 0x00, 0x02, 0x00, 0x01, 0x02, 0x00, 0x01, 0x04, 0x00, 0x03, 0x04, 0x00, 0x03, 0x06, 0x00, 0x03, 0x06, 0x00, 0x03,
0x06, 0x00, 0x03, 0x06, 0x00, 0x03, 0x06, 0x00, 0x03, 0x06, 0x00, 0x03, 0x04, 0x00, 0x04, 0x04, 0x00, 0x04, 0x04, 0x00, 0x03, 0x04, 0x00, 0x03,
0x02, 0x00, 0x01, 0x02, 0x00, 0x01, 0x02, 0x00, 0x01, 0x02, 0x00, 0x01, 0x02, 0x00, 0x01, 0x02, 0x00, 0x01, 0x02, 0x00, 0x01, 0x02, 0x00, 0x01,
0x02, 0x00, 0x01, 0x02, 0x00, 0x01, 0x02, 0x00, 0x01, 0x02, 0x00, 0x01, 0x02, 0x00, 0x01, 0x02, 0x00, 0x01, 0x00, 0x00, 0x00, 0x00, 0x00, 0x00,
0x00, 0x00, 0x00, 0x00, 0x00, 0x00, 0x00, 0x00, 0x00, 0x00, 0x00, 0x00, 0x00, 0x00, 0x00, 0x00, 0x00, 0x00, 0x00, 0x00, 0x00, 0x00, 0x00, 0x00,
0x00, 0x00, 0x00, 0x00, 0x00, 0x00, 0x00, 0x00, 0x00, 0x00, 0x00, 0x00, 0x00, 0x00, 0x00, 0x00, 0x00, 0x00, 0x00, 0x00, 0x00, 0x00, 0x00, 0x00,
0x00, 0x00, 0x00, 0x00, 0x00, 0x00, 0x00, 0x00, 0x00, 0x00, 0x00, 0x00, 0x00, 0x00, 0x00, 0x00, 0x00, 0x00, 0x00, 0x00, 0x00, 0x00, 0x00, 0x01,
0x00, 0x00, 0x01, 0x00, 0x00, 0x01, 0x00, 0x00, 0x03, 0x00, 0x00, 0x03, 0x00, 0x00, 0x04, 0x00, 0x00, 0x04, 0x00, 0x00, 0x05, 0x00, 0x00, 0x04,
0x00, 0x00, 0x05, 0x00, 0x01, 0x08, 0x01, 0x03, 0x0a, 0x03, 0x05, 0x0c, 0x1d, 0x1f, 0x26, 0x4c, 0x4e, 0x55, 0x58, 0x5a, 0x61, 0x34, 0x36, 0x3d,
0x04, 0x06, 0x0d, 0x00, 0x00, 0x00, 0x00, 0x00, 0x00, 0x00, 0x00, 0x00, 0x00, 0x09, 0x00, 0x00, 0x29, 0x0e, 0x12, 0x77, 0x3e, 0x43, 0xa8, 0x6f,
0x09, 0xa9, 0x54, 0x00, 0x9e, 0x49, 0x02, 0xb6, 0x52, 0x11, 0xc5, 0x61, 0x04, 0xc0, 0x57, 0x04, 0xc0, 0x57, 0x16, 0xce, 0x5e, 0x14, 0xcc, 0x5c,
0x1d, 0xbc, 0x55, 0x19, 0xb8, 0x51, 0x3f, 0xb2, 0x64, 0x38, 0xab, 0x5d, 0x22, 0x52, 0x2f, 0x00, 0x14, 0x00, 0x00, 0x02, 0x00, 0x00, 0x04, 0x00,
0x01, 0x01, 0x01, 0x00, 0x00, 0x00, 0x02, 0x00, 0x01, 0x02, 0x00, 0x01, 0x04, 0x00, 0x01, 0x04, 0x00, 0x01, 0x04, 0x00, 0x01, 0x04, 0x00, 0x01,
0x04, 0x00, 0x01, 0x04, 0x00, 0x01, 0x04, 0x00, 0x01, 0x04, 0x00, 0x01, 0x04, 0x00, 0x03, 0x04, 0x00, 0x03, 0x04, 0x00, 0x03, 0x04, 0x00, 0x03,
0x02, 0x00, 0x01, 0x02, 0x00, 0x01, 0x02, 0x00, 0x01, 0x02, 0x00, 0x01, 0x02, 0x00, 0x01, 0x02, 0x00, 0x01, 0x02, 0x00, 0x01, 0x02, 0x00, 0x01,
0x02, 0x00, 0x01, 0x02, 0x00, 0x01, 0x02, 0x00, 0x01, 0x02, 0x00, 0x01, 0x02, 0x00, 0x01, 0x02, 0x00, 0x01, 0x00, 0x00, 0x00, 0x00, 0x00, 0x00,
0x00, 0x00, 0x00, 0x00, 0x00, 0x00, 0x00, 0x00, 0x00, 0x00, 0x00, 0x00, 0x00, 0x00, 0x00, 0x00, 0x00, 0x00, 0x00, 0x00, 0x00, 0x00, 0x00, 0x00,
0x00, 0x00, 0x00, 0x00, 0x00, 0x00, 0x00, 0x00, 0x00, 0x00, 0x00, 0x00, 0x00, 0x00, 0x00, 0x00, 0x00, 0x00, 0x00, 0x00, 0x00, 0x00, 0x00, 0x00,
0x00, 0x00, 0x00, 0x00, 0x00, 0x00, 0x00, 0x00, 0x00, 0x00, 0x00, 0x00, 0x00, 0x00, 0x00, 0x00, 0x00, 0x00, 0x00, 0x00, 0x01, 0x00, 0x00, 0x01,
0x00, 0x00, 0x01, 0x00, 0x00, 0x01, 0x00, 0x00, 0x03, 0x00, 0x00, 0x03, 0x00, 0x00, 0x04, 0x00, 0x00, 0x04, 0x00, 0x00, 0x04, 0x00, 0x00, 0x02,
0x00, 0x00, 0x05, 0x00, 0x00, 0x07, 0x00, 0x01, 0x08, 0x00, 0x00, 0x06, 0x05, 0x07, 0x0e, 0x22, 0x24, 0x2b, 0x4d, 0x4f, 0x56, 0x5c, 0x5e, 0x65,
0x0e, 0x10, 0x17, 0x00, 0x00, 0x00, 0x00, 0x05, 0x03, 0x01, 0x06, 0x04, 0x00, 0x0e, 0x00, 0x1c, 0x45, 0x2a, 0x3e, 0xa3, 0x6a, 0x4d, 0xb2, 0x79,
0x14, 0xb4, 0x5f, 0x09, 0xa9, 0x54, 0x05, 0xb9, 0x55, 0x10, 0xc4, 0x60, 0x08, 0xc4, 0x5b, 0x06, 0xc2, 0x59, 0x1a, 0xd2, 0x62, 0x14, 0xcc, 0x5c,
0x21, 0xc0, 0x59, 0x21, 0xc0, 0x59, 0x3b, 0xae, 0x60, 0x17, 0x8a, 0x3c, 0x00, 0x22, 0x00, 0x00, 0x0b, 0x00, 0x00, 0x04, 0x00, 0x00, 0x03, 0x00,
0x00, 0x00, 0x00, 0x00, 0x00, 0x00, 0x02, 0x00, 0x01, 0x02, 0x00, 0x01, 0x04, 0x00, 0x01, 0x04, 0x00, 0x01, 0x04, 0x00, 0x01, 0x04, 0x00, 0x01,
0x04, 0x00, 0x01, 0x04, 0x00, 0x01, 0x04, 0x00, 0x01, 0x04, 0x00, 0x01, 0x04, 0x00, 0x03, 0x04, 0x00, 0x03, 0x04, 0x00, 0x03, 0x04, 0x00, 0x03,
0x02, 0x00, 0x01, 0x02, 0x00, 0x01, 0x02, 0x00, 0x01, 0x02, 0x00, 0x01, 0x02, 0x00, 0x01, 0x02, 0x00, 0x01, 0x02, 0x00, 0x01, 0x02, 0x00, 0x01,
0x02, 0x00, 0x01, 0x02, 0x00, 0x01, 0x02, 0x00, 0x01, 0x02, 0x00, 0x01, 0x02, 0x00, 0x01, 0x02, 0x00, 0x01, 0x00, 0x00, 0x00, 0x00, 0x00, 0x00,
0x00, 0x00, 0x00, 0x00, 0x00, 0x00, 0x00, 0x00, 0x00, 0x00, 0x00, 0x00, 0x00, 0x00, 0x00, 0x00, 0x00, 0x00, 0x00, 0x00, 0x00, 0x00, 0x00, 0x00,
0x00, 0x00, 0x00, 0x00, 0x00, 0x00, 0x00, 0x00, 0x00, 0x00, 0x00, 0x00, 0x00, 0x00, 0x00, 0x00, 0x00, 0x00, 0x00, 0x00, 0x00, 0x00, 0x00, 0x00,
0x00, 0x00, 0x00, 0x00, 0x00, 0x00, 0x00, 0x00, 0x00, 0x00, 0x00, 0x00, 0x00, 0x00, 0x00, 0x00, 0x01, 0x01, 0x00, 0x00, 0x01, 0x00, 0x00, 0x02,
0x00, 0x00, 0x04, 0x00, 0x00, 0x03, 0x00, 0x00, 0x03, 0x00, 0x00, 0x03, 0x00, 0x00, 0x04, 0x00, 0x00, 0x04, 0x00, 0x00, 0x04, 0x00, 0x00, 0x04,
0x00, 0x00, 0x04, 0x00, 0x00, 0x05, 0x00, 0x00, 0x06, 0x00, 0x00, 0x04, 0x00, 0x01, 0x08, 0x0d, 0x0f, 0x16, 0x2a, 0x2c, 0x33, 0x45, 0x47, 0x4e,
0x3e, 0x40, 0x47, 0x05, 0x07, 0x0e, 0x01, 0x04, 0x09, 0x00, 0x00, 0x00, 0x00, 0x26, 0x00, 0x0b, 0x6c, 0x38, 0x26, 0xc1, 0x6d, 0x24, 0xbf, 0x6b,
0x0d, 0xc4, 0x57, 0x10, 0xc7, 0x5a, 0x14, 0xc3, 0x52, 0x15, 0xc4, 0x53, 0x15, 0xc5, 0x57, 0x19, 0xc9, 0x5b, 0x11, 0xcb, 0x60, 0x0c, 0xc6, 0x5b,
0x29, 0xb9, 0x63, 0x27, 0xb7, 0x61, 0x5b, 0x99, 0x67, 0x0c, 0x4a, 0x18, 0x00, 0x04, 0x00, 0x00, 0x05, 0x00, 0x00, 0x01, 0x00, 0x00, 0x00, 0x00,
0x00, 0x00, 0x00, 0x00, 0x00, 0x00, 0x02, 0x00, 0x00, 0x02, 0x00, 0x00, 0x02, 0x00, 0x00, 0x02, 0x00, 0x00, 0x02, 0x00, 0x00, 0x02, 0x00, 0x00,
0x02, 0x00, 0x00, 0x02, 0x00, 0x00, 0x02, 0x00, 0x01, 0x02, 0x00, 0x01, 0x04, 0x00, 0x03, 0x04, 0x00, 0x03, 0x04, 0x00, 0x03, 0x04, 0x00, 0x03,
0x02, 0x00, 0x01, 0x02, 0x00, 0x01, 0x02, 0x00, 0x01, 0x02, 0x00, 0x01, 0x02, 0x00, 0x01, 0x02, 0x00, 0x01, 0x02, 0x00, 0x01, 0x02, 0x00, 0x01,
0x02, 0x00, 0x01, 0x02, 0x00, 0x01, 0x02, 0x00, 0x01, 0x02, 0x00, 0x01, 0x02, 0x00, 0x01, 0x02, 0x00, 0x01, 0x00, 0x00, 0x00, 0x00, 0x00, 0x00,
0x00, 0x00, 0x00, 0x00, 0x00, 0x00, 0x00, 0x00, 0x00, 0x00, 0x00, 0x00, 0x00, 0x00, 0x00, 0x00, 0x00, 0x00, 0x00, 0x00, 0x00, 0x00, 0x00, 0x00,
0x00, 0x00, 0x00, 0x00, 0x00, 0x00, 0x00, 0x00, 0x00, 0x00, 0x00, 0x00, 0x00, 0x00, 0x00, 0x01, 0x01, 0x00, 0x03, 0x01, 0x00, 0x03, 0x01, 0x00,
0x01, 0x01, 0x00, 0x01, 0x01, 0x00, 0x00, 0x01, 0x00, 0x00, 0x00, 0x00, 0x00, 0x02, 0x02, 0x00, 0x01, 0x01, 0x00, 0x00, 0x02, 0x00, 0x02, 0x04,
0x00, 0x00, 0x05, 0x00, 0x00, 0x05, 0x00, 0x00, 0x05, 0x00, 0x00, 0x04, 0x00, 0x00, 0x04, 0x00, 0x00, 0x04, 0x00, 0x00, 0x04, 0x00, 0x00, 0x04,
0x00, 0x00, 0x05, 0x00, 0x00, 0x05, 0x00, 0x00, 0x05, 0x00, 0x00, 0x06, 0x00, 0x00, 0x04, 0x00, 0x01, 0x08, 0x16, 0x18, 0x1f, 0x32, 0x34, 0x3b,
0x5c, 0x5e, 0x65, 0x23, 0x25, 0x2c, 0x00, 0x02, 0x07, 0x00, 0x00, 0x00, 0x00, 0x43, 0x0f, 0x2b, 0x8c, 0x58, 0x24, 0xbf, 0x6b, 0x1a, 0xb5, 0x61,
0x06, 0xbd, 0x50, 0x0a, 0xc1, 0x54, 0x11, 0xc0, 0x4f, 0x19, 0xc8, 0x57, 0x13, 0xc3, 0x55, 0x22, 0xd2, 0x64, 0x0f, 0xc9, 0x5e, 0x05, 0xbf, 0x54,
0x1c, 0xac, 0x56, 0x24, 0xb4, 0x5e, 0x37, 0x75, 0x43, 0x00, 0x1a, 0x00, 0x00, 0x08, 0x00, 0x00, 0x0a, 0x00, 0x00, 0x00, 0x00, 0x00, 0x00, 0x00,
0x00, 0x00, 0x00, 0x00, 0x00, 0x00, 0x02, 0x00, 0x00, 0x02, 0x00, 0x00, 0x02, 0x00, 0x00, 0x02, 0x00, 0x00, 0x02, 0x00, 0x00, 0x02, 0x00, 0x00,
0x02, 0x00, 0x00, 0x02, 0x00, 0x00, 0x02, 0x00, 0x01, 0x02, 0x00, 0x01, 0x04, 0x00, 0x03, 0x04, 0x00, 0x03, 0x04, 0x00, 0x03, 0x04, 0x00, 0x03,
0x02, 0x00, 0x01, 0x02, 0x00, 0x01, 0x02, 0x00, 0x01, 0x02, 0x00, 0x01, 0x02, 0x00, 0x01, 0x02, 0x00, 0x01, 0x02, 0x00, 0x01, 0x02, 0x00, 0x01,
0x02, 0x00, 0x01, 0x02, 0x00, 0x01, 0x02, 0x00, 0x01, 0x02, 0x00, 0x01, 0x02, 0x00, 0x01, 0x02, 0x00, 0x01, 0x00, 0x00, 0x00, 0x00, 0x00, 0x00,
0x00, 0x00, 0x00, 0x00, 0x00, 0x00, 0x00, 0x00, 0x00, 0x00, 0x00, 0x00, 0x00, 0x00, 0x00, 0x00, 0x00, 0x00, 0x00, 0x00, 0x00, 0x00, 0x00, 0x00,
0x00, 0x00, 0x00, 0x00, 0x00, 0x00, 0x00, 0x00, 0x00, 0x00, 0x00, 0x00, 0x01, 0x01, 0x00, 0x01, 0x01, 0x00, 0x01, 0x01, 0x00, 0x01, 0x01, 0x00,
0x00, 0x01, 0x00, 0x00, 0x01, 0x00, 0x00, 0x01, 0x01, 0x00, 0x00, 0x00, 0x00, 0x03, 0x07, 0x00, 0x03, 0x07, 0x00, 0x01, 0x0c, 0x00, 0x01, 0x0c,
0x00, 0x00, 0x0f, 0x00, 0x00, 0x10, 0x00, 0x00, 0x0d, 0x00, 0x00, 0x0a, 0x00, 0x00, 0x09, 0x00, 0x00, 0x08, 0x00, 0x00, 0x08, 0x00, 0x00, 0x08,
0x00, 0x00, 0x0a, 0x00, 0x00, 0x0a, 0x00, 0x00, 0x0a, 0x00, 0x00, 0x0b, 0x00, 0x00, 0x09, 0x00, 0x00, 0x0b, 0x0a, 0x0b, 0x15, 0x1c, 0x1d, 0x27,
0x4b, 0x4b, 0x59, 0x45, 0x45, 0x53, 0x03, 0x09, 0x12, 0x00, 0x00, 0x08, 0x00, 0x7c, 0x30, 0x23, 0xa9, 0x5d, 0x03, 0xbb, 0x50, 0x05, 0xbd, 0x52,
0x03, 0xbe, 0x4a, 0x0a, 0xc5, 0x51, 0x23, 0xc3, 0x5a, 0x22, 0xc2, 0x59, 0x25, 0xc1, 0x56, 0x2c, 0xc8, 0x5d, 0x20, 0xc0, 0x64, 0x1c, 0xbc, 0x60,
0x42, 0xab, 0x72, 0x12, 0x7b, 0x42, 0x0a, 0x21, 0x0c, 0x00, 0x00, 0x00, 0x00, 0x03, 0x03, 0x00, 0x02, 0x02, 0x00, 0x00, 0x07, 0x00, 0x00, 0x07,
0x00, 0x00, 0x05, 0x00, 0x00, 0x05, 0x00, 0x00, 0x03, 0x01, 0x00, 0x04, 0x00, 0x00, 0x01, 0x00, 0x00, 0x01, 0x00, 0x00, 0x01, 0x00, 0x00, 0x01,
0x00, 0x00, 0x00, 0x00, 0x00, 0x00, 0x02, 0x00, 0x01, 0x02, 0x00, 0x01, 0x04, 0x00, 0x03, 0x04, 0x00, 0x03, 0x04, 0x00, 0x03, 0x04, 0x00, 0x03,
0x02, 0x00, 0x01, 0x02, 0x00, 0x01, 0x02, 0x00, 0x01, 0x02, 0x00, 0x01, 0x02, 0x00, 0x01, 0x02, 0x00, 0x01, 0x02, 0x00, 0x01, 0x02, 0x00, 0x01,
0x02, 0x00, 0x01, 0x02, 0x00, 0x01, 0x02, 0x00, 0x01, 0x02, 0x00, 0x01, 0x02, 0x00, 0x01, 0x02, 0x00, 0x01, 0x00, 0x00, 0x00, 0x00, 0x00, 0x00,
0x00, 0x00, 0x00, 0x00, 0x00, 0x00, 0x00, 0x00, 0x00, 0x00, 0x00, 0x00, 0x00, 0x00, 0x00, 0x00, 0x00, 0x00, 0x00, 0x00, 0x00, 0x00, 0x00, 0x00,
0x00, 0x00, 0x00, 0x00, 0x00, 0x00, 0x00, 0x00, 0x00, 0x00, 0x00, 0x00, 0x01, 0x01, 0x00, 0x02, 0x02, 0x00, 0x01, 0x01, 0x00, 0x01, 0x01, 0x00,
0x00, 0x01, 0x00, 0x00, 0x02, 0x00, 0x00, 0x01, 0x01, 0x00, 0x02, 0x02, 0x00, 0x08, 0x0c, 0x04, 0x0c, 0x10, 0x06, 0x0b, 0x16, 0x01, 0x06, 0x11,
0x00, 0x04, 0x14, 0x00, 0x04, 0x14, 0x01, 0x04, 0x11, 0x02, 0x05, 0x12, 0x00, 0x01, 0x0c, 0x00, 0x00, 0x0b, 0x00, 0x00, 0x0b, 0x00, 0x00, 0x0b,
0x01, 0x00, 0x0b, 0x02, 0x00, 0x0c, 0x00, 0x00, 0x0c, 0x03, 0x03, 0x0f, 0x00, 0x00, 0x0b, 0x00, 0x00, 0x0a, 0x00, 0x00, 0x0a, 0x0a, 0x0b, 0x15,
0x21, 0x21, 0x2f, 0x60, 0x60, 0x6e, 0x1e, 0x24, 0x2d, 0x04, 0x0a, 0x13, 0x14, 0x9a, 0x4e, 0x2b, 0xb1, 0x65, 0x00, 0xb2, 0x47, 0x00, 0xb6, 0x4b,
0x00, 0xbb, 0x47, 0x12, 0xcd, 0x59, 0x31, 0xd1, 0x68, 0x22, 0xc2, 0x59, 0x24, 0xc0, 0x55, 0x28, 0xc4, 0x59, 0x24, 0xc4, 0x68, 0x0f, 0xaf, 0x53,
0x2d, 0x96, 0x5d, 0x00, 0x44, 0x0b, 0x00, 0x00, 0x00, 0x00, 0x0b, 0x00, 0x00, 0x07, 0x07, 0x00, 0x04, 0x04, 0x00, 0x00, 0x07, 0x00, 0x00, 0x08,
0x00, 0x00, 0x07, 0x00, 0x00, 0x07, 0x01, 0x00, 0x04, 0x02, 0x00, 0x05, 0x00, 0x00, 0x01, 0x00, 0x00, 0x01, 0x00, 0x00, 0x01, 0x00, 0x00, 0x01,
0x00, 0x00, 0x00, 0x00, 0x00, 0x00, 0x02, 0x00, 0x01, 0x02, 0x00, 0x01, 0x04, 0x00, 0x03, 0x04, 0x00, 0x03, 0x04, 0x00, 0x03, 0x04, 0x00, 0x03,
0x02, 0x00, 0x01, 0x02, 0x00, 0x01, 0x02, 0x00, 0x01, 0x02, 0x00, 0x01, 0x02, 0x00, 0x01, 0x02, 0x00, 0x01, 0x02, 0x00, 0x01, 0x02, 0x00, 0x01,
0x02, 0x00, 0x01, 0x02, 0x00, 0x01, 0x02, 0x00, 0x01, 0x02, 0x00, 0x01, 0x02, 0x00, 0x01, 0x02, 0x00, 0x01, 0x00, 0x00, 0x00, 0x00, 0x00, 0x00,
0x00, 0x00, 0x00, 0x00, 0x00, 0x00, 0x00, 0x00, 0x00, 0x00, 0x00, 0x00, 0x00, 0x00, 0x00, 0x00, 0x00, 0x00, 0x00, 0x00, 0x00, 0x00, 0x00, 0x00,
0x00, 0x00, 0x00, 0x00, 0x00, 0x00, 0x00, 0x00, 0x00, 0x00, 0x00, 0x00, 0x02, 0x02, 0x02, 0x02, 0x02, 0x02, 0x00, 0x02, 0x04, 0x00, 0x01, 0x03,
0x00, 0x01, 0x07, 0x00, 0x00, 0x06, 0x00, 0x02, 0x0d, 0x00, 0x06, 0x11, 0x00, 0x06, 0x17, 0x04, 0x0c, 0x1d, 0x03, 0x06, 0x2b, 0x03, 0x06, 0x2b,
0x02, 0x01, 0x32, 0x01, 0x00, 0x31, 0x03, 0x07, 0x29, 0x00, 0x00, 0x21, 0x00, 0x00, 0x1b, 0x00, 0x00, 0x19, 0x00, 0x01, 0x0e, 0x00, 0x02, 0x0f,
0x00, 0x00, 0x12, 0x00, 0x00, 0x12, 0x01, 0x00, 0x12, 0x01, 0x00, 0x12, 0x01, 0x00, 0x12, 0x00, 0x00, 0x10, 0x00, 0x00, 0x08, 0x00, 0x00, 0x08,
0x08, 0x0a, 0x1a, 0x42, 0x44, 0x54, 0x3c, 0x49, 0x51, 0x05, 0x12, 0x1a, 0x23, 0x89, 0x52, 0x2f, 0x95, 0x5e, 0x0c, 0xa7, 0x4c, 0x14, 0xaf, 0x54,
0x14, 0xb4, 0x51, 0x1a, 0xba, 0x57, 0x35, 0xb8, 0x6a, 0x32, 0xb5, 0x67, 0x3b, 0xb3, 0x5c, 0x41, 0xb9, 0x62, 0x59, 0xb1, 0x76, 0x27, 0x7f, 0x44,
0x00, 0x23, 0x10, 0x00, 0x0a, 0x00, 0x00, 0x02, 0x06, 0x00, 0x00, 0x00, 0x00, 0x02, 0x08, 0x00, 0x00, 0x01, 0x00, 0x00, 0x09, 0x00, 0x00, 0x0c,
0x00, 0x00, 0x09, 0x00, 0x00, 0x09, 0x01, 0x06, 0x06, 0x00, 0x02, 0x02, 0x00, 0x04, 0x00, 0x00, 0x02, 0x00, 0x00, 0x02, 0x00, 0x00, 0x02, 0x00,
0x00, 0x02, 0x00, 0x01, 0x03, 0x00, 0x03, 0x01, 0x00, 0x02, 0x00, 0x00, 0x04, 0x00, 0x03, 0x04, 0x00, 0x03, 0x04, 0x00, 0x03, 0x04, 0x00, 0x03,
0x02, 0x00, 0x01, 0x02, 0x00, 0x01, 0x02, 0x00, 0x01, 0x02, 0x00, 0x01, 0x02, 0x00, 0x01, 0x02, 0x00, 0x01, 0x02, 0x00, 0x01, 0x02, 0x00, 0x01,
0x02, 0x00, 0x01, 0x02, 0x00, 0x01, 0x02, 0x00, 0x01, 0x02, 0x00, 0x01, 0x02, 0x00, 0x01, 0x02, 0x00, 0x01, 0x00, 0x00, 0x00, 0x00, 0x00, 0x00,
0x00, 0x00, 0x00, 0x00, 0x00, 0x00, 0x00, 0x00, 0x00, 0x00, 0x00, 0x00, 0x00, 0x00, 0x00, 0x00, 0x00, 0x00, 0x00, 0x00, 0x00, 0x00, 0x00, 0x00,
0x00, 0x00, 0x00, 0x00, 0x00, 0x00, 0x00, 0x00, 0x00, 0x00, 0x00, 0x00, 0x02, 0x02, 0x02, 0x03, 0x03, 0x03, 0x00, 0x02, 0x04, 0x00, 0x01, 0x03,
0x00, 0x02, 0x08, 0x00, 0x03, 0x09, 0x00, 0x02, 0x0d, 0x00, 0x02, 0x0d, 0x00, 0x04, 0x15, 0x02, 0x0a, 0x1b, 0x01, 0x04, 0x29, 0x00, 0x00, 0x17,
0x00, 0x00, 0x22, 0x02, 0x01, 0x32, 0x00, 0x00, 0x1d, 0x00, 0x00, 0x13, 0x00, 0x01, 0x1c, 0x00, 0x02, 0x1d, 0x00, 0x05, 0x12, 0x00, 0x04, 0x11,
0x00, 0x00, 0x12, 0x00, 0x00, 0x11, 0x00, 0x00, 0x10, 0x00, 0x00, 0x11, 0x00, 0x00, 0x11, 0x03, 0x01, 0x14, 0x05, 0x04, 0x15, 0x05, 0x04, 0x15,
0x00, 0x00, 0x0d, 0x0b, 0x0d, 0x1d, 0x48, 0x55, 0x5d, 0x35, 0x42, 0x4a, 0x1e, 0x84, 0x4d, 0x23, 0x89, 0x52, 0x06, 0xa1, 0x46, 0x0c, 0xa7, 0x4c,
0x0c, 0xac, 0x49, 0x14, 0xb4, 0x51, 0x2a, 0xad, 0x5f, 0x2b, 0xae, 0x60, 0x3b, 0xb3, 0x5c, 0x42, 0xba, 0x63, 0x33, 0x8b, 0x50, 0x00, 0x38, 0x00,
0x00, 0x00, 0x00, 0x00, 0x05, 0x00, 0x00, 0x00, 0x04, 0x00, 0x00, 0x00, 0x00, 0x00, 0x00, 0x00, 0x00, 0x00, 0x00, 0x00, 0x0c, 0x00, 0x00, 0x0b,
0x00, 0x01, 0x0a, 0x00, 0x00, 0x04, 0x00, 0x00, 0x00, 0x00, 0x00, 0x00, 0x00, 0x04, 0x00, 0x00, 0x04, 0x00, 0x00, 0x05, 0x00, 0x00, 0x05, 0x00,
0x01, 0x03, 0x00, 0x01, 0x03, 0x00, 0x03, 0x01, 0x00, 0x03, 0x01, 0x00, 0x04, 0x00, 0x03, 0x04, 0x00, 0x03, 0x04, 0x00, 0x03, 0x04, 0x00, 0x03,
0x02, 0x00, 0x01, 0x02, 0x00, 0x01, 0x02, 0x00, 0x01, 0x02, 0x00, 0x01, 0x02, 0x00, 0x01, 0x02, 0x00, 0x01, 0x02, 0x00, 0x01, 0x02, 0x00, 0x01,
0x02, 0x00, 0x01, 0x02, 0x00, 0x01, 0x02, 0x00, 0x01, 0x02, 0x00, 0x01, 0x02, 0x00, 0x01, 0x02, 0x00, 0x01, 0x00, 0x00, 0x00, 0x00, 0x00, 0x00,
0x00, 0x00, 0x00, 0x00, 0x00, 0x00, 0x00, 0x00, 0x00, 0x00, 0x00, 0x00, 0x00, 0x00, 0x00, 0x00, 0x00, 0x00, 0x00, 0x00, 0x00, 0x00, 0x00, 0x00,
0x00, 0x00, 0x00, 0x00, 0x00, 0x00, 0x00, 0x00, 0x00, 0x00, 0x00, 0x00, 0x00, 0x00, 0x06, 0x00, 0x00, 0x07, 0x00, 0x00, 0x0a, 0x00, 0x00, 0x0a,
0x00, 0x01, 0x16, 0x00, 0x03, 0x18, 0x00, 0x00, 0x1e, 0x00, 0x00, 0x1c, 0x00, 0x00, 0x2b, 0x00, 0x00, 0x3c, 0x04, 0x00, 0x56, 0x0b, 0x07, 0x5d,
0x10, 0x08, 0x6b, 0x16, 0x0e, 0x71, 0x12, 0x0e, 0x65, 0x0f, 0x0b, 0x62, 0x0e, 0x0c, 0x5c, 0x0d, 0x0b, 0x5b, 0x0b, 0x0a, 0x4f, 0x0c, 0x0b, 0x50,
0x03, 0x00, 0x47, 0x00, 0x00, 0x40, 0x00, 0x00, 0x30, 0x00, 0x00, 0x2d, 0x00, 0x00, 0x25, 0x00, 0x00, 0x25, 0x00, 0x00, 0x19, 0x00, 0x00, 0x1b,
0x00, 0x00, 0x0e, 0x00, 0x00, 0x0f, 0x36, 0x55, 0x52, 0x43, 0x62, 0x5f, 0x27, 0x78, 0x43, 0x2f, 0x80, 0x4b, 0x19, 0x99, 0x3e, 0x18, 0x98, 0x3d,
0x25, 0x9f, 0x4e, 0x3b, 0xb5, 0x64, 0x51, 0xa5, 0x6f, 0x45, 0x99, 0x63, 0x51, 0x8d, 0x84, 0x31, 0x6d, 0x64, 0x00, 0x10, 0x2c, 0x00, 0x00, 0x03,
0x00, 0x00, 0x2e, 0x0a, 0x08, 0x44, 0x0d, 0x00, 0x47, 0x10, 0x03, 0x4a, 0x0a, 0x00, 0x46, 0x19, 0x08, 0x55, 0x20, 0x12, 0x6a, 0x23, 0x15, 0x6d,
0x20, 0x12, 0x64, 0x18, 0x0a, 0x5c, 0x10, 0x01, 0x48, 0x06, 0x00, 0x3e, 0x00, 0x00, 0x19, 0x00, 0x00, 0x18, 0x00, 0x00, 0x0e, 0x00, 0x00, 0x0f,
0x00, 0x00, 0x07, 0x00, 0x00, 0x08, 0x01, 0x00, 0x07, 0x01, 0x00, 0x07, 0x02, 0x00, 0x04, 0x02, 0x00, 0x04, 0x04, 0x00, 0x03, 0x04, 0x00, 0x03,
0x02, 0x00, 0x01, 0x02, 0x00, 0x01, 0x02, 0x00, 0x01, 0x02, 0x00, 0x01, 0x02, 0x00, 0x01, 0x02, 0x00, 0x01, 0x02, 0x00, 0x01, 0x02, 0x00, 0x01,
0x02, 0x00, 0x01, 0x02, 0x00, 0x01, 0x02, 0x00, 0x01, 0x02, 0x00, 0x01, 0x02, 0x00, 0x01, 0x02, 0x00, 0x01, 0x00, 0x00, 0x00, 0x00, 0x00, 0x00,
0x00, 0x00, 0x00, 0x00, 0x00, 0x00, 0x00, 0x00, 0x00, 0x00, 0x00, 0x00, 0x00, 0x00, 0x00, 0x00, 0x00, 0x00, 0x00, 0x00, 0x00, 0x00, 0x00, 0x00,
0x00, 0x00, 0x00, 0x00, 0x00, 0x00, 0x00, 0x00, 0x00, 0x00, 0x00, 0x00, 0x00, 0x00, 0x06, 0x00, 0x00, 0x07, 0x00, 0x00, 0x0b, 0x01, 0x04, 0x0f,
0x00, 0x01, 0x16, 0x00, 0x00, 0x11, 0x00, 0x00, 0x23, 0x07, 0x0d, 0x33, 0x18, 0x1a, 0x56, 0x36, 0x38, 0x74, 0x40, 0x3c, 0x92, 0x44, 0x40, 0x96,
0x47, 0x3f, 0xa2, 0x4a, 0x42, 0xa5, 0x4f, 0x4b, 0xa2, 0x4e, 0x4a, 0xa1, 0x48, 0x46, 0x96, 0x42, 0x40, 0x90, 0x40, 0x3f, 0x84, 0x3b, 0x3a, 0x7f,
0x31, 0x2a, 0x75, 0x2b, 0x24, 0x6f, 0x2a, 0x24, 0x5e, 0x20, 0x1a, 0x54, 0x0f, 0x0a, 0x39, 0x00, 0x00, 0x29, 0x00, 0x00, 0x16, 0x00, 0x00, 0x16,
0x00, 0x00, 0x11, 0x03, 0x05, 0x1a, 0x23, 0x42, 0x3f, 0x3c, 0x5b, 0x58, 0x1e, 0x6f, 0x3a, 0x33, 0x84, 0x4f, 0x11, 0x91, 0x36, 0x10, 0x90, 0x35,
0x1b, 0x95, 0x44, 0x24, 0x9e, 0x4d, 0x3b, 0x8f, 0x59, 0x2c, 0x80, 0x4a, 0x03, 0x3f, 0x36, 0x00, 0x1d, 0x14, 0x00, 0x06, 0x22, 0x0d, 0x28, 0x44,
0x28, 0x26, 0x62, 0x33, 0x31, 0x6d, 0x39, 0x2c, 0x73, 0x3e, 0x31, 0x78, 0x41, 0x30, 0x7d, 0x42, 0x31, 0x7e, 0x3c, 0x2e, 0x86, 0x43, 0x35, 0x8d,
0x3d, 0x2f, 0x81, 0x45, 0x37, 0x89, 0x46, 0x37, 0x7e, 0x35, 0x26, 0x6d, 0x0e, 0x0a, 0x32, 0x09, 0x05, 0x2d, 0x04, 0x04, 0x19, 0x00, 0x00, 0x0f,
0x00, 0x00, 0x07, 0x00, 0x00, 0x08, 0x00, 0x00, 0x06, 0x02, 0x00, 0x08, 0x03, 0x00, 0x05, 0x03, 0x00, 0x05, 0x04, 0x00, 0x03, 0x04, 0x00, 0x03,
0x02, 0x00, 0x01, 0x02, 0x00, 0x01, 0x02, 0x00, 0x01, 0x02, 0x00, 0x01, 0x02, 0x00, 0x01, 0x02, 0x00, 0x01, 0x02, 0x00, 0x01, 0x02, 0x00, 0x01,
0x02, 0x00, 0x01, 0x02, 0x00, 0x01, 0x02, 0x00, 0x01, 0x02, 0x00, 0x01, 0x02, 0x00, 0x01, 0x02, 0x00, 0x01, 0x00, 0x00, 0x00, 0x00, 0x00, 0x00,
0x00, 0x00, 0x00, 0x00, 0x00, 0x00, 0x00, 0x00, 0x00, 0x00, 0x00, 0x00, 0x00, 0x00, 0x00, 0x00, 0x00, 0x00, 0x00, 0x00, 0x00, 0x00, 0x00, 0x00,
0x00, 0x00, 0x00, 0x00, 0x00, 0x00, 0x00, 0x00, 0x00, 0x00, 0x01, 0x01, 0x00, 0x00, 0x10, 0x01, 0x02, 0x14, 0x00, 0x00, 0x20, 0x00, 0x00, 0x19,
0x00, 0x00, 0x23, 0x00, 0x00, 0x36, 0x1f, 0x19, 0x6d, 0x40, 0x3a, 0x8e, 0x59, 0x4e, 0xbe, 0x60, 0x55, 0xc5, 0x50, 0x43, 0xc7, 0x49, 0x3c, 0xc0,
0x4b, 0x3a, 0xca, 0x4b, 0x3a, 0xca, 0x4e, 0x3e, 0xcc, 0x4f, 0x3f, 0xcd, 0x49, 0x3c, 0xc7, 0x47, 0x3a, 0xc5, 0x45, 0x35, 0xc3, 0x3b, 0x2b, 0xb9,
0x47, 0x35, 0xc3, 0x4b, 0x39, 0xc7, 0x57, 0x42, 0xc3, 0x57, 0x42, 0xc3, 0x42, 0x2f, 0x9e, 0x2f, 0x1c, 0x8b, 0x1c, 0x0c, 0x6a, 0x0f, 0x00, 0x5d,
0x16, 0x0a, 0x5c, 0x09, 0x00, 0x4f, 0x0d, 0x20, 0x54, 0x2f, 0x42, 0x76, 0x3b, 0x56, 0x7f, 0x46, 0x61, 0x8a, 0x27, 0x61, 0x71, 0x26, 0x60, 0x70,
0x28, 0x5d, 0x75, 0x15, 0x4a, 0x62, 0x1b, 0x35, 0x63, 0x17, 0x31, 0x5f, 0x2a, 0x2a, 0x8f, 0x1b, 0x1b, 0x80, 0x35, 0x22, 0xa5, 0x3b, 0x28, 0xab,
0x42, 0x25, 0xb2, 0x3d, 0x20, 0xad, 0x49, 0x31, 0xae, 0x45, 0x2d, 0xaa, 0x39, 0x1d, 0xad, 0x43, 0x27, 0xb7, 0x30, 0x1a, 0xab, 0x33, 0x1d, 0xae,
0x3a, 0x1f, 0xb1, 0x34, 0x19, 0xab, 0x36, 0x1b, 0xa8, 0x36, 0x1b, 0xa8, 0x3c, 0x1c, 0xaa, 0x3f, 0x1f, 0xad, 0x30, 0x19, 0x7e, 0x19, 0x02, 0x67,
0x00, 0x00, 0x1e, 0x00, 0x00, 0x18, 0x00, 0x00, 0x04, 0x00, 0x00, 0x05, 0x02, 0x00, 0x03, 0x02, 0x00, 0x03, 0x04, 0x00, 0x03, 0x04, 0x00, 0x03,
0x02, 0x00, 0x01, 0x02, 0x00, 0x01, 0x02, 0x00, 0x01, 0x02, 0x00, 0x01, 0x02, 0x00, 0x01, 0x02, 0x00, 0x01, 0x02, 0x00, 0x01, 0x02, 0x00, 0x01,
0x02, 0x00, 0x01, 0x02, 0x00, 0x01, 0x02, 0x00, 0x01, 0x02, 0x00, 0x01, 0x02, 0x00, 0x01, 0x02, 0x00, 0x01, 0x00, 0x00, 0x00, 0x00, 0x00, 0x00,
0x00, 0x00, 0x00, 0x00, 0x00, 0x00, 0x00, 0x00, 0x00, 0x00, 0x00, 0x00, 0x00, 0x00, 0x00, 0x00, 0x00, 0x00, 0x00, 0x00, 0x00, 0x00, 0x00, 0x00,
0x00, 0x00, 0x00, 0x00, 0x00, 0x00, 0x00, 0x01, 0x01, 0x00, 0x01, 0x01, 0x03, 0x04, 0x16, 0x04, 0x05, 0x17, 0x00, 0x00, 0x1a, 0x00, 0x00, 0x19,
0x0e, 0x0e, 0x45, 0x3b, 0x3b, 0x72, 0x56, 0x50, 0xa4, 0x60, 0x5a, 0xae, 0x56, 0x4b, 0xbb, 0x4b, 0x40, 0xb0, 0x40, 0x33, 0xb7, 0x40, 0x33, 0xb7,
0x41, 0x30, 0xc0, 0x45, 0x34, 0xc4, 0x4a, 0x3a, 0xc8, 0x4b, 0x3b, 0xc9, 0x4a, 0x3d, 0xc8, 0x47, 0x3a, 0xc5, 0x44, 0x34, 0xc2, 0x41, 0x31, 0xbf,
0x40, 0x2e, 0xbc, 0x44, 0x32, 0xc0, 0x4f, 0x3a, 0xbb, 0x4d, 0x38, 0xb9, 0x53, 0x40, 0xaf, 0x54, 0x41, 0xb0, 0x56, 0x46, 0xa4, 0x49, 0x39, 0x97,
0x51, 0x45, 0x97, 0x3c, 0x30, 0x82, 0x31, 0x44, 0x78, 0x3f, 0x52, 0x86, 0x38, 0x53, 0x7c, 0x36, 0x51, 0x7a, 0x1f, 0x59, 0x69, 0x1f, 0x59, 0x69,
0x1f, 0x54, 0x6c, 0x19, 0x4e, 0x66, 0x2b, 0x45, 0x73, 0x31, 0x4b, 0x79, 0x3f, 0x3f, 0xa4, 0x37, 0x37, 0x9c, 0x41, 0x2e, 0xb1, 0x3c, 0x29, 0xac,
0x3f, 0x22, 0xaf, 0x34, 0x17, 0xa4, 0x40, 0x28, 0xa5, 0x40, 0x28, 0xa5, 0x3e, 0x22, 0xb2, 0x43, 0x27, 0xb7, 0x2f, 0x19, 0xaa, 0x32, 0x1c, 0xad,
0x36, 0x1b, 0xad, 0x30, 0x15, 0xa7, 0x3b, 0x20, 0xad, 0x3d, 0x22, 0xaf, 0x40, 0x20, 0xae, 0x48, 0x28, 0xb6, 0x48, 0x31, 0x96, 0x48, 0x31, 0x96,
0x42, 0x3c, 0x64, 0x16, 0x10, 0x38, 0x00, 0x00, 0x06, 0x00, 0x00, 0x04, 0x02, 0x00, 0x03, 0x02, 0x00, 0x03, 0x04, 0x00, 0x03, 0x04, 0x00, 0x03,
0x02, 0x00, 0x01, 0x02, 0x00, 0x01, 0x02, 0x00, 0x01, 0x02, 0x00, 0x01, 0x02, 0x00, 0x01, 0x02, 0x00, 0x01, 0x02, 0x00, 0x01, 0x02, 0x00, 0x01,
0x02, 0x00, 0x01, 0x02, 0x00, 0x01, 0x02, 0x00, 0x01, 0x02, 0x00, 0x01, 0x02, 0x00, 0x01, 0x02, 0x00, 0x01, 0x00, 0x00, 0x00, 0x00, 0x00, 0x00,
0x00, 0x00, 0x01, 0x00, 0x00, 0x01, 0x00, 0x00, 0x03, 0x00, 0x00, 0x03, 0x00, 0x00, 0x00, 0x00, 0x00, 0x00, 0x00, 0x00, 0x03, 0x00, 0x00, 0x03,
0x00, 0x00, 0x07, 0x00, 0x00, 0x08, 0x00, 0x02, 0x08, 0x00, 0x03, 0x09, 0x02, 0x00, 0x2b, 0x00, 0x00, 0x20, 0x00, 0x00, 0x37, 0x28, 0x23, 0x68,
0x56, 0x4b, 0xaf, 0x61, 0x56, 0xba, 0x59, 0x49, 0xc9, 0x4e, 0x3e, 0xbe, 0x3c, 0x2c, 0xba, 0x3e, 0x2e, 0xbc, 0x3f, 0x31, 0xc7, 0x3f, 0x31, 0xc7,
0x44, 0x34, 0xcf, 0x45, 0x35, 0xd0, 0x43, 0x30, 0xd5, 0x43, 0x30, 0xd5, 0x3e, 0x2b, 0xd5, 0x3e, 0x2b, 0xd5, 0x3d, 0x29, 0xd6, 0x45, 0x31, 0xde,
0x3f, 0x27, 0xda, 0x43, 0x2b, 0xde, 0x42, 0x1f, 0xd7, 0x3c, 0x19, 0xd1, 0x39, 0x13, 0xce, 0x3f, 0x19, 0xd4, 0x43, 0x1d, 0xd1, 0x42, 0x1c, 0xd0,
0x5b, 0x3d, 0xe6, 0x4d, 0x2f, 0xd8, 0x43, 0x31, 0xcb, 0x41, 0x2f, 0xc9, 0x3c, 0x2e, 0xc3, 0x38, 0x2a, 0xbf, 0x31, 0x2b, 0xb7, 0x31, 0x2b, 0xb7,
0x2e, 0x27, 0xb5, 0x2e, 0x27, 0xb5, 0x34, 0x20, 0xbf, 0x33, 0x1f, 0xbe, 0x34, 0x1b, 0xbe, 0x31, 0x18, 0xbb, 0x31, 0x0c, 0xc4, 0x33, 0x0e, 0xc6,
0x33, 0x0f, 0xc4, 0x30, 0x0c, 0xc1, 0x2b, 0x0f, 0xb3, 0x38, 0x1c, 0xc0, 0x33, 0x1a, 0xbd, 0x2a, 0x11, 0xb4, 0x2a, 0x12, 0xb8, 0x2e, 0x16, 0xbc,
0x2c, 0x12, 0xbd, 0x32, 0x18, 0xc3, 0x36, 0x1c, 0xc2, 0x2c, 0x12, 0xb8, 0x28, 0x10, 0xa8, 0x2e, 0x16, 0xae, 0x3b, 0x24, 0xaa, 0x48, 0x31, 0xb7,
0x61, 0x49, 0xc6, 0x3d, 0x25, 0xa2, 0x1a, 0x03, 0x68, 0x02, 0x00, 0x50, 0x00, 0x00, 0x03, 0x00, 0x00, 0x03, 0x00, 0x00, 0x03, 0x00, 0x00, 0x05,
0x00, 0x00, 0x04, 0x00, 0x00, 0x04, 0x02, 0x00, 0x01, 0x02, 0x00, 0x01, 0x02, 0x00, 0x03, 0x02, 0x00, 0x03, 0x02, 0x00, 0x03, 0x02, 0x00, 0x03,
0x02, 0x00, 0x03, 0x02, 0x00, 0x03, 0x02, 0x00, 0x03, 0x02, 0x00, 0x03, 0x02, 0x00, 0x01, 0x02, 0x00, 0x01, 0x00, 0x00, 0x00, 0x00, 0x00, 0x00,
0x00, 0x00, 0x01, 0x00, 0x00, 0x01, 0x00, 0x00, 0x03, 0x00, 0x00, 0x03, 0x00, 0x00, 0x00, 0x00, 0x00, 0x00, 0x00, 0x00, 0x03, 0x01, 0x00, 0x04,
0x00, 0x00, 0x08, 0x00, 0x00, 0x09, 0x02, 0x07, 0x0d, 0x04, 0x09, 0x0f, 0x04, 0x00, 0x2d, 0x04, 0x00, 0x2d, 0x2c, 0x27, 0x6c, 0x66, 0x61, 0xa6,
0x69, 0x5e, 0xc2, 0x58, 0x4d, 0xb1, 0x4b, 0x3b, 0xbb, 0x3e, 0x2e, 0xae, 0x3e, 0x2e, 0xbc, 0x4a, 0x3a, 0xc8, 0x43, 0x35, 0xcb, 0x47, 0x39, 0xcf,
0x4e, 0x3e, 0xd9, 0x46, 0x36, 0xd1, 0x43, 0x30, 0xd5, 0x46, 0x33, 0xd8, 0x3f, 0x2c, 0xd6, 0x4b, 0x38, 0xe2, 0x4b, 0x37, 0xe4, 0x4d, 0x39, 0xe6,
0x4d, 0x35, 0xe8, 0x48, 0x30, 0xe3, 0x47, 0x24, 0xdc, 0x4d, 0x2a, 0xe2, 0x4e, 0x28, 0xe3, 0x48, 0x22, 0xdd, 0x42, 0x1c, 0xd0, 0x42, 0x1c, 0xd0,
0x3d, 0x1f, 0xc8, 0x3c, 0x1e, 0xc7, 0x36, 0x24, 0xbe, 0x37, 0x25, 0xbf, 0x35, 0x27, 0xbc, 0x36, 0x28, 0xbd, 0x31, 0x2b, 0xb7, 0x30, 0x2a, 0xb6,
0x2d, 0x26, 0xb4, 0x2d, 0x26, 0xb4, 0x31, 0x1d, 0xbc, 0x30, 0x1c, 0xbb, 0x34, 0x1b, 0xbe, 0x31, 0x18, 0xbb, 0x31, 0x0c, 0xc4, 0x34, 0x0f, 0xc7,
0x33, 0x0f, 0xc4, 0x30, 0x0c, 0xc1, 0x2a, 0x0e, 0xb2, 0x3d, 0x21, 0xc5, 0x29, 0x10, 0xb3, 0x20, 0x07, 0xaa, 0x27, 0x0f, 0xb5, 0x2b, 0x13, 0xb9,
0x2b, 0x11, 0xbc, 0x2c, 0x12, 0xbd, 0x2e, 0x14, 0xba, 0x29, 0x0f, 0xb5, 0x29, 0x11, 0xa9, 0x2a, 0x12, 0xaa, 0x33, 0x1c, 0xa2, 0x37, 0x20, 0xa6,
0x49, 0x31, 0xae, 0x4d, 0x35, 0xb2, 0x4e, 0x37, 0x9c, 0x3e, 0x27, 0x8c, 0x00, 0x00, 0x03, 0x00, 0x00, 0x03, 0x00, 0x00, 0x04, 0x00, 0x01, 0x06,
0x00, 0x00, 0x04, 0x00, 0x00, 0x04, 0x02, 0x00, 0x01, 0x02, 0x00, 0x01, 0x02, 0x00, 0x03, 0x02, 0x00, 0x03, 0x02, 0x00, 0x03, 0x02, 0x00, 0x03,
0x02, 0x00, 0x03, 0x02, 0x00, 0x03, 0x02, 0x00, 0x03, 0x02, 0x00, 0x03, 0x02, 0x00, 0x01, 0x02, 0x00, 0x01, 0x00, 0x00, 0x00, 0x00, 0x00, 0x00,
0x00, 0x00, 0x03, 0x00, 0x00, 0x03, 0x00, 0x00, 0x04, 0x00, 0x00, 0x04, 0x00, 0x00, 0x01, 0x01, 0x00, 0x02, 0x00, 0x00, 0x05, 0x00, 0x00, 0x05,
0x00, 0x00, 0x10, 0x00, 0x00, 0x13, 0x00, 0x00, 0x26, 0x08, 0x06, 0x2e, 0x0a, 0x00, 0x4d, 0x1e, 0x14, 0x61, 0x47, 0x37, 0xa3, 0x68, 0x58, 0xc4,
0x5e, 0x4a, 0xcf, 0x52, 0x3e, 0xc3, 0x45, 0x30, 0xc6, 0x40, 0x2b, 0xc1, 0x48, 0x39, 0xc9, 0x4f, 0x40, 0xd0, 0x4a, 0x3d, 0xcf, 0x53, 0x46, 0xd8,
0x53, 0x47, 0xdd, 0x46, 0x3a, 0xd0, 0x47, 0x38, 0xd1, 0x4b, 0x3c, 0xd5, 0x54, 0x4a, 0xe2, 0x62, 0x58, 0xf0, 0x54, 0x4b, 0xe5, 0x47, 0x3e, 0xd8,
0x4e, 0x3e, 0xe7, 0x44, 0x34, 0xdd, 0x3f, 0x24, 0xd8, 0x47, 0x2c, 0xe0, 0x40, 0x22, 0xd9, 0x3c, 0x1e, 0xd5, 0x40, 0x1e, 0xd3, 0x3f, 0x1d, 0xd2,
0x39, 0x1d, 0xcf, 0x3a, 0x1e, 0xd0, 0x36, 0x21, 0xcb, 0x37, 0x22, 0xcc, 0x37, 0x22, 0xcc, 0x36, 0x21, 0xcb, 0x2d, 0x22, 0xc8, 0x2c, 0x21, 0xc7,
0x25, 0x1f, 0xc4, 0x25, 0x1f, 0xc4, 0x2e, 0x19, 0xca, 0x2e, 0x19, 0xca, 0x32, 0x1d, 0xc0, 0x32, 0x1d, 0xc0, 0x2e, 0x10, 0xc7, 0x31, 0x13, 0xca,
0x2c, 0x10, 0xc7, 0x28, 0x0c, 0xc3, 0x25, 0x0c, 0xba, 0x33, 0x1a, 0xc8, 0x26, 0x11, 0xbb, 0x23, 0x0e, 0xb8, 0x31, 0x1c, 0xc6, 0x24, 0x0f, 0xb9,
0x25, 0x0a, 0xbe, 0x26, 0x0b, 0xbf, 0x25, 0x08, 0xc2, 0x28, 0x0b, 0xc5, 0x2e, 0x11, 0xc0, 0x28, 0x0b, 0xba, 0x2b, 0x0b, 0xba, 0x2e, 0x0e, 0xbd,
0x36, 0x15, 0xb9, 0x3a, 0x19, 0xbd, 0x42, 0x20, 0xb3, 0x4b, 0x29, 0xbc, 0x37, 0x2a, 0x71, 0x0f, 0x02, 0x49, 0x04, 0x00, 0x22, 0x00, 0x00, 0x1d,
0x00, 0x00, 0x11, 0x00, 0x00, 0x0f, 0x01, 0x00, 0x07, 0x00, 0x00, 0x06, 0x01, 0x01, 0x01, 0x00, 0x00, 0x00, 0x00, 0x00, 0x01, 0x00, 0x00, 0x01,
0x00, 0x00, 0x01, 0x00, 0x00, 0x01, 0x00, 0x00, 0x00, 0x00, 0x00, 0x00, 0x00, 0x00, 0x01, 0x00, 0x00, 0x01, 0x00, 0x00, 0x00, 0x00, 0x00, 0x00,
0x00, 0x00, 0x03, 0x00, 0x00, 0x03, 0x00, 0x00, 0x04, 0x00, 0x00, 0x04, 0x01, 0x00, 0x02, 0x02, 0x01, 0x03, 0x00, 0x00, 0x06, 0x01, 0x01, 0x08,
0x00, 0x00, 0x13, 0x00, 0x00, 0x14, 0x02, 0x00, 0x28, 0x05, 0x03, 0x2b, 0x23, 0x19, 0x66, 0x51, 0x47, 0x94, 0x6a, 0x5a, 0xc6, 0x66, 0x56, 0xc2,
0x55, 0x41, 0xc6, 0x4f, 0x3b, 0xc0, 0x47, 0x32, 0xc8, 0x52, 0x3d, 0xd3, 0x66, 0x57, 0xe7, 0x6d, 0x5e, 0xee, 0x68, 0x5b, 0xed, 0x71, 0x64, 0xf6,
0x6f, 0x63, 0xf9, 0x64, 0x58, 0xee, 0x62, 0x53, 0xec, 0x5f, 0x50, 0xe9, 0x63, 0x59, 0xf1, 0x6e, 0x64, 0xfc, 0x59, 0x50, 0xea, 0x52, 0x49, 0xe3,
0x4d, 0x3d, 0xe6, 0x46, 0x36, 0xdf, 0x4d, 0x32, 0xe6, 0x50, 0x35, 0xe9, 0x4c, 0x2e, 0xe5, 0x48, 0x2a, 0xe1, 0x46, 0x24, 0xd9, 0x41, 0x1f, 0xd4,
0x3b, 0x1f, 0xd1, 0x3c, 0x20, 0xd2, 0x38, 0x23, 0xcd, 0x39, 0x24, 0xce, 0x38, 0x23, 0xcd, 0x37, 0x22, 0xcc, 0x2d, 0x22, 0xc8, 0x2c, 0x21, 0xc7,
0x28, 0x22, 0xc7, 0x26, 0x20, 0xc5, 0x30, 0x1b, 0xcc, 0x30, 0x1b, 0xcc, 0x33, 0x1e, 0xc1, 0x31, 0x1c, 0xbf, 0x2f, 0x11, 0xc8, 0x2f, 0x11, 0xc8,
0x2c, 0x10, 0xc7, 0x29, 0x0d, 0xc4, 0x26, 0x0d, 0xbb, 0x26, 0x0d, 0xbb, 0x24, 0x0f, 0xb9, 0x23, 0x0e, 0xb8, 0x22, 0x0d, 0xb7, 0x23, 0x0e, 0xb8,
0x25, 0x0a, 0xbe, 0x25, 0x0a, 0xbe, 0x26, 0x09, 0xc3, 0x29, 0x0c, 0xc6, 0x2d, 0x10, 0xbf, 0x29, 0x0c, 0xbb, 0x2a, 0x0a, 0xb9, 0x2e, 0x0e, 0xbd,
0x36, 0x15, 0xb9, 0x3a, 0x19, 0xbd, 0x41, 0x1f, 0xb2, 0x48, 0x26, 0xb9, 0x5d, 0x50, 0x97, 0x41, 0x34, 0x7b, 0x0f, 0x06, 0x2d, 0x00, 0x00, 0x1a,
0x00, 0x00, 0x11, 0x00, 0x00, 0x0e, 0x01, 0x00, 0x07, 0x00, 0x00, 0x06, 0x01, 0x01, 0x01, 0x00, 0x00, 0x00, 0x00, 0x00, 0x01, 0x00, 0x00, 0x01,
0x00, 0x00, 0x01, 0x00, 0x00, 0x01, 0x00, 0x00, 0x00, 0x00, 0x00, 0x00, 0x00, 0x00, 0x01, 0x00, 0x00, 0x01, 0x00, 0x00, 0x00, 0x00, 0x00, 0x00,
0x00, 0x00, 0x04, 0x00, 0x00, 0x04, 0x00, 0x00, 0x06, 0x01, 0x00, 0x07, 0x03, 0x02, 0x04, 0x03, 0x02, 0x04, 0x00, 0x00, 0x0e, 0x03, 0x02, 0x13,
0x00, 0x00, 0x24, 0x00, 0x00, 0x25, 0x03, 0x00, 0x40, 0x24, 0x1d, 0x61, 0x43, 0x33, 0x9f, 0x63, 0x53, 0xbf, 0x60, 0x4e, 0xce, 0x5b, 0x49, 0xc9,
0x55, 0x44, 0xcf, 0x59, 0x48, 0xd3, 0x59, 0x4b, 0xd4, 0x6a, 0x5c, 0xe5, 0x7f, 0x77, 0xf2, 0x88, 0x80, 0xfb, 0x87, 0x84, 0xf9, 0x89, 0x86, 0xfb,
0x86, 0x82, 0xf9, 0x83, 0x7f, 0xf6, 0x7d, 0x7a, 0xf4, 0x7b, 0x78, 0xf2, 0x79, 0x76, 0xf2, 0x74, 0x71, 0xed, 0x68, 0x66, 0xeb, 0x62, 0x60, 0xe5,
0x5b, 0x50, 0xf0, 0x54, 0x49, 0xe9, 0x55, 0x43, 0xf3, 0x57, 0x45, 0xf5, 0x56, 0x3e, 0xf7, 0x4c, 0x34, 0xed, 0x45, 0x28, 0xef, 0x3e, 0x21, 0xe8,
0x3a, 0x1f, 0xe9, 0x3a, 0x1f, 0xe9, 0x39, 0x20, 0xe4, 0x38, 0x1f, 0xe3, 0x36, 0x1a, 0xdf, 0x36, 0x1a, 0xdf, 0x34, 0x18, 0xdd, 0x33, 0x17, 0xdc,
0x33, 0x18, 0xda, 0x33, 0x18, 0xda, 0x33, 0x18, 0xda, 0x33, 0x18, 0xda, 0x32, 0x14, 0xd9, 0x30, 0x12, 0xd7, 0x2e, 0x0e, 0xd9, 0x2d, 0x0d, 0xd8,
0x29, 0x0e, 0xd0, 0x27, 0x0c, 0xce, 0x25, 0x0c, 0xc9, 0x24, 0x0b, 0xc8, 0x25, 0x0c, 0xc7, 0x24, 0x0b, 0xc6, 0x20, 0x07, 0xc2, 0x20, 0x07, 0xc2,
0x23, 0x08, 0xc3, 0x26, 0x0b, 0xc6, 0x29, 0x0b, 0xc7, 0x29, 0x0b, 0xc7, 0x2b, 0x0d, 0xc4, 0x28, 0x0a, 0xc1, 0x29, 0x0c, 0xbb, 0x2c, 0x0f, 0xbe,
0x31, 0x13, 0xbc, 0x33, 0x15, 0xbe, 0x3a, 0x19, 0xbd, 0x41, 0x20, 0xc4, 0x56, 0x44, 0xb0, 0x5c, 0x4a, 0xb6, 0x3f, 0x32, 0x79, 0x06, 0x00, 0x40,
0x00, 0x00, 0x19, 0x00, 0x00, 0x17, 0x00, 0x00, 0x04, 0x00, 0x00, 0x08, 0x02, 0x02, 0x02, 0x00, 0x00, 0x00, 0x00, 0x00, 0x01, 0x00, 0x00, 0x01,
0x00, 0x00, 0x01, 0x00, 0x00, 0x01, 0x00, 0x00, 0x00, 0x00, 0x00, 0x00, 0x00, 0x00, 0x01, 0x00, 0x00, 0x01, 0x00, 0x00, 0x00, 0x00, 0x00, 0x00,
0x00, 0x00, 0x04, 0x00, 0x00, 0x04, 0x00, 0x00, 0x06, 0x01, 0x00, 0x07, 0x03, 0x02, 0x04, 0x03, 0x02, 0x04, 0x00, 0x00, 0x0f, 0x01, 0x00, 0x11,
0x00, 0x00, 0x27, 0x00, 0x00, 0x1a, 0x10, 0x09, 0x4d, 0x66, 0x5f, 0xa3, 0x62, 0x52, 0xbe, 0x63, 0x53, 0xbf, 0x5b, 0x49, 0xc9, 0x65, 0x53, 0xd3,
0x66, 0x55, 0xe0, 0x6c, 0x5b, 0xe6, 0x72, 0x64, 0xed, 0x83, 0x75, 0xfe, 0x8f, 0x87, 0xff, 0x97, 0x8f, 0xff, 0x99, 0x96, 0xff, 0x99, 0x96, 0xff,
0x96, 0x92, 0xff, 0x96, 0x92, 0xff, 0x92, 0x8f, 0xff, 0x8f, 0x8c, 0xff, 0x8b, 0x88, 0xff, 0x87, 0x84, 0xff, 0x7d, 0x7b, 0xff, 0x76, 0x74, 0xf9,
0x71, 0x66, 0xff, 0x68, 0x5d, 0xfd, 0x66, 0x54, 0xff, 0x62, 0x50, 0xff, 0x64, 0x4c, 0xff, 0x57, 0x3f, 0xf8, 0x4d, 0x30, 0xf7, 0x48, 0x2b, 0xf2,
0x41, 0x26, 0xf0, 0x40, 0x25, 0xef, 0x3f, 0x26, 0xea, 0x3c, 0x23, 0xe7, 0x3b, 0x1f, 0xe4, 0x3a, 0x1e, 0xe3, 0x3a, 0x1e, 0xe3, 0x38, 0x1c, 0xe1,
0x38, 0x1d, 0xdf, 0x37, 0x1c, 0xde, 0x36, 0x1b, 0xdd, 0x35, 0x1a, 0xdc, 0x32, 0x14, 0xd9, 0x31, 0x13, 0xd8, 0x30, 0x10, 0xdb, 0x2e, 0x0e, 0xd9,
0x2b, 0x10, 0xd2, 0x29, 0x0e, 0xd0, 0x25, 0x0c, 0xc9, 0x24, 0x0b, 0xc8, 0x27, 0x0e, 0xc9, 0x24, 0x0b, 0xc6, 0x1f, 0x06, 0xc1, 0x20, 0x07, 0xc2,
0x24, 0x09, 0xc4, 0x27, 0x0c, 0xc7, 0x29, 0x0b, 0xc7, 0x2a, 0x0c, 0xc8, 0x2b, 0x0d, 0xc4, 0x28, 0x0a, 0xc1, 0x29, 0x0c, 0xbb, 0x2a, 0x0d, 0xbc,
0x30, 0x12, 0xbb, 0x32, 0x14, 0xbd, 0x39, 0x18, 0xbc, 0x3b, 0x1a, 0xbe, 0x4a, 0x38, 0xa4, 0x57, 0x45, 0xb1, 0x69, 0x5c, 0xa3, 0x37, 0x2a, 0x71,
0x08, 0x04, 0x25, 0x00, 0x00, 0x13, 0x00, 0x00, 0x04, 0x02, 0x01, 0x0b, 0x03, 0x03, 0x03, 0x00, 0x00, 0x00, 0x00, 0x00, 0x01, 0x00, 0x00, 0x01,
0x00, 0x00, 0x01, 0x00, 0x00, 0x01, 0x00, 0x00, 0x00, 0x00, 0x00, 0x00, 0x00, 0x00, 0x01, 0x00, 0x00, 0x01, 0x00, 0x00, 0x00, 0x00, 0x00, 0x00,
0x00, 0x00, 0x04, 0x00, 0x00, 0x04, 0x00, 0x00, 0x06, 0x01, 0x00, 0x07, 0x00, 0x01, 0x06, 0x00, 0x01, 0x06, 0x00, 0x00, 0x17, 0x02, 0x01, 0x1a,
0x00, 0x00, 0x35, 0x09, 0x00, 0x3f, 0x3e, 0x32, 0x8d, 0x6d, 0x61, 0xbc, 0x65, 0x51, 0xd0, 0x5a, 0x46, 0xc5, 0x5c, 0x49, 0xd1, 0x6c, 0x59, 0xe1,
0x6f, 0x61, 0xe3, 0x75, 0x67, 0xe9, 0x83, 0x7b, 0xec, 0x95, 0x8d, 0xfe, 0x9f, 0x9e, 0xff, 0xa1, 0xa0, 0xff, 0xa4, 0xa6, 0xff, 0xa6, 0xa8, 0xff,
0xa4, 0xa8, 0xff, 0xa2, 0xa6, 0xff, 0x9f, 0xa3, 0xfc, 0x9e, 0xa2, 0xfb, 0x99, 0x9f, 0xf9, 0x95, 0x9b, 0xf5, 0x8f, 0x94, 0xf8, 0x87, 0x8c, 0xf0,
0x7f, 0x81, 0xfa, 0x78, 0x7a, 0xf3, 0x76, 0x73, 0xfc, 0x6b, 0x68, 0xf1, 0x5e, 0x54, 0xf1, 0x59, 0x4f, 0xec, 0x52, 0x41, 0xf3, 0x4b, 0x3a, 0xec,
0x46, 0x30, 0xf1, 0x44, 0x2e, 0xef, 0x43, 0x29, 0xef, 0x41, 0x27, 0xed, 0x3d, 0x23, 0xf0, 0x3b, 0x21, 0xee, 0x3a, 0x21, 0xeb, 0x39, 0x20, 0xea,
0x3b, 0x21, 0xe9, 0x39, 0x1f, 0xe7, 0x36, 0x1c, 0xe2, 0x33, 0x19, 0xdf, 0x30, 0x16, 0xde, 0x30, 0x16, 0xde, 0x2d, 0x12, 0xdc, 0x2a, 0x0f, 0xd9,
0x29, 0x0f, 0xd7, 0x27, 0x0d, 0xd5, 0x27, 0x0b, 0xd0, 0x26, 0x0a, 0xcf, 0x25, 0x0a, 0xcc, 0x25, 0x0a, 0xcc, 0x24, 0x0a, 0xc9, 0x24, 0x0a, 0xc9,
0x27, 0x0c, 0xc9, 0x29, 0x0e, 0xcb, 0x2b, 0x0d, 0xc9, 0x2b, 0x0d, 0xc9, 0x2c, 0x0e, 0xc5, 0x2b, 0x0d, 0xc4, 0x2a, 0x0c, 0xbe, 0x2a, 0x0c, 0xbe,
0x2c, 0x10, 0xbb, 0x2e, 0x12, 0xbd, 0x35, 0x16, 0xbd, 0x37, 0x18, 0xbf, 0x4b, 0x32, 0xb8, 0x52, 0x39, 0xbf, 0x63, 0x51, 0xb5, 0x61, 0x4f, 0xb3,
0x27, 0x20, 0x56, 0x00, 0x00, 0x24, 0x00, 0x00, 0x08, 0x0a, 0x08, 0x1b, 0x05, 0x03, 0x08, 0x00, 0x00, 0x03, 0x00, 0x00, 0x01, 0x00, 0x00, 0x01,
0x00, 0x00, 0x01, 0x00, 0x00, 0x01, 0x00, 0x00, 0x00, 0x00, 0x00, 0x00, 0x00, 0x00, 0x01, 0x00, 0x00, 0x01, 0x00, 0x00, 0x00, 0x00, 0x00, 0x00,
0x00, 0x00, 0x04, 0x00, 0x00, 0x04, 0x00, 0x00, 0x06, 0x01, 0x00, 0x07, 0x00, 0x01, 0x06, 0x00, 0x01, 0x06, 0x01, 0x00, 0x19, 0x00, 0x00, 0x15,
0x00, 0x00, 0x34, 0x39, 0x2f, 0x6f, 0x68, 0x5c, 0xb7, 0x6b, 0x5f, 0xba, 0x61, 0x4d, 0xcc, 0x59, 0x45, 0xc4, 0x61, 0x4e, 0xd6, 0x6f, 0x5c, 0xe4,
0x74, 0x66, 0xe8, 0x82, 0x74, 0xf6, 0x91, 0x89, 0xfa, 0x9e, 0x96, 0xff, 0xa3, 0xa2, 0xff, 0xa6, 0xa5, 0xff, 0xa8, 0xaa, 0xff, 0xaa, 0xac, 0xff,
0xa8, 0xac, 0xff, 0xa5, 0xa9, 0xff, 0xa2, 0xa6, 0xff, 0xa1, 0xa5, 0xfe, 0x9c, 0xa2, 0xfc, 0x9a, 0xa0, 0xfa, 0x94, 0x99, 0xfd, 0x8c, 0x91, 0xf5,
0x86, 0x88, 0xff, 0x80, 0x82, 0xfb, 0x7c, 0x79, 0xff, 0x6c, 0x69, 0xf2, 0x64, 0x5a, 0xf7, 0x62, 0x58, 0xf5, 0x5b, 0x4a, 0xfc, 0x53, 0x42, 0xf4,
0x49, 0x33, 0xf4, 0x46, 0x30, 0xf1, 0x46, 0x2c, 0xf2, 0x44, 0x2a, 0xf0, 0x41, 0x27, 0xf4, 0x40, 0x26, 0xf3, 0x3e, 0x25, 0xef, 0x3b, 0x22, 0xec,
0x3d, 0x23, 0xeb, 0x3b, 0x21, 0xe9, 0x36, 0x1c, 0xe2, 0x33, 0x19, 0xdf, 0x31, 0x17, 0xdf, 0x30, 0x16, 0xde, 0x2e, 0x13, 0xdd, 0x2b, 0x10, 0xda,
0x2a, 0x10, 0xd8, 0x29, 0x0f, 0xd7, 0x28, 0x0c, 0xd1, 0x27, 0x0b, 0xd0, 0x26, 0x0b, 0xcd, 0x26, 0x0b, 0xcd, 0x25, 0x0b, 0xca, 0x26, 0x0c, 0xcb,
0x29, 0x0e, 0xcb, 0x2a, 0x0f, 0xcc, 0x2c, 0x0e, 0xca, 0x2c, 0x0e, 0xca, 0x2e, 0x10, 0xc7, 0x2b, 0x0d, 0xc4, 0x2a, 0x0c, 0xbe, 0x29, 0x0b, 0xbd,
0x29, 0x0d, 0xb8, 0x2c, 0x10, 0xbb, 0x33, 0x14, 0xbb, 0x35, 0x16, 0xbd, 0x42, 0x29, 0xaf, 0x48, 0x2f, 0xb5, 0x52, 0x40, 0xa4, 0x67, 0x55, 0xb9,
0x59, 0x52, 0x88, 0x15, 0x0e, 0x44, 0x00, 0x00, 0x06, 0x06, 0x04, 0x17, 0x08, 0x06, 0x0b, 0x00, 0x00, 0x01, 0x00, 0x00, 0x01, 0x00, 0x00, 0x01,
0x00, 0x00, 0x01, 0x00, 0x00, 0x01, 0x00, 0x00, 0x00, 0x00, 0x00, 0x00, 0x00, 0x00, 0x01, 0x00, 0x00, 0x01, 0x00, 0x00, 0x00, 0x00, 0x00, 0x00,
0x00, 0x00, 0x04, 0x00, 0x00, 0x04, 0x00, 0x00, 0x06, 0x01, 0x00, 0x07, 0x00, 0x00, 0x0a, 0x00, 0x00, 0x0a, 0x00, 0x00, 0x22, 0x00, 0x00, 0x24,
0x0f, 0x03, 0x55, 0x5f, 0x53, 0xa5, 0x67, 0x56, 0xc5, 0x60, 0x4f, 0xbe, 0x57, 0x41, 0xcd, 0x56, 0x40, 0xcc, 0x65, 0x52, 0xdc, 0x73, 0x60, 0xea,
0x7c, 0x71, 0xe9, 0x8f, 0x84, 0xfc, 0x9c, 0x97, 0xfe, 0xa5, 0xa0, 0xff, 0xa7, 0xaa, 0xff, 0xa8, 0xab, 0xff, 0xad, 0xb1, 0xfe, 0xac, 0xb0, 0xfd,
0xac, 0xb0, 0xfd, 0xa9, 0xad, 0xfa, 0xa7, 0xab, 0xf8, 0xa6, 0xaa, 0xf7, 0xa3, 0xa9, 0xf6, 0xa0, 0xa6, 0xf3, 0x9b, 0xa3, 0xf0, 0x91, 0x99, 0xe6,
0x91, 0x9a, 0xf2, 0x89, 0x92, 0xea, 0x82, 0x87, 0xf2, 0x7a, 0x7f, 0xea, 0x71, 0x70, 0xf2, 0x6e, 0x6d, 0xef, 0x65, 0x5b, 0xf8, 0x56, 0x4c, 0xe9,
0x4d, 0x3d, 0xed, 0x49, 0x39, 0xe9, 0x47, 0x33, 0xef, 0x46, 0x32, 0xee, 0x45, 0x30, 0xee, 0x41, 0x2c, 0xea, 0x3e, 0x28, 0xe9, 0x3d, 0x27, 0xe8,
0x3b, 0x25, 0xe6, 0x3a, 0x24, 0xe5, 0x36, 0x1e, 0xe6, 0x31, 0x19, 0xe1, 0x31, 0x16, 0xe0, 0x31, 0x16, 0xe0, 0x2e, 0x12, 0xdf, 0x2b, 0x0f, 0xdc,
0x2a, 0x0e, 0xdb, 0x29, 0x0d, 0xda, 0x29, 0x0b, 0xd6, 0x28, 0x0a, 0xd5, 0x27, 0x0a, 0xd1, 0x27, 0x0a, 0xd1, 0x26, 0x0c, 0xcb, 0x26, 0x0c, 0xcb,
0x29, 0x0e, 0xc9, 0x2a, 0x0f, 0xca, 0x2c, 0x0f, 0xc9, 0x2c, 0x0f, 0xc9, 0x2b, 0x0f, 0xc6, 0x29, 0x0d, 0xc4, 0x2b, 0x0f, 0xc1, 0x27, 0x0b, 0xbd,
0x2a, 0x0d, 0xbb, 0x2c, 0x0f, 0xbd, 0x33, 0x13, 0xbc, 0x35, 0x15, 0xbe, 0x3a, 0x1e, 0xb3, 0x3e, 0x22, 0xb7, 0x47, 0x31, 0xa9, 0x62, 0x4c, 0xc4,
0x6e, 0x63, 0xac, 0x37, 0x2c, 0x75, 0x00, 0x00, 0x17, 0x00, 0x00, 0x12, 0x00, 0x00, 0x07, 0x00, 0x00, 0x04, 0x00, 0x00, 0x01, 0x00, 0x00, 0x01,
0x00, 0x00, 0x01, 0x00, 0x00, 0x01, 0x00, 0x00, 0x00, 0x00, 0x00, 0x00, 0x00, 0x00, 0x01, 0x00, 0x00, 0x01, 0x00, 0x00, 0x00, 0x00, 0x00, 0x00,
0x00, 0x00, 0x04, 0x00, 0x00, 0x04, 0x00, 0x00, 0x06, 0x01, 0x00, 0x07, 0x00, 0x00, 0x0a, 0x01, 0x00, 0x0b, 0x00, 0x00, 0x21, 0x06, 0x01, 0x2b,
0x33, 0x27, 0x79, 0x7a, 0x6e, 0xc0, 0x59, 0x48, 0xb7, 0x5d, 0x4c, 0xbb, 0x57, 0x41, 0xcd, 0x5e, 0x48, 0xd4, 0x6e, 0x5b, 0xe5, 0x7c, 0x69, 0xf3,
0x86, 0x7b, 0xf3, 0x95, 0x8a, 0xff, 0x9f, 0x9a, 0xff, 0xa7, 0xa2, 0xff, 0xa8, 0xab, 0xff, 0xa8, 0xab, 0xff, 0xac, 0xb0, 0xfd, 0xac, 0xb0, 0xfd,
0xad, 0xb1, 0xfe, 0xad, 0xb1, 0xfe, 0xa9, 0xad, 0xfa, 0xa7, 0xab, 0xf8, 0xa5, 0xab, 0xf8, 0xa1, 0xa7, 0xf4, 0x9c, 0xa4, 0xf1, 0x96, 0x9e, 0xeb,
0x94, 0x9d, 0xf5, 0x8d, 0x96, 0xee, 0x88, 0x8d, 0xf8, 0x82, 0x87, 0xf2, 0x77, 0x76, 0xf8, 0x71, 0x70, 0xf2, 0x67, 0x5d, 0xfa, 0x55, 0x4b, 0xe8,
0x50, 0x40, 0xf0, 0x4e, 0x3e, 0xee, 0x4b, 0x37, 0xf3, 0x48, 0x34, 0xf0, 0x48, 0x33, 0xf1, 0x45, 0x30, 0xee, 0x41, 0x2b, 0xec, 0x40, 0x2a, 0xeb,
0x3d, 0x27, 0xe8, 0x3a, 0x24, 0xe5, 0x36, 0x1e, 0xe6, 0x31, 0x19, 0xe1, 0x31, 0x16, 0xe0, 0x31, 0x16, 0xe0, 0x2e, 0x12, 0xdf, 0x2c, 0x10, 0xdd,
0x2b, 0x0f, 0xdc, 0x2a, 0x0e, 0xdb, 0x2b, 0x0d, 0xd8, 0x29, 0x0b, 0xd6, 0x28, 0x0b, 0xd2, 0x28, 0x0b, 0xd2, 0x27, 0x0d, 0xcc, 0x27, 0x0d, 0xcc,
0x29, 0x0e, 0xc9, 0x2a, 0x0f, 0xca, 0x2c, 0x0f, 0xc9, 0x2b, 0x0e, 0xc8, 0x29, 0x0d, 0xc4, 0x29, 0x0d, 0xc4, 0x2a, 0x0e, 0xc0, 0x28, 0x0c, 0xbe,
0x2c, 0x0f, 0xbd, 0x2c, 0x0f, 0xbd, 0x32, 0x12, 0xbb, 0x34, 0x14, 0xbd, 0x39, 0x1d, 0xb2, 0x3c, 0x20, 0xb5, 0x45, 0x2f, 0xa7, 0x56, 0x40, 0xb8,
0x69, 0x5e, 0xa7, 0x4b, 0x40, 0x89, 0x0a, 0x07, 0x25, 0x00, 0x00, 0x03, 0x00, 0x00, 0x05, 0x00, 0x00, 0x07, 0x00, 0x00, 0x01, 0x00, 0x00, 0x01,
0x00, 0x00, 0x01, 0x00, 0x00, 0x01, 0x00, 0x00, 0x00, 0x00, 0x00, 0x00, 0x00, 0x00, 0x01, 0x00, 0x00, 0x01, 0x00, 0x00, 0x00, 0x00, 0x00, 0x00,
0x00, 0x02, 0x00, 0x00, 0x02, 0x00, 0x00, 0x00, 0x00, 0x01, 0x01, 0x00, 0x0a, 0x07, 0x1d, 0x00, 0x00, 0x12, 0x00, 0x00, 0x2b, 0x1b, 0x11, 0x4a,
0x4f, 0x41, 0xa1, 0x73, 0x65, 0xc5, 0x5c, 0x48, 0xcd, 0x58, 0x44, 0xc9, 0x5a, 0x48, 0xcd, 0x67, 0x55, 0xda, 0x71, 0x68, 0xe0, 0x7b, 0x72, 0xea,
0x89, 0x85, 0xef, 0x95, 0x91, 0xfb, 0x9c, 0x9f, 0xf5, 0xa7, 0xaa, 0xff, 0xae, 0xb6, 0xf7, 0xad, 0xb5, 0xf6, 0xad, 0xb5, 0xf6, 0xae, 0xb6, 0xf7,
0xb0, 0xb5, 0xf7, 0xb2, 0xb7, 0xf9, 0xae, 0xb4, 0xfa, 0xad, 0xb3, 0xf9, 0xa8, 0xad, 0xf6, 0xa6, 0xab, 0xf4, 0x9e, 0xa6, 0xf3, 0x9a, 0xa2, 0xef,
0x96, 0x9e, 0xf2, 0x92, 0x9a, 0xee, 0x8d, 0x92, 0xf6, 0x82, 0x87, 0xeb, 0x7b, 0x7b, 0xf6, 0x74, 0x74, 0xef, 0x6a, 0x63, 0xf8, 0x5e, 0x57, 0xec,
0x55, 0x47, 0xf0, 0x53, 0x45, 0xee, 0x4c, 0x38, 0xf2, 0x49, 0x35, 0xef, 0x47, 0x37, 0xec, 0x46, 0x36, 0xeb, 0x47, 0x34, 0xec, 0x44, 0x31, 0xe9,
0x3e, 0x2c, 0xe8, 0x38, 0x26, 0xe2, 0x34, 0x21, 0xdf, 0x30, 0x1d, 0xdb, 0x30, 0x18, 0xe0, 0x2e, 0x16, 0xde, 0x2c, 0x12, 0xdf, 0x2a, 0x10, 0xdd,
0x2b, 0x0f, 0xdc, 0x2a, 0x0e, 0xdb, 0x2b, 0x0f, 0xd4, 0x2b, 0x0f, 0xd4, 0x29, 0x0e, 0xd0, 0x29, 0x0e, 0xd0, 0x28, 0x0f, 0xcc, 0x27, 0x0e, 0xcb,
0x2a, 0x0f, 0xca, 0x2a, 0x0f, 0xca, 0x2a, 0x10, 0xc9, 0x28, 0x0e, 0xc7, 0x29, 0x0d, 0xc4, 0x28, 0x0c, 0xc3, 0x2b, 0x0f, 0xc1, 0x2c, 0x10, 0xc2,
0x2c, 0x11, 0xbf, 0x2c, 0x11, 0xbf, 0x31, 0x13, 0xbc, 0x32, 0x14, 0xbd, 0x37, 0x16, 0xba, 0x3a, 0x19, 0xbd, 0x40, 0x23, 0xb0, 0x4c, 0x2f, 0xbc,
0x67, 0x53, 0xb8, 0x59, 0x45, 0xaa, 0x1f, 0x14, 0x4a, 0x00, 0x00, 0x1e, 0x00, 0x00, 0x01, 0x01, 0x01, 0x08, 0x01, 0x04, 0x00, 0x00, 0x03, 0x00,
0x00, 0x03, 0x00, 0x00, 0x03, 0x00, 0x00, 0x03, 0x00, 0x00, 0x03, 0x00, 0x00, 0x00, 0x00, 0x00, 0x00, 0x00, 0x00, 0x00, 0x00, 0x00, 0x00, 0x00,
0x00, 0x02, 0x00, 0x00, 0x02, 0x00, 0x01, 0x01, 0x00, 0x03, 0x03, 0x01, 0x00, 0x00, 0x13, 0x00, 0x00, 0x0f, 0x00, 0x00, 0x2f, 0x2d, 0x23, 0x5c,
0x64, 0x56, 0xb6, 0x6b, 0x5d, 0xbd, 0x5e, 0x4a, 0xcf, 0x5c, 0x48, 0xcd, 0x5e, 0x4c, 0xd1, 0x6b, 0x59, 0xde, 0x73, 0x6a, 0xe2, 0x7c, 0x73, 0xeb,
0x88, 0x84, 0xee, 0x90, 0x8c, 0xf6, 0x99, 0x9c, 0xf2, 0xa8, 0xab, 0xff, 0xaf, 0xb7, 0xf8, 0xae, 0xb6, 0xf7, 0xae, 0xb6, 0xf7, 0xaf, 0xb7, 0xf8,
0xb1, 0xb6, 0xf8, 0xb2, 0xb7, 0xf9, 0xaf, 0xb5, 0xfb, 0xaf, 0xb5, 0xfb, 0xac, 0xb1, 0xfa, 0xaa, 0xaf, 0xf8, 0xa4, 0xac, 0xf9, 0xa2, 0xaa, 0xf7,
0x9b, 0xa3, 0xf7, 0x95, 0x9d, 0xf1, 0x90, 0x95, 0xf9, 0x85, 0x8a, 0xee, 0x7c, 0x7c, 0xf7, 0x75, 0x75, 0xf0, 0x70, 0x69, 0xfe, 0x67, 0x60, 0xf5,
0x5b, 0x4d, 0xf6, 0x56, 0x48, 0xf1, 0x4d, 0x39, 0xf3, 0x4c, 0x38, 0xf2, 0x4b, 0x3b, 0xf0, 0x4b, 0x3b, 0xf0, 0x4c, 0x39, 0xf1, 0x46, 0x33, 0xeb,
0x42, 0x30, 0xec, 0x3d, 0x2b, 0xe7, 0x36, 0x23, 0xe1, 0x32, 0x1f, 0xdd, 0x31, 0x19, 0xe1, 0x30, 0x18, 0xe0, 0x2e, 0x14, 0xe1, 0x2a, 0x10, 0xdd,
0x2b, 0x0f, 0xdc, 0x2a, 0x0e, 0xdb, 0x2b, 0x0f, 0xd4, 0x2b, 0x0f, 0xd4, 0x29, 0x0e, 0xd0, 0x29, 0x0e, 0xd0, 0x28, 0x0f, 0xcc, 0x27, 0x0e, 0xcb,
0x29, 0x0e, 0xc9, 0x28, 0x0d, 0xc8, 0x28, 0x0e, 0xc7, 0x28, 0x0e, 0xc7, 0x28, 0x0c, 0xc3, 0x28, 0x0c, 0xc3, 0x2c, 0x10, 0xc2, 0x2e, 0x12, 0xc4,
0x2d, 0x12, 0xc0, 0x2d, 0x12, 0xc0, 0x32, 0x14, 0xbd, 0x32, 0x14, 0xbd, 0x39, 0x18, 0xbc, 0x3a, 0x19, 0xbd, 0x3e, 0x21, 0xae, 0x45, 0x28, 0xb5,
0x62, 0x4e, 0xb3, 0x6a, 0x56, 0xbb, 0x3d, 0x32, 0x68, 0x02, 0x00, 0x2d, 0x00, 0x00, 0x02, 0x01, 0x01, 0x08, 0x01, 0x04, 0x00, 0x00, 0x03, 0x00,
0x00, 0x03, 0x00, 0x00, 0x03, 0x00, 0x00, 0x03, 0x00, 0x00, 0x03, 0x00, 0x00, 0x00, 0x00, 0x00, 0x00, 0x00, 0x00, 0x00, 0x00, 0x00, 0x00, 0x00,
0x00, 0x02, 0x00, 0x00, 0x02, 0x00, 0x00, 0x00, 0x00, 0x01, 0x01, 0x00, 0x00, 0x00, 0x15, 0x00, 0x00, 0x12, 0x06, 0x00, 0x41, 0x49, 0x40, 0x84,
0x75, 0x64, 0xd3, 0x66, 0x55, 0xc4, 0x5b, 0x48, 0xd2, 0x5c, 0x49, 0xd3, 0x5e, 0x51, 0xd5, 0x67, 0x5a, 0xde, 0x71, 0x6a, 0xe2, 0x7d, 0x76, 0xee,
0x84, 0x82, 0xec, 0x88, 0x86, 0xf0, 0x93, 0x97, 0xf0, 0xa1, 0xa5, 0xfe, 0xa5, 0xae, 0xf7, 0xa3, 0xac, 0xf5, 0xa4, 0xab, 0xf4, 0xa5, 0xac, 0xf5,
0xa5, 0xac, 0xf5, 0xa7, 0xae, 0xf7, 0xa7, 0xad, 0xfa, 0xa7, 0xad, 0xfa, 0xa7, 0xab, 0xfd, 0xa7, 0xab, 0xfd, 0xa4, 0xa9, 0xff, 0xa1, 0xa6, 0xfc,
0x9b, 0xa2, 0xfa, 0x96, 0x9d, 0xf5, 0x90, 0x94, 0xfa, 0x85, 0x89, 0xef, 0x7b, 0x7b, 0xf6, 0x75, 0x75, 0xf0, 0x75, 0x6c, 0xff, 0x6b, 0x62, 0xf6,
0x5d, 0x4f, 0xf8, 0x57, 0x49, 0xf2, 0x4e, 0x3f, 0xf1, 0x4d, 0x3e, 0xf0, 0x4c, 0x3c, 0xf1, 0x4c, 0x3c, 0xf1, 0x4c, 0x3b, 0xf3, 0x44, 0x33, 0xeb,
0x40, 0x31, 0xec, 0x3e, 0x2f, 0xea, 0x37, 0x24, 0xe2, 0x32, 0x1f, 0xdd, 0x32, 0x1a, 0xe2, 0x31, 0x19, 0xe1, 0x2f, 0x17, 0xdf, 0x2a, 0x12, 0xda,
0x2b, 0x11, 0xd7, 0x2a, 0x10, 0xd6, 0x2b, 0x10, 0xd2, 0x2b, 0x10, 0xd2, 0x29, 0x0f, 0xce, 0x29, 0x0f, 0xce, 0x28, 0x0f, 0xca, 0x27, 0x0e, 0xc9,
0x29, 0x0f, 0xc8, 0x28, 0x0e, 0xc7, 0x28, 0x10, 0xc3, 0x28, 0x10, 0xc3, 0x28, 0x0e, 0xc0, 0x28, 0x0e, 0xc0, 0x2c, 0x11, 0xc0, 0x2d, 0x12, 0xc1,
0x2d, 0x13, 0xbe, 0x2e, 0x14, 0xbf, 0x33, 0x16, 0xbd, 0x33, 0x16, 0xbd, 0x37, 0x19, 0xbd, 0x38, 0x1a, 0xbe, 0x3c, 0x1e, 0xb3, 0x3c, 0x1e, 0xb3,
0x55, 0x3e, 0xb0, 0x72, 0x5b, 0xcd, 0x5e, 0x4f, 0x96, 0x1d, 0x0e, 0x55, 0x01, 0x00, 0x0d, 0x00, 0x00, 0x0b, 0x01, 0x02, 0x00, 0x00, 0x01, 0x00,
0x00, 0x04, 0x00, 0x00, 0x04, 0x00, 0x00, 0x03, 0x00, 0x00, 0x03, 0x00, 0x00, 0x00, 0x00, 0x00, 0x00, 0x00, 0x00, 0x00, 0x00, 0x00, 0x00, 0x00,
0x00, 0x02, 0x00, 0x00, 0x02, 0x00, 0x00, 0x00, 0x00, 0x00, 0x00, 0x00, 0x00, 0x00, 0x16, 0x00, 0x00, 0x10, 0x0e, 0x05, 0x49, 0x5e, 0x55, 0x99,
0x70, 0x5f, 0xce, 0x63, 0x52, 0xc1, 0x5a, 0x47, 0xd1, 0x5d, 0x4a, 0xd4, 0x5f, 0x52, 0xd6, 0x68, 0x5b, 0xdf, 0x70, 0x69, 0xe1, 0x7b, 0x74, 0xec,
0x84, 0x82, 0xec, 0x87, 0x85, 0xef, 0x8f, 0x93, 0xec, 0x98, 0x9c, 0xf5, 0x9c, 0xa5, 0xee, 0x9c, 0xa5, 0xee, 0x9f, 0xa6, 0xef, 0xa1, 0xa8, 0xf1,
0xa1, 0xa8, 0xf1, 0xa3, 0xaa, 0xf3, 0xa1, 0xa7, 0xf4, 0xa0, 0xa6, 0xf3, 0xa0, 0xa4, 0xf6, 0xa0, 0xa4, 0xf6, 0x9d, 0xa2, 0xf8, 0x9f, 0xa4, 0xfa,
0x9a, 0xa1, 0xf9, 0x96, 0x9d, 0xf5, 0x91, 0x95, 0xfb, 0x85, 0x89, 0xef, 0x7a, 0x7a, 0xf5, 0x74, 0x74, 0xef, 0x73, 0x6a, 0xfe, 0x6a, 0x61, 0xf5,
0x5e, 0x50, 0xf9, 0x59, 0x4b, 0xf4, 0x51, 0x42, 0xf4, 0x50, 0x41, 0xf3, 0x4e, 0x3e, 0xf3, 0x4e, 0x3e, 0xf3, 0x4d, 0x3c, 0xf4, 0x46, 0x35, 0xed,
0x40, 0x31, 0xec, 0x3c, 0x2d, 0xe8, 0x36, 0x23, 0xe1, 0x31, 0x1e, 0xdc, 0x32, 0x1a, 0xe2, 0x30, 0x18, 0xe0, 0x2e, 0x16, 0xde, 0x2b, 0x13, 0xdb,
0x2b, 0x11, 0xd7, 0x2a, 0x10, 0xd6, 0x2b, 0x10, 0xd2, 0x2b, 0x10, 0xd2, 0x29, 0x0f, 0xce, 0x29, 0x0f, 0xce, 0x28, 0x0f, 0xca, 0x27, 0x0e, 0xc9,
0x29, 0x0f, 0xc8, 0x28, 0x0e, 0xc7, 0x28, 0x10, 0xc3, 0x27, 0x0f, 0xc2, 0x26, 0x0c, 0xbe, 0x28, 0x0e, 0xc0, 0x2c, 0x11, 0xc0, 0x2e, 0x13, 0xc2,
0x2e, 0x14, 0xbf, 0x2f, 0x15, 0xc0, 0x33, 0x16, 0xbd, 0x33, 0x16, 0xbd, 0x37, 0x19, 0xbd, 0x38, 0x1a, 0xbe, 0x3d, 0x1f, 0xb4, 0x39, 0x1b, 0xb0,
0x47, 0x30, 0xa2, 0x64, 0x4d, 0xbf, 0x6e, 0x5f, 0xa6, 0x40, 0x31, 0x78, 0x0d, 0x0b, 0x19, 0x00, 0x00, 0x07, 0x02, 0x03, 0x00, 0x00, 0x01, 0x00,
0x00, 0x04, 0x00, 0x00, 0x04, 0x00, 0x00, 0x03, 0x00, 0x00, 0x03, 0x00, 0x00, 0x00, 0x00, 0x00, 0x00, 0x00, 0x00, 0x00, 0x00, 0x00, 0x00, 0x00,
0x00, 0x02, 0x00, 0x00, 0x02, 0x00, 0x00, 0x02, 0x02, 0x00, 0x02, 0x02, 0x00, 0x00, 0x1c, 0x00, 0x00, 0x13, 0x33, 0x29, 0x75, 0x6c, 0x62, 0xae,
0x62, 0x51, 0xc6, 0x5f, 0x4e, 0xc3, 0x57, 0x47, 0xd0, 0x5b, 0x4b, 0xd4, 0x5f, 0x54, 0xd8, 0x66, 0x5b, 0xdf, 0x6e, 0x69, 0xe3, 0x79, 0x74, 0xee,
0x83, 0x82, 0xf0, 0x89, 0x88, 0xf6, 0x8e, 0x92, 0xf3, 0x93, 0x97, 0xf8, 0x96, 0xa0, 0xee, 0x99, 0xa3, 0xf1, 0x9e, 0xa5, 0xf4, 0xa2, 0xa9, 0xf8,
0xa2, 0xa9, 0xf8, 0xa1, 0xa8, 0xf7, 0xa1, 0xa7, 0xf9, 0xa1, 0xa7, 0xf9, 0xa1, 0xa3, 0xff, 0xa2, 0xa4, 0xff, 0xa2, 0xa5, 0xff, 0x9e, 0xa1, 0xfc,
0x9a, 0x9f, 0xfc, 0x95, 0x9a, 0xf7, 0x90, 0x93, 0xfc, 0x87, 0x8a, 0xf3, 0x7b, 0x7a, 0xf7, 0x73, 0x72, 0xef, 0x71, 0x68, 0xfd, 0x67, 0x5e, 0xf3,
0x5d, 0x4e, 0xfa, 0x59, 0x4a, 0xf6, 0x54, 0x45, 0xf7, 0x53, 0x44, 0xf6, 0x51, 0x41, 0xf6, 0x4d, 0x3d, 0xf2, 0x4a, 0x39, 0xf1, 0x44, 0x33, 0xeb,
0x3d, 0x2e, 0xe9, 0x3a, 0x2b, 0xe6, 0x33, 0x23, 0xe0, 0x2e, 0x1e, 0xdb, 0x2e, 0x18, 0xe0, 0x2d, 0x17, 0xdf, 0x2c, 0x14, 0xdc, 0x2b, 0x13, 0xdb,
0x2b, 0x11, 0xd7, 0x29, 0x0f, 0xd5, 0x29, 0x0e, 0xd0, 0x29, 0x0e, 0xd0, 0x28, 0x0e, 0xcd, 0x28, 0x0e, 0xcd, 0x27, 0x0e, 0xc9, 0x27, 0x0e, 0xc9,
0x26, 0x0f, 0xc5, 0x25, 0x0e, 0xc4, 0x27, 0x10, 0xc1, 0x26, 0x0f, 0xc0, 0x24, 0x0e, 0xbc, 0x26, 0x10, 0xbe, 0x29, 0x10, 0xbe, 0x2a, 0x11, 0xbf,
0x2e, 0x15, 0xbd, 0x2f, 0x16, 0xbe, 0x33, 0x16, 0xbd, 0x33, 0x16, 0xbd, 0x35, 0x17, 0xba, 0x35, 0x17, 0xba, 0x3b, 0x1c, 0xb5, 0x38, 0x19, 0xb2,
0x40, 0x25, 0xa3, 0x56, 0x3b, 0xb9, 0x68, 0x56, 0xac, 0x40, 0x2e, 0x84, 0x0b, 0x06, 0x23, 0x00, 0x00, 0x13, 0x02, 0x01, 0x03, 0x00, 0x00, 0x01,
0x00, 0x02, 0x00, 0x00, 0x02, 0x00, 0x00, 0x02, 0x00, 0x00, 0x02, 0x00, 0x00, 0x00, 0x00, 0x00, 0x00, 0x00, 0x00, 0x00, 0x01, 0x00, 0x00, 0x01,
0x00, 0x02, 0x00, 0x00, 0x02, 0x00, 0x00, 0x01, 0x01, 0x00, 0x01, 0x01, 0x02, 0x00, 0x20, 0x00, 0x00, 0x17, 0x36, 0x2c, 0x78, 0x67, 0x5d, 0xa9,
0x64, 0x53, 0xc8, 0x5d, 0x4c, 0xc1, 0x55, 0x45, 0xce, 0x5b, 0x4b, 0xd4, 0x5f, 0x54, 0xd8, 0x68, 0x5d, 0xe1, 0x6f, 0x6a, 0xe4, 0x77, 0x72, 0xec,
0x82, 0x81, 0xef, 0x89, 0x88, 0xf6, 0x8d, 0x91, 0xf2, 0x92, 0x96, 0xf7, 0x94, 0x9e, 0xec, 0x96, 0xa0, 0xee, 0x9b, 0xa2, 0xf1, 0x9e, 0xa5, 0xf4,
0x9f, 0xa6, 0xf5, 0x9e, 0xa5, 0xf4, 0x9e, 0xa4, 0xf6, 0x9f, 0xa5, 0xf7, 0x9f, 0xa1, 0xff, 0xa3, 0xa5, 0xff, 0xa3, 0xa6, 0xff, 0x9f, 0xa2, 0xfd,
0x99, 0x9e, 0xfb, 0x94, 0x99, 0xf6, 0x8f, 0x92, 0xfb, 0x89, 0x8c, 0xf5, 0x7b, 0x7a, 0xf7, 0x73, 0x72, 0xef, 0x70, 0x67, 0xfc, 0x67, 0x5e, 0xf3,
0x5e, 0x4f, 0xfb, 0x5a, 0x4b, 0xf7, 0x55, 0x46, 0xf8, 0x54, 0x45, 0xf7, 0x52, 0x42, 0xf7, 0x4c, 0x3c, 0xf1, 0x49, 0x38, 0xf0, 0x43, 0x32, 0xea,
0x3d, 0x2e, 0xe9, 0x3a, 0x2b, 0xe6, 0x33, 0x23, 0xe0, 0x2e, 0x1e, 0xdb, 0x2e, 0x18, 0xe0, 0x2c, 0x16, 0xde, 0x2b, 0x13, 0xdb, 0x29, 0x11, 0xd9,
0x2a, 0x10, 0xd6, 0x27, 0x0d, 0xd3, 0x28, 0x0d, 0xcf, 0x28, 0x0d, 0xcf, 0x28, 0x0e, 0xcd, 0x27, 0x0d, 0xcc, 0x27, 0x0e, 0xc9, 0x26, 0x0d, 0xc8,
0x26, 0x0f, 0xc5, 0x25, 0x0e, 0xc4, 0x26, 0x0f, 0xc0, 0x26, 0x0f, 0xc0, 0x24, 0x0e, 0xbc, 0x24, 0x0e, 0xbc, 0x29, 0x10, 0xbe, 0x2a, 0x11, 0xbf,
0x2d, 0x14, 0xbc, 0x2e, 0x15, 0xbd, 0x32, 0x15, 0xbc, 0x33, 0x16, 0xbd, 0x34, 0x16, 0xb9, 0x34, 0x16, 0xb9, 0x38, 0x19, 0xb2, 0x36, 0x17, 0xb0,
0x3c, 0x21, 0x9f, 0x52, 0x37, 0xb5, 0x67, 0x55, 0xab, 0x45, 0x33, 0x89, 0x14, 0x0f, 0x2c, 0x00, 0x00, 0x16, 0x01, 0x00, 0x02, 0x00, 0x00, 0x01,
0x00, 0x02, 0x00, 0x00, 0x02, 0x00, 0x00, 0x02, 0x00, 0x00, 0x02, 0x00, 0x00, 0x00, 0x00, 0x00, 0x00, 0x00, 0x00, 0x00, 0x01, 0x00, 0x00, 0x01,
0x00, 0x00, 0x00, 0x00, 0x00, 0x00, 0x00, 0x00, 0x05, 0x00, 0x00, 0x06, 0x00, 0x00, 0x22, 0x00, 0x00, 0x28, 0x4e, 0x43, 0xa0, 0x6f, 0x64, 0xc1,
0x60, 0x4f, 0xcd, 0x5b, 0x4a, 0xc8, 0x55, 0x45, 0xd3, 0x59, 0x49, 0xd7, 0x5f, 0x53, 0xda, 0x66, 0x5a, 0xe1, 0x6e, 0x69, 0xe5, 0x77, 0x72, 0xee,
0x80, 0x7e, 0xf0, 0x86, 0x84, 0xf6, 0x8a, 0x8c, 0xf2, 0x8e, 0x90, 0xf6, 0x91, 0x97, 0xf1, 0x94, 0x9a, 0xf4, 0x97, 0x9c, 0xf2, 0x9a, 0x9f, 0xf5,
0x9b, 0x9d, 0xfb, 0x9a, 0x9c, 0xfa, 0x9a, 0x9c, 0xfa, 0x9a, 0x9c, 0xfa, 0x9a, 0x9a, 0xff, 0x9c, 0x9c, 0xff, 0x9d, 0x9e, 0xff, 0x9c, 0x9d, 0xfe,
0x94, 0x98, 0xf9, 0x8f, 0x93, 0xf4, 0x8b, 0x8d, 0xf9, 0x84, 0x86, 0xf2, 0x7a, 0x79, 0xf6, 0x72, 0x71, 0xee, 0x6e, 0x65, 0xfa, 0x66, 0x5d, 0xf2,
0x5e, 0x4f, 0xfb, 0x5b, 0x4c, 0xf8, 0x55, 0x46, 0xf8, 0x54, 0x45, 0xf7, 0x52, 0x42, 0xf7, 0x4e, 0x3e, 0xf3, 0x48, 0x3a, 0xf1, 0x41, 0x33, 0xea,
0x3c, 0x2f, 0xea, 0x38, 0x2b, 0xe6, 0x34, 0x24, 0xe1, 0x2e, 0x1e, 0xdb, 0x2e, 0x18, 0xde, 0x2c, 0x16, 0xdc, 0x2b, 0x13, 0xd9, 0x29, 0x11, 0xd7,
0x2a, 0x11, 0xd5, 0x27, 0x0e, 0xd2, 0x28, 0x0e, 0xcd, 0x28, 0x0e, 0xcd, 0x27, 0x0e, 0xcb, 0x27, 0x0e, 0xcb, 0x26, 0x0d, 0xc8, 0x25, 0x0c, 0xc7,
0x25, 0x0d, 0xc6, 0x24, 0x0c, 0xc5, 0x24, 0x0c, 0xbf, 0x24, 0x0c, 0xbf, 0x24, 0x0d, 0xbe, 0x24, 0x0d, 0xbe, 0x28, 0x0f, 0xbe, 0x29, 0x10, 0xbf,
0x2c, 0x12, 0xbd, 0x2d, 0x13, 0xbe, 0x31, 0x14, 0xbb, 0x32, 0x15, 0xbc, 0x32, 0x16, 0xba, 0x32, 0x16, 0xba, 0x36, 0x18, 0xb4, 0x35, 0x17, 0xb3,
0x38, 0x1d, 0xa3, 0x49, 0x2e, 0xb4, 0x69, 0x55, 0xb9, 0x5e, 0x4a, 0xae, 0x27, 0x20, 0x4a, 0x00, 0x00, 0x20, 0x00, 0x00, 0x07, 0x00, 0x00, 0x07,
0x00, 0x00, 0x00, 0x00, 0x00, 0x00, 0x00, 0x01, 0x00, 0x00, 0x01, 0x00, 0x00, 0x00, 0x00, 0x00, 0x00, 0x00, 0x00, 0x00, 0x01, 0x00, 0x00, 0x01,
0x00, 0x00, 0x00, 0x00, 0x00, 0x00, 0x00, 0x00, 0x04, 0x00, 0x00, 0x05, 0x00, 0x00, 0x23, 0x12, 0x0d, 0x3c, 0x6d, 0x62, 0xbf, 0x63, 0x58, 0xb5,
0x5d, 0x4c, 0xca, 0x5b, 0x4a, 0xc8, 0x55, 0x45, 0xd3, 0x59, 0x49, 0xd7, 0x5f, 0x53, 0xda, 0x65, 0x59, 0xe0, 0x6b, 0x66, 0xe2, 0x75, 0x70, 0xec,
0x7e, 0x7c, 0xee, 0x84, 0x82, 0xf4, 0x86, 0x88, 0xee, 0x8b, 0x8d, 0xf3, 0x8f, 0x95, 0xef, 0x92, 0x98, 0xf2, 0x96, 0x9b, 0xf1, 0x97, 0x9c, 0xf2,
0x98, 0x9a, 0xf8, 0x97, 0x99, 0xf7, 0x96, 0x98, 0xf6, 0x96, 0x98, 0xf6, 0x96, 0x96, 0xfb, 0x97, 0x97, 0xfc, 0x98, 0x99, 0xfa, 0x98, 0x99, 0xfa,
0x92, 0x96, 0xf7, 0x8d, 0x91, 0xf2, 0x87, 0x89, 0xf5, 0x82, 0x84, 0xf0, 0x7a, 0x79, 0xf6, 0x71, 0x70, 0xed, 0x6d, 0x64, 0xf9, 0x66, 0x5d, 0xf2,
0x5d, 0x4e, 0xfa, 0x5a, 0x4b, 0xf7, 0x55, 0x46, 0xf8, 0x54, 0x45, 0xf7, 0x52, 0x42, 0xf7, 0x4e, 0x3e, 0xf3, 0x48, 0x3a, 0xf1, 0x41, 0x33, 0xea,
0x3c, 0x2f, 0xea, 0x38, 0x2b, 0xe6, 0x34, 0x24, 0xe1, 0x2e, 0x1e, 0xdb, 0x2e, 0x18, 0xde, 0x2d, 0x17, 0xdd, 0x2c, 0x14, 0xda, 0x2a, 0x12, 0xd8,
0x2b, 0x12, 0xd6, 0x29, 0x10, 0xd4, 0x29, 0x0f, 0xce, 0x29, 0x0f, 0xce, 0x27, 0x0e, 0xcb, 0x27, 0x0e, 0xcb, 0x26, 0x0d, 0xc8, 0x25, 0x0c, 0xc7,
0x24, 0x0c, 0xc5, 0x24, 0x0c, 0xc5, 0x24, 0x0c, 0xbf, 0x24, 0x0c, 0xbf, 0x24, 0x0d, 0xbe, 0x24, 0x0d, 0xbe, 0x28, 0x0f, 0xbe, 0x29, 0x10, 0xbf,
0x2c, 0x12, 0xbd, 0x2d, 0x13, 0xbe, 0x31, 0x14, 0xbb, 0x32, 0x15, 0xbc, 0x32, 0x16, 0xba, 0x31, 0x15, 0xb9, 0x35, 0x17, 0xb3, 0x35, 0x17, 0xb3,
0x39, 0x1e, 0xa4, 0x40, 0x25, 0xab, 0x61, 0x4d, 0xb1, 0x6c, 0x58, 0xbc, 0x3e, 0x37, 0x61, 0x02, 0x00, 0x25, 0x00, 0x00, 0x04, 0x00, 0x00, 0x08,
0x00, 0x00, 0x00, 0x00, 0x00, 0x00, 0x00, 0x01, 0x00, 0x00, 0x01, 0x00, 0x00, 0x00, 0x00, 0x00, 0x00, 0x00, 0x00, 0x00, 0x01, 0x00, 0x00, 0x01,
0x04, 0x02, 0x00, 0x05, 0x03, 0x00, 0x00, 0x02, 0x03, 0x00, 0x00, 0x00, 0x00, 0x00, 0x1e, 0x37, 0x30, 0x66, 0x6d, 0x59, 0xde, 0x64, 0x50, 0xd5,
0x51, 0x43, 0xcc, 0x55, 0x47, 0xd0, 0x53, 0x49, 0xd3, 0x55, 0x4b, 0xd5, 0x5b, 0x52, 0xda, 0x63, 0x5a, 0xe2, 0x69, 0x64, 0xe5, 0x72, 0x6d, 0xee,
0x75, 0x73, 0xea, 0x7e, 0x7c, 0xf3, 0x82, 0x83, 0xf3, 0x85, 0x86, 0xf6, 0x8b, 0x8e, 0xf7, 0x8f, 0x92, 0xfb, 0x91, 0x92, 0xfb, 0x93, 0x94, 0xfd,
0x94, 0x97, 0xfb, 0x93, 0x96, 0xfa, 0x92, 0x94, 0xfa, 0x91, 0x93, 0xf9, 0x91, 0x93, 0xf9, 0x92, 0x94, 0xfa, 0x92, 0x94, 0xfa, 0x91, 0x93, 0xf9,
0x8c, 0x91, 0xf5, 0x88, 0x8d, 0xf1, 0x82, 0x83, 0xf1, 0x7e, 0x7f, 0xed, 0x79, 0x77, 0xf7, 0x70, 0x6e, 0xee, 0x6e, 0x61, 0xfa, 0x66, 0x59, 0xf2,
0x5d, 0x4e, 0xf4, 0x59, 0x4a, 0xf0, 0x55, 0x46, 0xf3, 0x54, 0x45, 0xf2, 0x50, 0x3f, 0xf7, 0x4c, 0x3b, 0xf3, 0x42, 0x33, 0xec, 0x3e, 0x2f, 0xe8,
0x39, 0x2a, 0xea, 0x33, 0x24, 0xe4, 0x2e, 0x1d, 0xdd, 0x2d, 0x1c, 0xdc, 0x2e, 0x19, 0xdd, 0x2c, 0x17, 0xdb, 0x2d, 0x14, 0xd8, 0x2c, 0x13, 0xd7,
0x2c, 0x12, 0xd1, 0x2b, 0x11, 0xd0, 0x29, 0x0f, 0xce, 0x28, 0x0e, 0xcd, 0x27, 0x0e, 0xcb, 0x26, 0x0d, 0xca, 0x24, 0x0b, 0xc8, 0x25, 0x0c, 0xc9,
0x26, 0x0c, 0xc5, 0x24, 0x0a, 0xc3, 0x24, 0x0b, 0xc1, 0x24, 0x0b, 0xc1, 0x26, 0x0b, 0xbf, 0x25, 0x0a, 0xbe, 0x28, 0x0d, 0xbc, 0x2a, 0x0f, 0xbe,
0x2d, 0x11, 0xbc, 0x2e, 0x12, 0xbd, 0x31, 0x15, 0xb9, 0x31, 0x15, 0xb9, 0x33, 0x15, 0xb8, 0x33, 0x15, 0xb8, 0x35, 0x18, 0xb1, 0x36, 0x19, 0xb2,
0x3a, 0x1f, 0xa5, 0x41, 0x26, 0xac, 0x60, 0x4c, 0xb0, 0x67, 0x53, 0xb7, 0x36, 0x28, 0x68, 0x00, 0x00, 0x30, 0x00, 0x00, 0x00, 0x02, 0x04, 0x00,
0x00, 0x00, 0x03, 0x00, 0x00, 0x03, 0x00, 0x00, 0x04, 0x00, 0x00, 0x04, 0x00, 0x00, 0x00, 0x00, 0x00, 0x00, 0x00, 0x00, 0x01, 0x00, 0x00, 0x01,
0x04, 0x02, 0x00, 0x05, 0x03, 0x00, 0x00, 0x01, 0x02, 0x00, 0x00, 0x00, 0x00, 0x00, 0x28, 0x44, 0x3d, 0x73, 0x67, 0x53, 0xd8, 0x5d, 0x49, 0xce,
0x52, 0x44, 0xcd, 0x53, 0x45, 0xce, 0x53, 0x49, 0xd3, 0x54, 0x4a, 0xd4, 0x5a, 0x51, 0xd9, 0x63, 0x5a, 0xe2, 0x69, 0x64, 0xe5, 0x70, 0x6b, 0xec,
0x70, 0x6e, 0xe5, 0x79, 0x77, 0xee, 0x80, 0x81, 0xf1, 0x84, 0x85, 0xf5, 0x84, 0x87, 0xf0, 0x87, 0x8a, 0xf3, 0x8b, 0x8c, 0xf5, 0x8d, 0x8e, 0xf7,
0x8d, 0x90, 0xf4, 0x8c, 0x8f, 0xf3, 0x8c, 0x8e, 0xf4, 0x8c, 0x8e, 0xf4, 0x8d, 0x8f, 0xf5, 0x8d, 0x8f, 0xf5, 0x8d, 0x8f, 0xf5, 0x8c, 0x8e, 0xf4,
0x87, 0x8c, 0xf0, 0x82, 0x87, 0xeb, 0x7d, 0x7e, 0xec, 0x7a, 0x7b, 0xe9, 0x77, 0x75, 0xf5, 0x6d, 0x6b, 0xeb, 0x6c, 0x5f, 0xf8, 0x65, 0x58, 0xf1,
0x5b, 0x4c, 0xf2, 0x57, 0x48, 0xee, 0x55, 0x46, 0xf3, 0x54, 0x45, 0xf2, 0x50, 0x3f, 0xf7, 0x4b, 0x3a, 0xf2, 0x41, 0x32, 0xeb, 0x3e, 0x2f, 0xe8,
0x39, 0x2a, 0xea, 0x33, 0x24, 0xe4, 0x2e, 0x1d, 0xdd, 0x2c, 0x1b, 0xdb, 0x2e, 0x19, 0xdd, 0x2c, 0x17, 0xdb, 0x2d, 0x14, 0xd8, 0x2c, 0x13, 0xd7,
0x2c, 0x12, 0xd1, 0x2b, 0x11, 0xd0, 0x28, 0x0e, 0xcd, 0x28, 0x0e, 0xcd, 0x26, 0x0d, 0xca, 0x26, 0x0d, 0xca, 0x24, 0x0b, 0xc8, 0x24, 0x0b, 0xc8,
0x24, 0x0a, 0xc3, 0x24, 0x0a, 0xc3, 0x23, 0x0a, 0xc0, 0x23, 0x0a, 0xc0, 0x25, 0x0a, 0xbe, 0x25, 0x0a, 0xbe, 0x28, 0x0d, 0xbc, 0x2a, 0x0f, 0xbe,
0x2d, 0x11, 0xbc, 0x2e, 0x12, 0xbd, 0x30, 0x14, 0xb8, 0x31, 0x15, 0xb9, 0x33, 0x15, 0xb8, 0x33, 0x15, 0xb8, 0x35, 0x18, 0xb1, 0x36, 0x19, 0xb2,
0x3b, 0x20, 0xa6, 0x3b, 0x20, 0xa6, 0x50, 0x3c, 0xa0, 0x68, 0x54, 0xb8, 0x48, 0x3a, 0x7a, 0x06, 0x00, 0x38, 0x00, 0x00, 0x00, 0x01, 0x03, 0x00,
0x01, 0x00, 0x04, 0x00, 0x00, 0x03, 0x00, 0x00, 0x04, 0x00, 0x00, 0x04, 0x00, 0x00, 0x00, 0x00, 0x00, 0x00, 0x00, 0x00, 0x01, 0x00, 0x00, 0x01,
0x04, 0x00, 0x00, 0x06, 0x02, 0x00, 0x00, 0x00, 0x07, 0x00, 0x00, 0x06, 0x00, 0x00, 0x37, 0x46, 0x3f, 0x7e, 0x62, 0x4b, 0xdf, 0x57, 0x40, 0xd4,
0x52, 0x41, 0xd1, 0x53, 0x42, 0xd2, 0x52, 0x45, 0xd7, 0x53, 0x46, 0xd8, 0x58, 0x4c, 0xdb, 0x63, 0x57, 0xe6, 0x69, 0x61, 0xeb, 0x6f, 0x67, 0xf1,
0x6b, 0x67, 0xec, 0x72, 0x6e, 0xf3, 0x7b, 0x7a, 0xf7, 0x81, 0x80, 0xfd, 0x7f, 0x7f, 0xf8, 0x7f, 0x7f, 0xf8, 0x83, 0x81, 0xf8, 0x87, 0x85, 0xfc,
0x87, 0x86, 0xfb, 0x87, 0x86, 0xfb, 0x87, 0x85, 0xf7, 0x87, 0x85, 0xf7, 0x87, 0x85, 0xf7, 0x89, 0x87, 0xf9, 0x87, 0x86, 0xf6, 0x86, 0x85, 0xf5,
0x82, 0x83, 0xf1, 0x7d, 0x7e, 0xec, 0x79, 0x77, 0xee, 0x76, 0x74, 0xeb, 0x75, 0x72, 0xf4, 0x6b, 0x68, 0xea, 0x69, 0x5c, 0xf5, 0x64, 0x57, 0xf0,
0x58, 0x49, 0xef, 0x56, 0x47, 0xed, 0x53, 0x44, 0xf1, 0x52, 0x43, 0xf0, 0x50, 0x3f, 0xf7, 0x4c, 0x3b, 0xf3, 0x41, 0x32, 0xeb, 0x3e, 0x2f, 0xe8,
0x39, 0x2a, 0xea, 0x33, 0x24, 0xe4, 0x2e, 0x1d, 0xdd, 0x2c, 0x1b, 0xdb, 0x2d, 0x19, 0xda, 0x2a, 0x16, 0xd7, 0x2c, 0x14, 0xd5, 0x2b, 0x13, 0xd4,
0x2b, 0x12, 0xcf, 0x29, 0x10, 0xcd, 0x28, 0x0f, 0xcc, 0x27, 0x0e, 0xcb, 0x26, 0x0d, 0xca, 0x25, 0x0c, 0xc9, 0x22, 0x09, 0xc6, 0x22, 0x09, 0xc6,
0x23, 0x09, 0xc2, 0x23, 0x09, 0xc2, 0x22, 0x09, 0xbf, 0x22, 0x09, 0xbf, 0x24, 0x09, 0xbd, 0x25, 0x0a, 0xbe, 0x27, 0x0c, 0xbb, 0x28, 0x0d, 0xbc,
0x2c, 0x10, 0xbb, 0x2d, 0x11, 0xbc, 0x2f, 0x13, 0xb6, 0x30, 0x14, 0xb7, 0x32, 0x14, 0xb8, 0x32, 0x14, 0xb8, 0x37, 0x16, 0xb4, 0x37, 0x16, 0xb4,
0x3b, 0x1e, 0xab, 0x3a, 0x1d, 0xaa, 0x45, 0x2d, 0x9d, 0x5e, 0x46, 0xb6, 0x4f, 0x3c, 0x89, 0x0d, 0x00, 0x47, 0x00, 0x00, 0x00, 0x02, 0x02, 0x02,
0x03, 0x00, 0x07, 0x01, 0x00, 0x05, 0x00, 0x00, 0x04, 0x00, 0x00, 0x04, 0x00, 0x00, 0x00, 0x00, 0x00, 0x00, 0x00, 0x00, 0x01, 0x00, 0x00, 0x01,
0x04, 0x00, 0x00, 0x06, 0x02, 0x00, 0x00, 0x00, 0x07, 0x00, 0x00, 0x07, 0x02, 0x00, 0x3a, 0x4a, 0x43, 0x82, 0x62, 0x4b, 0xdf, 0x56, 0x3f, 0xd3,
0x50, 0x3f, 0xcf, 0x52, 0x41, 0xd1, 0x53, 0x46, 0xd8, 0x53, 0x46, 0xd8, 0x56, 0x4a, 0xd9, 0x5f, 0x53, 0xe2, 0x68, 0x60, 0xea, 0x6f, 0x67, 0xf1,
0x6b, 0x67, 0xec, 0x6d, 0x69, 0xee, 0x77, 0x76, 0xf3, 0x7f, 0x7e, 0xfb, 0x7b, 0x7b, 0xf4, 0x7b, 0x7b, 0xf4, 0x80, 0x7e, 0xf5, 0x82, 0x80, 0xf7,
0x82, 0x81, 0xf6, 0x82, 0x81, 0xf6, 0x84, 0x82, 0xf4, 0x84, 0x82, 0xf4, 0x83, 0x81, 0xf3, 0x83, 0x81, 0xf3, 0x80, 0x7f, 0xef, 0x7f, 0x7e, 0xee,
0x7c, 0x7d, 0xeb, 0x79, 0x7a, 0xe8, 0x75, 0x73, 0xea, 0x74, 0x72, 0xe9, 0x71, 0x6e, 0xf0, 0x6b, 0x68, 0xea, 0x67, 0x5a, 0xf3, 0x60, 0x53, 0xec,
0x57, 0x48, 0xee, 0x55, 0x46, 0xec, 0x52, 0x43, 0xf0, 0x50, 0x41, 0xee, 0x50, 0x3f, 0xf7, 0x4d, 0x3c, 0xf4, 0x41, 0x32, 0xeb, 0x3e, 0x2f, 0xe8,
0x39, 0x2a, 0xea, 0x33, 0x24, 0xe4, 0x2e, 0x1d, 0xdd, 0x2c, 0x1b, 0xdb, 0x2d, 0x19, 0xda, 0x2a, 0x16, 0xd7, 0x2c, 0x14, 0xd5, 0x2b, 0x13, 0xd4,
0x2b, 0x12, 0xcf, 0x29, 0x10, 0xcd, 0x27, 0x0e, 0xcb, 0x26, 0x0d, 0xca, 0x25, 0x0c, 0xc9, 0x24, 0x0b, 0xc8, 0x22, 0x09, 0xc6, 0x22, 0x09, 0xc6,
0x22, 0x08, 0xc1, 0x22, 0x08, 0xc1, 0x22, 0x09, 0xbf, 0x22, 0x09, 0xbf, 0x24, 0x09, 0xbd, 0x24, 0x09, 0xbd, 0x27, 0x0c, 0xbb, 0x28, 0x0d, 0xbc,
0x2a, 0x0e, 0xb9, 0x2c, 0x10, 0xbb, 0x2e, 0x12, 0xb5, 0x2f, 0x13, 0xb6, 0x32, 0x14, 0xb8, 0x32, 0x14, 0xb8, 0x36, 0x15, 0xb3, 0x37, 0x16, 0xb4,
0x3a, 0x1d, 0xaa, 0x3d, 0x20, 0xad, 0x42, 0x2a, 0x9a, 0x57, 0x3f, 0xaf, 0x52, 0x3f, 0x8c, 0x13, 0x00, 0x4d, 0x00, 0x00, 0x00, 0x02, 0x02, 0x02,
0x03, 0x00, 0x07, 0x01, 0x00, 0x05, 0x00, 0x00, 0x04, 0x00, 0x00, 0x04, 0x00, 0x00, 0x00, 0x00, 0x00, 0x00, 0x00, 0x00, 0x01, 0x00, 0x00, 0x01,
0x04, 0x00, 0x00, 0x06, 0x02, 0x00, 0x00, 0x00, 0x06, 0x00, 0x00, 0x07, 0x03, 0x00, 0x3c, 0x4b, 0x43, 0x84, 0x63, 0x4b, 0xe3, 0x55, 0x3d, 0xd5,
0x4e, 0x3d, 0xd4, 0x4f, 0x3e, 0xd5, 0x4f, 0x42, 0xdb, 0x50, 0x43, 0xdc, 0x53, 0x47, 0xdd, 0x5a, 0x4e, 0xe4, 0x63, 0x5a, 0xee, 0x69, 0x60, 0xf4,
0x6a, 0x62, 0xf3, 0x6d, 0x65, 0xf6, 0x71, 0x6b, 0xf7, 0x75, 0x6f, 0xfb, 0x78, 0x74, 0xfb, 0x78, 0x74, 0xfb, 0x7d, 0x76, 0xfc, 0x80, 0x79, 0xff,
0x81, 0x7a, 0xff, 0x80, 0x79, 0xff, 0x82, 0x7b, 0xfc, 0x82, 0x7b, 0xfc, 0x80, 0x79, 0xfa, 0x82, 0x7b, 0xfc, 0x80, 0x7a, 0xf8, 0x7f, 0x79, 0xf7,
0x79, 0x74, 0xf5, 0x74, 0x6f, 0xf0, 0x70, 0x69, 0xf1, 0x70, 0x69, 0xf1, 0x6e, 0x68, 0xf4, 0x6a, 0x64, 0xf0, 0x69, 0x5a, 0xf8, 0x64, 0x55, 0xf3,
0x56, 0x47, 0xed, 0x54, 0x45, 0xeb, 0x50, 0x40, 0xf0, 0x4f, 0x3f, 0xef, 0x4e, 0x3e, 0xf3, 0x50, 0x40, 0xf5, 0x41, 0x32, 0xeb, 0x3e, 0x2f, 0xe8,
0x3b, 0x2a, 0xea, 0x35, 0x24, 0xe4, 0x2e, 0x1d, 0xdd, 0x2b, 0x1a, 0xda, 0x2d, 0x19, 0xda, 0x29, 0x15, 0xd6, 0x2a, 0x12, 0xd3, 0x29, 0x11, 0xd2,
0x28, 0x0f, 0xcc, 0x27, 0x0e, 0xcb, 0x26, 0x0d, 0xca, 0x25, 0x0c, 0xc9, 0x24, 0x0b, 0xc8, 0x24, 0x0b, 0xc8, 0x22, 0x09, 0xc6, 0x22, 0x09, 0xc6,
0x22, 0x08, 0xc1, 0x22, 0x08, 0xc1, 0x21, 0x08, 0xbe, 0x21, 0x08, 0xbe, 0x23, 0x08, 0xbc, 0x23, 0x08, 0xbc, 0x26, 0x0b, 0xba, 0x27, 0x0c, 0xbb,
0x2a, 0x0e, 0xb9, 0x2c, 0x10, 0xbb, 0x2e, 0x12, 0xb5, 0x2f, 0x13, 0xb6, 0x31, 0x13, 0xb7, 0x31, 0x13, 0xb7, 0x35, 0x14, 0xb2, 0x36, 0x15, 0xb3,
0x3a, 0x1c, 0xac, 0x3d, 0x1f, 0xaf, 0x3e, 0x24, 0x9a, 0x50, 0x36, 0xac, 0x57, 0x43, 0x94, 0x1a, 0x06, 0x57, 0x00, 0x00, 0x00, 0x00, 0x00, 0x00,
0x04, 0x02, 0x07, 0x02, 0x00, 0x05, 0x01, 0x00, 0x04, 0x01, 0x00, 0x04, 0x00, 0x00, 0x00, 0x00, 0x00, 0x00, 0x00, 0x00, 0x01, 0x00, 0x00, 0x01,
0x04, 0x00, 0x00, 0x06, 0x02, 0x00, 0x00, 0x00, 0x06, 0x00, 0x00, 0x07, 0x02, 0x00, 0x3b, 0x4a, 0x42, 0x83, 0x63, 0x4b, 0xe3, 0x55, 0x3d, 0xd5,
0x4d, 0x3c, 0xd3, 0x4f, 0x3e, 0xd5, 0x4d, 0x40, 0xd9, 0x4f, 0x42, 0xdb, 0x54, 0x48, 0xde, 0x5b, 0x4f, 0xe5, 0x60, 0x57, 0xeb, 0x64, 0x5b, 0xef,
0x6a, 0x62, 0xf3, 0x69, 0x61, 0xf2, 0x65, 0x5f, 0xeb, 0x69, 0x63, 0xef, 0x6d, 0x69, 0xf0, 0x6e, 0x6a, 0xf1, 0x72, 0x6b, 0xf1, 0x73, 0x6c, 0xf2,
0x74, 0x6d, 0xf3, 0x75, 0x6e, 0xf4, 0x77, 0x70, 0xf1, 0x78, 0x71, 0xf2, 0x77, 0x70, 0xf1, 0x77, 0x70, 0xf1, 0x76, 0x70, 0xee, 0x75, 0x6f, 0xed,
0x72, 0x6d, 0xee, 0x6f, 0x6a, 0xeb, 0x6d, 0x66, 0xee, 0x6c, 0x65, 0xed, 0x69, 0x63, 0xef, 0x65, 0x5f, 0xeb, 0x65, 0x56, 0xf4, 0x5e, 0x4f, 0xed,
0x54, 0x45, 0xeb, 0x50, 0x41, 0xe7, 0x4d, 0x3d, 0xed, 0x4e, 0x3e, 0xee, 0x4d, 0x3d, 0xf2, 0x51, 0x41, 0xf6, 0x41, 0x32, 0xeb, 0x40, 0x31, 0xea,
0x3c, 0x2b, 0xeb, 0x35, 0x24, 0xe4, 0x2d, 0x1c, 0xdc, 0x2a, 0x19, 0xd9, 0x2a, 0x16, 0xd7, 0x28, 0x14, 0xd5, 0x29, 0x11, 0xd2, 0x27, 0x0f, 0xd0,
0x27, 0x0e, 0xcb, 0x26, 0x0d, 0xca, 0x25, 0x0c, 0xc9, 0x24, 0x0b, 0xc8, 0x22, 0x09, 0xc6, 0x22, 0x09, 0xc6, 0x21, 0x08, 0xc5, 0x21, 0x08, 0xc5,
0x21, 0x07, 0xc0, 0x21, 0x07, 0xc0, 0x21, 0x08, 0xbe, 0x21, 0x08, 0xbe, 0x23, 0x08, 0xbc, 0x23, 0x08, 0xbc, 0x26, 0x0b, 0xba, 0x27, 0x0c, 0xbb,
0x29, 0x0d, 0xb8, 0x2a, 0x0e, 0xb9, 0x2c, 0x10, 0xb3, 0x2e, 0x12, 0xb5, 0x31, 0x13, 0xb7, 0x31, 0x13, 0xb7, 0x35, 0x14, 0xb2, 0x36, 0x15, 0xb3,
0x3a, 0x1c, 0xac, 0x3d, 0x1f, 0xaf, 0x3e, 0x24, 0x9a, 0x4e, 0x34, 0xaa, 0x58, 0x44, 0x95, 0x1b, 0x07, 0x58, 0x00, 0x00, 0x00, 0x00, 0x00, 0x00,
0x04, 0x02, 0x07, 0x02, 0x00, 0x05, 0x01, 0x00, 0x04, 0x01, 0x00, 0x04, 0x00, 0x00, 0x00, 0x00, 0x00, 0x00, 0x00, 0x00, 0x01, 0x00, 0x00, 0x01,
0x04, 0x00, 0x00, 0x06, 0x02, 0x00, 0x00, 0x00, 0x07, 0x00, 0x00, 0x07, 0x00, 0x00, 0x3a, 0x49, 0x44, 0x83, 0x60, 0x4b, 0xe2, 0x51, 0x3c, 0xd3,
0x4a, 0x37, 0xd3, 0x4d, 0x3a, 0xd6, 0x4d, 0x3d, 0xde, 0x4f, 0x3f, 0xe0, 0x53, 0x44, 0xe2, 0x5a, 0x4b, 0xe9, 0x5d, 0x50, 0xf0, 0x60, 0x53, 0xf3,
0x63, 0x57, 0xf4, 0x62, 0x56, 0xf3, 0x5f, 0x55, 0xed, 0x64, 0x5a, 0xf2, 0x6b, 0x62, 0xf6, 0x6c, 0x63, 0xf7, 0x6d, 0x61, 0xf6, 0x6c, 0x60, 0xf5,
0x6c, 0x60, 0xf5, 0x6f, 0x63, 0xf8, 0x72, 0x66, 0xf5, 0x72, 0x66, 0xf5, 0x72, 0x66, 0xf5, 0x71, 0x65, 0xf4, 0x6f, 0x64, 0xf1, 0x6f, 0x64, 0xf1,
0x6b, 0x60, 0xf2, 0x68, 0x5d, 0xef, 0x67, 0x5a, 0xf3, 0x66, 0x59, 0xf2, 0x63, 0x5a, 0xef, 0x5e, 0x55, 0xea, 0x5d, 0x4c, 0xf1, 0x58, 0x47, 0xec,
0x50, 0x3f, 0xeb, 0x4e, 0x3d, 0xe9, 0x4a, 0x38, 0xe8, 0x4b, 0x39, 0xe9, 0x4b, 0x39, 0xee, 0x4d, 0x3b, 0xf0, 0x40, 0x2e, 0xe8, 0x3e, 0x2c, 0xe6,
0x3a, 0x29, 0xe9, 0x33, 0x22, 0xe2, 0x2d, 0x19, 0xda, 0x2a, 0x16, 0xd7, 0x2b, 0x15, 0xd6, 0x28, 0x12, 0xd3, 0x26, 0x0e, 0xcf, 0x25, 0x0d, 0xce,
0x25, 0x0b, 0xca, 0x24, 0x0a, 0xc9, 0x22, 0x09, 0xc6, 0x22, 0x09, 0xc6, 0x21, 0x08, 0xc3, 0x21, 0x08, 0xc3, 0x20, 0x08, 0xc1, 0x20, 0x08, 0xc1,
0x20, 0x08, 0xbb, 0x20, 0x08, 0xbb, 0x20, 0x09, 0xba, 0x20, 0x09, 0xba, 0x22, 0x09, 0xb8, 0x22, 0x09, 0xb8, 0x25, 0x0b, 0xb6, 0x26, 0x0c, 0xb7,
0x28, 0x0e, 0xb4, 0x2a, 0x10, 0xb6, 0x2c, 0x12, 0xaf, 0x2e, 0x14, 0xb1, 0x30, 0x12, 0xb5, 0x30, 0x12, 0xb5, 0x35, 0x15, 0xb1, 0x36, 0x16, 0xb2,
0x3a, 0x1d, 0xaa, 0x3d, 0x20, 0xad, 0x3f, 0x26, 0x9a, 0x51, 0x38, 0xac, 0x5a, 0x48, 0x92, 0x1a, 0x08, 0x52, 0x00, 0x00, 0x00, 0x00, 0x00, 0x03,
0x03, 0x01, 0x06, 0x02, 0x00, 0x05, 0x01, 0x00, 0x04, 0x01, 0x00, 0x04, 0x00, 0x00, 0x00, 0x00, 0x00, 0x00, 0x00, 0x00, 0x00, 0x00, 0x00, 0x00,
0x04, 0x00, 0x00, 0x05, 0x01, 0x00, 0x00, 0x00, 0x08, 0x00, 0x00, 0x07, 0x00, 0x00, 0x3a, 0x4a, 0x45, 0x84, 0x60, 0x4b, 0xe2, 0x4e, 0x39, 0xd0,
0x47, 0x34, 0xd0, 0x4c, 0x39, 0xd5, 0x4a, 0x3a, 0xdb, 0x4b, 0x3b, 0xdc, 0x50, 0x41, 0xdf, 0x58, 0x49, 0xe7, 0x56, 0x49, 0xe9, 0x57, 0x4a, 0xea,
0x58, 0x4c, 0xe9, 0x5f, 0x53, 0xf0, 0x60, 0x56, 0xee, 0x62, 0x58, 0xf0, 0x66, 0x5d, 0xf1, 0x6a, 0x61, 0xf5, 0x6c, 0x60, 0xf5, 0x6c, 0x60, 0xf5,
0x6d, 0x61, 0xf6, 0x6e, 0x62, 0xf7, 0x70, 0x64, 0xf3, 0x71, 0x65, 0xf4, 0x70, 0x64, 0xf3, 0x70, 0x64, 0xf3, 0x6f, 0x64, 0xf1, 0x6f, 0x64, 0xf1,
0x6b, 0x60, 0xf2, 0x68, 0x5d, 0xef, 0x66, 0x59, 0xf2, 0x66, 0x59, 0xf2, 0x5f, 0x56, 0xeb, 0x57, 0x4e, 0xe3, 0x57, 0x46, 0xeb, 0x53, 0x42, 0xe7,
0x4e, 0x3d, 0xe9, 0x4b, 0x3a, 0xe6, 0x49, 0x37, 0xe7, 0x49, 0x37, 0xe7, 0x47, 0x35, 0xea, 0x49, 0x37, 0xec, 0x3d, 0x2b, 0xe5, 0x39, 0x27, 0xe1,
0x36, 0x25, 0xe5, 0x2f, 0x1e, 0xde, 0x2d, 0x19, 0xda, 0x29, 0x15, 0xd6, 0x29, 0x13, 0xd4, 0x27, 0x11, 0xd2, 0x25, 0x0d, 0xce, 0x24, 0x0c, 0xcd,
0x25, 0x0b, 0xca, 0x24, 0x0a, 0xc9, 0x22, 0x09, 0xc6, 0x22, 0x09, 0xc6, 0x21, 0x08, 0xc3, 0x21, 0x08, 0xc3, 0x20, 0x08, 0xc1, 0x20, 0x08, 0xc1,
0x20, 0x08, 0xbb, 0x20, 0x08, 0xbb, 0x20, 0x09, 0xba, 0x20, 0x09, 0xba, 0x22, 0x09, 0xb8, 0x22, 0x09, 0xb8, 0x25, 0x0b, 0xb6, 0x25, 0x0b, 0xb6,
0x28, 0x0e, 0xb4, 0x29, 0x0f, 0xb5, 0x2c, 0x12, 0xaf, 0x2e, 0x14, 0xb1, 0x30, 0x12, 0xb5, 0x30, 0x12, 0xb5, 0x35, 0x15, 0xb1, 0x36, 0x16, 0xb2,
0x3a, 0x1d, 0xaa, 0x3e, 0x21, 0xae, 0x42, 0x29, 0x9d, 0x51, 0x38, 0xac, 0x5d, 0x4b, 0x95, 0x1d, 0x0b, 0x55, 0x00, 0x00, 0x00, 0x00, 0x00, 0x03,
0x04, 0x02, 0x07, 0x03, 0x01, 0x06, 0x03, 0x01, 0x06, 0x02, 0x00, 0x05, 0x00, 0x00, 0x00, 0x00, 0x00, 0x00, 0x00, 0x00, 0x00, 0x00, 0x00, 0x00,
0x04, 0x00, 0x00, 0x06, 0x01, 0x02, 0x00, 0x00, 0x12, 0x00, 0x00, 0x0f, 0x00, 0x00, 0x36, 0x49, 0x44, 0x81, 0x60, 0x49, 0xdd, 0x4f, 0x38, 0xcc,
0x47, 0x33, 0xcd, 0x49, 0x35, 0xcf, 0x4a, 0x36, 0xdd, 0x4b, 0x37, 0xde, 0x51, 0x3f, 0xe0, 0x56, 0x44, 0xe5, 0x57, 0x45, 0xec, 0x58, 0x46, 0xed,
0x59, 0x4b, 0xef, 0x5d, 0x4f, 0xf3, 0x62, 0x56, 0xf3, 0x65, 0x59, 0xf6, 0x66, 0x5c, 0xf4, 0x67, 0x5d, 0xf5, 0x6b, 0x5e, 0xf7, 0x6d, 0x60, 0xf9,
0x70, 0x61, 0xfa, 0x6f, 0x60, 0xf9, 0x6e, 0x60, 0xf6, 0x6d, 0x5f, 0xf5, 0x6b, 0x5d, 0xf2, 0x6b, 0x5d, 0xf2, 0x69, 0x5c, 0xee, 0x68, 0x5b, 0xed,
0x64, 0x58, 0xee, 0x62, 0x56, 0xec, 0x61, 0x52, 0xf0, 0x60, 0x51, 0xef, 0x5f, 0x51, 0xf5, 0x57, 0x49, 0xed, 0x52, 0x3f, 0xe9, 0x4f, 0x3c, 0xe6,
0x4d, 0x39, 0xe6, 0x4b, 0x37, 0xe4, 0x47, 0x35, 0xe5, 0x46, 0x34, 0xe4, 0x44, 0x33, 0xe5, 0x42, 0x31, 0xe3, 0x3b, 0x29, 0xe3, 0x38, 0x26, 0xe0,
0x35, 0x22, 0xe0, 0x2f, 0x1c, 0xda, 0x2a, 0x16, 0xd7, 0x28, 0x14, 0xd5, 0x27, 0x11, 0xd2, 0x24, 0x0e, 0xcf, 0x26, 0x0b, 0xcd, 0x25, 0x0a, 0xcc,
0x26, 0x0a, 0xc9, 0x23, 0x07, 0xc6, 0x23, 0x08, 0xc3, 0x23, 0x08, 0xc3, 0x21, 0x09, 0xc2, 0x21, 0x09, 0xc2, 0x20, 0x0a, 0xbd, 0x20, 0x0a, 0xbd,
0x20, 0x0a, 0xb8, 0x20, 0x0a, 0xb8, 0x1f, 0x09, 0xb6, 0x1f, 0x09, 0xb6, 0x21, 0x09, 0xb4, 0x21, 0x09, 0xb4, 0x24, 0x0c, 0xb2, 0x25, 0x0d, 0xb3,
0x28, 0x0f, 0xb1, 0x29, 0x10, 0xb2, 0x2b, 0x13, 0xab, 0x2c, 0x14, 0xac, 0x30, 0x15, 0xb0, 0x30, 0x15, 0xb0, 0x34, 0x1b, 0xa1, 0x36, 0x1d, 0xa3,
0x3d, 0x1f, 0xa6, 0x41, 0x23, 0xaa, 0x48, 0x22, 0xad, 0x57, 0x31, 0xbc, 0x60, 0x51, 0x93, 0x16, 0x07, 0x49, 0x00, 0x00, 0x05, 0x00, 0x00, 0x09,
0x02, 0x02, 0x02, 0x02, 0x02, 0x02, 0x03, 0x03, 0x01, 0x02, 0x02, 0x00, 0x00, 0x00, 0x00, 0x00, 0x00, 0x00, 0x00, 0x00, 0x00, 0x00, 0x00, 0x00,
0x04, 0x00, 0x00, 0x05, 0x00, 0x01, 0x00, 0x00, 0x14, 0x00, 0x00, 0x10, 0x00, 0x00, 0x34, 0x44, 0x3f, 0x7c, 0x5e, 0x47, 0xdb, 0x50, 0x39, 0xcd,
0x45, 0x31, 0xcb, 0x48, 0x34, 0xce, 0x48, 0x34, 0xdb, 0x4c, 0x38, 0xdf, 0x4e, 0x3c, 0xdd, 0x54, 0x42, 0xe3, 0x54, 0x42, 0xe9, 0x58, 0x46, 0xed,
0x57, 0x49, 0xed, 0x5c, 0x4e, 0xf2, 0x5f, 0x53, 0xf0, 0x60, 0x54, 0xf1, 0x5e, 0x54, 0xec, 0x5d, 0x53, 0xeb, 0x65, 0x58, 0xf1, 0x67, 0x5a, 0xf3,
0x68, 0x59, 0xf2, 0x67, 0x58, 0xf1, 0x66, 0x58, 0xee, 0x64, 0x56, 0xec, 0x63, 0x55, 0xea, 0x64, 0x56, 0xeb, 0x63, 0x56, 0xe8, 0x60, 0x53, 0xe5,
0x5d, 0x51, 0xe7, 0x5d, 0x51, 0xe7, 0x5d, 0x4e, 0xec, 0x5b, 0x4c, 0xea, 0x59, 0x4b, 0xef, 0x54, 0x46, 0xea, 0x50, 0x3d, 0xe7, 0x4b, 0x38, 0xe2,
0x49, 0x35, 0xe2, 0x49, 0x35, 0xe2, 0x44, 0x32, 0xe2, 0x44, 0x32, 0xe2, 0x40, 0x2f, 0xe1, 0x3d, 0x2c, 0xde, 0x38, 0x26, 0xe0, 0x37, 0x25, 0xdf,
0x34, 0x21, 0xdf, 0x2e, 0x1b, 0xd9, 0x29, 0x15, 0xd6, 0x27, 0x13, 0xd4, 0x25, 0x0f, 0xd0, 0x24, 0x0e, 0xcf, 0x26, 0x0b, 0xcd, 0x25, 0x0a, 0xcc,
0x24, 0x08, 0xc7, 0x23, 0x07, 0xc6, 0x22, 0x07, 0xc2, 0x22, 0x07, 0xc2, 0x20, 0x08, 0xc1, 0x20, 0x08, 0xc1, 0x1f, 0x09, 0xbc, 0x1f, 0x09, 0xbc,
0x20, 0x0a, 0xb8, 0x1f, 0x09, 0xb7, 0x1f, 0x09, 0xb6, 0x1f, 0x09, 0xb6, 0x21, 0x09, 0xb4, 0x21, 0x09, 0xb4, 0x24, 0x0c, 0xb2, 0x24, 0x0c, 0xb2,
0x27, 0x0e, 0xb0, 0x28, 0x0f, 0xb1, 0x2a, 0x12, 0xaa, 0x2b, 0x13, 0xab, 0x2e, 0x13, 0xae, 0x2e, 0x13, 0xae, 0x32, 0x19, 0x9f, 0x35, 0x1c, 0xa2,
0x3c, 0x1e, 0xa5, 0x40, 0x22, 0xa9, 0x4c, 0x26, 0xb1, 0x5b, 0x35, 0xc0, 0x5f, 0x50, 0x92, 0x11, 0x02, 0x44, 0x00, 0x00, 0x06, 0x00, 0x00, 0x0b,
0x02, 0x02, 0x02, 0x02, 0x02, 0x02, 0x03, 0x03, 0x01, 0x02, 0x02, 0x00, 0x00, 0x00, 0x00, 0x00, 0x00, 0x00, 0x00, 0x00, 0x00, 0x00, 0x00, 0x00,
0x04, 0x00, 0x00, 0x05, 0x00, 0x01, 0x00, 0x01, 0x11, 0x00, 0x00, 0x0e, 0x00, 0x00, 0x29, 0x3c, 0x3b, 0x6e, 0x5f, 0x4a, 0xd4, 0x52, 0x3d, 0xc7,
0x46, 0x32, 0xc5, 0x49, 0x35, 0xc8, 0x4c, 0x35, 0xd8, 0x4f, 0x38, 0xdb, 0x4c, 0x3c, 0xd7, 0x52, 0x42, 0xdd, 0x52, 0x40, 0xe7, 0x56, 0x44, 0xeb,
0x57, 0x44, 0xee, 0x5a, 0x47, 0xf1, 0x59, 0x4b, 0xef, 0x5b, 0x4d, 0xf1, 0x59, 0x4c, 0xed, 0x59, 0x4c, 0xed, 0x5e, 0x4e, 0xf0, 0x60, 0x50, 0xf2,
0x62, 0x50, 0xf2, 0x60, 0x4e, 0xf0, 0x60, 0x50, 0xeb, 0x60, 0x50, 0xeb, 0x60, 0x50, 0xeb, 0x60, 0x50, 0xeb, 0x60, 0x50, 0xeb, 0x5f, 0x4f, 0xea,
0x5b, 0x4b, 0xec, 0x5b, 0x4b, 0xec, 0x5a, 0x49, 0xee, 0x5a, 0x49, 0xee, 0x54, 0x41, 0xeb, 0x50, 0x3d, 0xe7, 0x4b, 0x37, 0xe5, 0x49, 0x35, 0xe3,
0x46, 0x31, 0xe2, 0x44, 0x2f, 0xe0, 0x41, 0x2e, 0xe0, 0x41, 0x2e, 0xe0, 0x3d, 0x2c, 0xde, 0x3a, 0x29, 0xdb, 0x38, 0x25, 0xdd, 0x37, 0x24, 0xdc,
0x31, 0x1f, 0xdb, 0x2d, 0x1b, 0xd7, 0x2b, 0x16, 0xd4, 0x28, 0x13, 0xd1, 0x29, 0x12, 0xd0, 0x25, 0x0e, 0xcc, 0x25, 0x0a, 0xcc, 0x24, 0x09, 0xcb,
0x24, 0x09, 0xc6, 0x23, 0x08, 0xc5, 0x23, 0x09, 0xc2, 0x22, 0x08, 0xc1, 0x1f, 0x09, 0xbc, 0x1f, 0x09, 0xbc, 0x1e, 0x0a, 0xb8, 0x1e, 0x0a, 0xb8,
0x1f, 0x0a, 0xb4, 0x1d, 0x08, 0xb2, 0x1d, 0x09, 0xb0, 0x1d, 0x09, 0xb0, 0x1f, 0x09, 0xaf, 0x1f, 0x09, 0xaf, 0x23, 0x0c, 0xae, 0x24, 0x0d, 0xaf,
0x26, 0x0f, 0xab, 0x27, 0x10, 0xac, 0x29, 0x12, 0xa6, 0x2a, 0x13, 0xa7, 0x2d, 0x13, 0xaa, 0x2d, 0x13, 0xaa, 0x31, 0x1a, 0x9b, 0x32, 0x1b, 0x9c,
0x39, 0x1d, 0x9f, 0x3c, 0x20, 0xa2, 0x51, 0x2d, 0xb3, 0x5f, 0x3b, 0xc1, 0x57, 0x4b, 0x84, 0x0a, 0x00, 0x37, 0x00, 0x00, 0x08, 0x00, 0x00, 0x0c,
0x02, 0x02, 0x02, 0x02, 0x02, 0x02, 0x02, 0x02, 0x00, 0x01, 0x01, 0x00, 0x00, 0x00, 0x00, 0x00, 0x00, 0x00, 0x00, 0x00, 0x00, 0x00, 0x00, 0x00,
0x04, 0x00, 0x00, 0x05, 0x00, 0x01, 0x00, 0x01, 0x11, 0x00, 0x00, 0x0f, 0x00, 0x00, 0x24, 0x2c, 0x2b, 0x5e, 0x5d, 0x48, 0xd2, 0x51, 0x3c, 0xc6,
0x44, 0x30, 0xc3, 0x44, 0x30, 0xc3, 0x44, 0x2d, 0xd0, 0x47, 0x30, 0xd3, 0x45, 0x35, 0xd0, 0x48, 0x38, 0xd3, 0x4a, 0x38, 0xdf, 0x4b, 0x39, 0xe0,
0x4f, 0x3c, 0xe6, 0x53, 0x40, 0xea, 0x55, 0x47, 0xeb, 0x58, 0x4a, 0xee, 0x55, 0x48, 0xe9, 0x55, 0x48, 0xe9, 0x58, 0x48, 0xea, 0x5a, 0x4a, 0xec,
0x5c, 0x4a, 0xec, 0x5b, 0x49, 0xeb, 0x5c, 0x4c, 0xe7, 0x5d, 0x4d, 0xe8, 0x5f, 0x4f, 0xea, 0x5f, 0x4f, 0xea, 0x5d, 0x4d, 0xe8, 0x5d, 0x4d, 0xe8,
0x5a, 0x4a, 0xeb, 0x5a, 0x4a, 0xeb, 0x59, 0x48, 0xed, 0x58, 0x47, 0xec, 0x50, 0x3d, 0xe7, 0x4b, 0x38, 0xe2, 0x49, 0x35, 0xe3, 0x46, 0x32, 0xe0,
0x44, 0x2f, 0xe0, 0x42, 0x2d, 0xde, 0x3f, 0x2c, 0xde, 0x3f, 0x2c, 0xde, 0x3b, 0x2a, 0xdc, 0x39, 0x28, 0xda, 0x36, 0x23, 0xdb, 0x36, 0x23, 0xdb,
0x30, 0x1e, 0xda, 0x2c, 0x1a, 0xd6, 0x2b, 0x16, 0xd4, 0x27, 0x12, 0xd0, 0x29, 0x12, 0xd0, 0x24, 0x0d, 0xcb, 0x25, 0x0a, 0xcc, 0x25, 0x0a, 0xcc,
0x24, 0x09, 0xc6, 0x23, 0x08, 0xc5, 0x22, 0x08, 0xc1, 0x22, 0x08, 0xc1, 0x1f, 0x09, 0xbc, 0x1f, 0x09, 0xbc, 0x1e, 0x0a, 0xb8, 0x1e, 0x0a, 0xb8,
0x1d, 0x08, 0xb2, 0x1d, 0x08, 0xb2, 0x1c, 0x08, 0xaf, 0x1c, 0x08, 0xaf, 0x1e, 0x08, 0xae, 0x1e, 0x08, 0xae, 0x21, 0x0a, 0xac, 0x24, 0x0d, 0xaf,
0x26, 0x0f, 0xab, 0x27, 0x10, 0xac, 0x29, 0x12, 0xa6, 0x29, 0x12, 0xa6, 0x2c, 0x12, 0xa9, 0x2c, 0x12, 0xa9, 0x30, 0x19, 0x9a, 0x31, 0x1a, 0x9b,
0x38, 0x1c, 0x9e, 0x3b, 0x1f, 0xa1, 0x56, 0x32, 0xb8, 0x63, 0x3f, 0xc5, 0x4e, 0x42, 0x7b, 0x03, 0x00, 0x30, 0x00, 0x00, 0x09, 0x00, 0x00, 0x0c,
0x02, 0x02, 0x02, 0x01, 0x01, 0x01, 0x01, 0x01, 0x00, 0x01, 0x01, 0x00, 0x00, 0x00, 0x00, 0x00, 0x00, 0x00, 0x00, 0x00, 0x00, 0x00, 0x00, 0x00,
0x04, 0x00, 0x00, 0x06, 0x01, 0x00, 0x01, 0x04, 0x0f, 0x00, 0x00, 0x0a, 0x00, 0x00, 0x1e, 0x23, 0x24, 0x4b, 0x60, 0x4c, 0xc9, 0x52, 0x3e, 0xbb,
0x3e, 0x2c, 0xb1, 0x44, 0x32, 0xb7, 0x44, 0x2e, 0xc8, 0x46, 0x30, 0xca, 0x43, 0x33, 0xc6, 0x47, 0x37, 0xca, 0x48, 0x35, 0xda, 0x4b, 0x38, 0xdd,
0x4b, 0x39, 0xe0, 0x51, 0x3f, 0xe6, 0x54, 0x44, 0xe5, 0x58, 0x48, 0xe9, 0x55, 0x49, 0xe6, 0x54, 0x48, 0xe5, 0x54, 0x46, 0xe1, 0x56, 0x48, 0xe3,
0x56, 0x48, 0xe3, 0x56, 0x48, 0xe3, 0x57, 0x4a, 0xe3, 0x58, 0x4b, 0xe4, 0x5a, 0x4b, 0xe4, 0x59, 0x4a, 0xe3, 0x58, 0x48, 0xe3, 0x58, 0x48, 0xe3,
0x56, 0x46, 0xe8, 0x54, 0x44, 0xe6, 0x52, 0x40, 0xe7, 0x51, 0x3f, 0xe6, 0x50, 0x3c, 0xe9, 0x4b, 0x37, 0xe4, 0x48, 0x32, 0xe0, 0x47, 0x31, 0xdf,
0x45, 0x2e, 0xdf, 0x44, 0x2d, 0xde, 0x3f, 0x29, 0xdc, 0x3e, 0x28, 0xdb, 0x3b, 0x28, 0xda, 0x39, 0x26, 0xd8, 0x38, 0x23, 0xdb, 0x36, 0x21, 0xd9,
0x31, 0x1d, 0xd7, 0x2c, 0x18, 0xd2, 0x2c, 0x16, 0xd0, 0x29, 0x13, 0xcd, 0x26, 0x10, 0xca, 0x23, 0x0d, 0xc7, 0x24, 0x0b, 0xc6, 0x24, 0x0b, 0xc6,
0x24, 0x0b, 0xc1, 0x22, 0x09, 0xbf, 0x20, 0x08, 0xbb, 0x20, 0x08, 0xbb, 0x1e, 0x09, 0xba, 0x1e, 0x09, 0xba, 0x1d, 0x09, 0xb7, 0x1d, 0x09, 0xb7,
0x1d, 0x08, 0xb2, 0x1d, 0x08, 0xb2, 0x1c, 0x08, 0xaf, 0x1c, 0x08, 0xaf, 0x1e, 0x08, 0xae, 0x1e, 0x08, 0xae, 0x21, 0x0a, 0xac, 0x23, 0x0c, 0xae,
0x25, 0x0e, 0xaa, 0x26, 0x0f, 0xab, 0x2a, 0x11, 0xa5, 0x2b, 0x12, 0xa6, 0x2d, 0x12, 0xa4, 0x2d, 0x12, 0xa4, 0x2f, 0x19, 0x96, 0x31, 0x1b, 0x98,
0x39, 0x1f, 0x9a, 0x3a, 0x20, 0x9b, 0x55, 0x37, 0xb1, 0x67, 0x49, 0xc3, 0x3d, 0x31, 0x61, 0x06, 0x00, 0x2a, 0x00, 0x00, 0x07, 0x01, 0x00, 0x0a,
0x01, 0x01, 0x01, 0x03, 0x03, 0x03, 0x03, 0x03, 0x03, 0x01, 0x01, 0x01, 0x00, 0x00, 0x00, 0x00, 0x00, 0x00, 0x00, 0x00, 0x00, 0x00, 0x00, 0x00,
0x05, 0x00, 0x00, 0x07, 0x02, 0x01, 0x02, 0x05, 0x10, 0x00, 0x00, 0x0b, 0x00, 0x00, 0x16, 0x17, 0x18, 0x3f, 0x60, 0x4c, 0xc9, 0x52, 0x3e, 0xbb,
0x3e, 0x2c, 0xb1, 0x46, 0x34, 0xb9, 0x44, 0x2e, 0xc8, 0x46, 0x30, 0xca, 0x45, 0x35, 0xc8, 0x47, 0x37, 0xca, 0x4a, 0x37, 0xdc, 0x4d, 0x3a, 0xdf,
0x4c, 0x3a, 0xe1, 0x4f, 0x3d, 0xe4, 0x51, 0x41, 0xe2, 0x56, 0x46, 0xe7, 0x51, 0x45, 0xe2, 0x51, 0x45, 0xe2, 0x54, 0x46, 0xe1, 0x53, 0x45, 0xe0,
0x52, 0x44, 0xdf, 0x51, 0x43, 0xde, 0x52, 0x45, 0xde, 0x53, 0x46, 0xdf, 0x55, 0x46, 0xdf, 0x54, 0x45, 0xde, 0x53, 0x43, 0xde, 0x53, 0x43, 0xde,
0x51, 0x41, 0xe3, 0x4f, 0x3f, 0xe1, 0x4c, 0x3a, 0xe1, 0x4c, 0x3a, 0xe1, 0x4a, 0x36, 0xe3, 0x46, 0x32, 0xdf, 0x46, 0x30, 0xde, 0x44, 0x2e, 0xdc,
0x43, 0x2c, 0xdd, 0x40, 0x29, 0xda, 0x3c, 0x26, 0xd9, 0x3c, 0x26, 0xd9, 0x38, 0x25, 0xd7, 0x36, 0x23, 0xd5, 0x35, 0x20, 0xd8, 0x32, 0x1d, 0xd5,
0x2c, 0x18, 0xd2, 0x2a, 0x16, 0xd0, 0x29, 0x13, 0xcd, 0x27, 0x11, 0xcb, 0x25, 0x0f, 0xc9, 0x24, 0x0e, 0xc8, 0x24, 0x0b, 0xc6, 0x21, 0x08, 0xc3,
0x24, 0x0b, 0xc1, 0x22, 0x09, 0xbf, 0x21, 0x09, 0xbc, 0x21, 0x09, 0xbc, 0x1d, 0x08, 0xb9, 0x1d, 0x08, 0xb9, 0x1b, 0x07, 0xb5, 0x1b, 0x07, 0xb5,
0x1c, 0x07, 0xb1, 0x1c, 0x07, 0xb1, 0x1b, 0x07, 0xae, 0x1b, 0x07, 0xae, 0x1d, 0x07, 0xad, 0x1d, 0x07, 0xad, 0x20, 0x09, 0xab, 0x21, 0x0a, 0xac,
0x25, 0x0e, 0xaa, 0x26, 0x0f, 0xab, 0x2a, 0x11, 0xa5, 0x2b, 0x12, 0xa6, 0x2d, 0x12, 0xa4, 0x2d, 0x12, 0xa4, 0x30, 0x1a, 0x97, 0x32, 0x1c, 0x99,
0x3b, 0x21, 0x9c, 0x3c, 0x22, 0x9d, 0x5c, 0x3e, 0xb8, 0x6e, 0x50, 0xca, 0x35, 0x29, 0x59, 0x00, 0x00, 0x1f, 0x00, 0x00, 0x07, 0x01, 0x00, 0x0a,
0x00, 0x00, 0x00, 0x01, 0x01, 0x01, 0x01, 0x01, 0x01, 0x00, 0x00, 0x00, 0x00, 0x00, 0x00, 0x00, 0x00, 0x00, 0x00, 0x00, 0x00, 0x00, 0x00, 0x00,
0x02, 0x00, 0x00, 0x04, 0x01, 0x02, 0x02, 0x02, 0x09, 0x00, 0x00, 0x07, 0x00, 0x00, 0x09, 0x12, 0x11, 0x28, 0x5e, 0x4b, 0xb3, 0x57, 0x44, 0xac,
0x46, 0x33, 0xad, 0x4a, 0x37, 0xb1, 0x45, 0x30, 0xc7, 0x46, 0x31, 0xc8, 0x45, 0x32, 0xce, 0x47, 0x34, 0xd0, 0x48, 0x34, 0xdb, 0x4b, 0x37, 0xde,
0x49, 0x36, 0xe0, 0x4a, 0x37, 0xe1, 0x4a, 0x3c, 0xe0, 0x4f, 0x41, 0xe5, 0x51, 0x41, 0xe2, 0x54, 0x44, 0xe5, 0x53, 0x45, 0xe0, 0x50, 0x42, 0xdd,
0x4b, 0x3e, 0xdf, 0x4b, 0x3e, 0xdf, 0x4f, 0x3f, 0xe0, 0x4f, 0x3f, 0xe0, 0x52, 0x40, 0xe2, 0x51, 0x3f, 0xe1, 0x4f, 0x3c, 0xe1, 0x4e, 0x3b, 0xe0,
0x4b, 0x37, 0xe4, 0x4b, 0x37, 0xe4, 0x49, 0x35, 0xe3, 0x49, 0x35, 0xe3, 0x46, 0x32, 0xdf, 0x44, 0x30, 0xdd, 0x44, 0x2d, 0xde, 0x41, 0x2a, 0xdb,
0x40, 0x28, 0xdb, 0x3f, 0x27, 0xda, 0x3d, 0x25, 0xd8, 0x3d, 0x25, 0xd8, 0x37, 0x20, 0xd6, 0x36, 0x1f, 0xd5, 0x34, 0x1d, 0xd3, 0x32, 0x1b, 0xd1,
0x2c, 0x18, 0xcd, 0x2a, 0x16, 0xcb, 0x28, 0x11, 0xc7, 0x27, 0x10, 0xc6, 0x25, 0x0e, 0xc4, 0x24, 0x0d, 0xc3, 0x21, 0x0a, 0xc0, 0x1f, 0x08, 0xbe,
0x22, 0x0b, 0xbc, 0x20, 0x09, 0xba, 0x20, 0x0a, 0xb8, 0x20, 0x0a, 0xb8, 0x1f, 0x09, 0xb6, 0x1f, 0x09, 0xb6, 0x1d, 0x08, 0xb2, 0x1d, 0x08, 0xb2,
0x1e, 0x07, 0xaf, 0x1e, 0x07, 0xaf, 0x1d, 0x07, 0xad, 0x1d, 0x07, 0xad, 0x1d, 0x08, 0xaa, 0x1c, 0x07, 0xa9, 0x1f, 0x0a, 0xa6, 0x21, 0x0c, 0xa8,
0x23, 0x0d, 0xa7, 0x25, 0x0f, 0xa9, 0x28, 0x11, 0xa5, 0x29, 0x12, 0xa6, 0x2d, 0x13, 0xa3, 0x2d, 0x13, 0xa3, 0x2f, 0x1b, 0x93, 0x31, 0x1d, 0x95,
0x3a, 0x23, 0x95, 0x41, 0x2a, 0x9c, 0x65, 0x4a, 0xb5, 0x67, 0x4c, 0xb7, 0x29, 0x21, 0x45, 0x00, 0x00, 0x15, 0x00, 0x00, 0x05, 0x02, 0x00, 0x09,
0x01, 0x01, 0x01, 0x01, 0x01, 0x01, 0x01, 0x01, 0x01, 0x00, 0x00, 0x00, 0x00, 0x00, 0x00, 0x00, 0x00, 0x00, 0x00, 0x00, 0x00, 0x00, 0x00, 0x00,
0x02, 0x00, 0x00, 0x03, 0x00, 0x01, 0x00, 0x00, 0x06, 0x00, 0x00, 0x05, 0x00, 0x00, 0x0a, 0x00, 0x00, 0x13, 0x42, 0x2f, 0x97, 0x5c, 0x49, 0xb1,
0x4b, 0x38, 0xb2, 0x4a, 0x37, 0xb1, 0x45, 0x30, 0xc7, 0x49, 0x34, 0xcb, 0x46, 0x33, 0xcf, 0x48, 0x35, 0xd1, 0x48, 0x34, 0xdb, 0x48, 0x34, 0xdb,
0x46, 0x33, 0xdd, 0x48, 0x35, 0xdf, 0x49, 0x3b, 0xdf, 0x4d, 0x3f, 0xe3, 0x4c, 0x3c, 0xdd, 0x4c, 0x3c, 0xdd, 0x4d, 0x3f, 0xda, 0x4c, 0x3e, 0xd9,
0x4a, 0x3d, 0xde, 0x4a, 0x3d, 0xde, 0x4d, 0x3d, 0xde, 0x4d, 0x3d, 0xde, 0x4f, 0x3d, 0xdf, 0x4e, 0x3c, 0xde, 0x4d, 0x3a, 0xdf, 0x4b, 0x38, 0xdd,
0x49, 0x35, 0xe2, 0x49, 0x35, 0xe2, 0x46, 0x32, 0xe0, 0x45, 0x31, 0xdf, 0x45, 0x31, 0xde, 0x43, 0x2f, 0xdc, 0x43, 0x2c, 0xdd, 0x40, 0x29, 0xda,
0x3f, 0x27, 0xda, 0x3e, 0x26, 0xd9, 0x3d, 0x25, 0xd8, 0x3c, 0x24, 0xd7, 0x37, 0x20, 0xd6, 0x35, 0x1e, 0xd4, 0x33, 0x1c, 0xd2, 0x2f, 0x18, 0xce,
0x2b, 0x17, 0xcc, 0x29, 0x15, 0xca, 0x27, 0x10, 0xc6, 0x26, 0x0f, 0xc5, 0x25, 0x0e, 0xc4, 0x22, 0x0b, 0xc1, 0x20, 0x09, 0xbf, 0x1e, 0x07, 0xbd,
0x21, 0x0a, 0xbb, 0x1f, 0x08, 0xb9, 0x1d, 0x07, 0xb5, 0x1f, 0x09, 0xb7, 0x1d, 0x07, 0xb4, 0x1d, 0x07, 0xb4, 0x1c, 0x07, 0xb1, 0x1c, 0x07, 0xb1,
0x1d, 0x06, 0xae, 0x1d, 0x06, 0xae, 0x1c, 0x06, 0xac, 0x1c, 0x06, 0xac, 0x1c, 0x07, 0xa9, 0x1c, 0x07, 0xa9, 0x1f, 0x0a, 0xa6, 0x20, 0x0b, 0xa7,
0x23, 0x0d, 0xa7, 0x25, 0x0f, 0xa9, 0x27, 0x10, 0xa4, 0x28, 0x11, 0xa5, 0x2d, 0x13, 0xa3, 0x2c, 0x12, 0xa2, 0x2f, 0x1b, 0x93, 0x31, 0x1d, 0x95,
0x3a, 0x23, 0x95, 0x47, 0x30, 0xa2, 0x5d, 0x42, 0xad, 0x4e, 0x33, 0x9e, 0x16, 0x0e, 0x32, 0x00, 0x00, 0x13, 0x00, 0x00, 0x07, 0x02, 0x00, 0x09,
0x02, 0x02, 0x02, 0x01, 0x01, 0x01, 0x01, 0x01, 0x01, 0x00, 0x00, 0x00, 0x00, 0x00, 0x00, 0x00, 0x00, 0x00, 0x00, 0x00, 0x00, 0x00, 0x00, 0x00,
0x02, 0x00, 0x00, 0x02, 0x00, 0x00, 0x00, 0x00, 0x04, 0x00, 0x00, 0x04, 0x00, 0x00, 0x0c, 0x00, 0x00, 0x0f, 0x38, 0x30, 0x71, 0x69, 0x61, 0xa2,
0x4e, 0x3b, 0xb0, 0x4a, 0x37, 0xac, 0x46, 0x2e, 0xc5, 0x48, 0x30, 0xc7, 0x46, 0x31, 0xd3, 0x47, 0x32, 0xd4, 0x44, 0x31, 0xdb, 0x45, 0x32, 0xdc,
0x42, 0x33, 0xd9, 0x43, 0x34, 0xda, 0x47, 0x38, 0xde, 0x4a, 0x3b, 0xe1, 0x46, 0x3a, 0xe3, 0x47, 0x3b, 0xe4, 0x47, 0x3a, 0xe6, 0x46, 0x39, 0xe5,
0x46, 0x39, 0xe5, 0x46, 0x39, 0xe5, 0x4a, 0x3a, 0xe3, 0x49, 0x39, 0xe2, 0x4b, 0x38, 0xe2, 0x4a, 0x37, 0xe1, 0x4b, 0x36, 0xe0, 0x4a, 0x35, 0xdf,
0x46, 0x31, 0xe2, 0x46, 0x31, 0xe2, 0x44, 0x2e, 0xe1, 0x44, 0x2e, 0xe1, 0x41, 0x2d, 0xdb, 0x3f, 0x2b, 0xd9, 0x3e, 0x2a, 0xd8, 0x3c, 0x28, 0xd6,
0x3b, 0x26, 0xd7, 0x38, 0x23, 0xd4, 0x36, 0x21, 0xd2, 0x36, 0x21, 0xd2, 0x35, 0x1f, 0xd2, 0x34, 0x1e, 0xd1, 0x30, 0x19, 0xcf, 0x2e, 0x17, 0xcd,
0x2c, 0x15, 0xcb, 0x28, 0x11, 0xc7, 0x26, 0x0f, 0xc5, 0x24, 0x0d, 0xc3, 0x22, 0x0b, 0xc1, 0x21, 0x0a, 0xc0, 0x1e, 0x09, 0xba, 0x1e, 0x09, 0xba,
0x1f, 0x09, 0xb6, 0x1c, 0x06, 0xb3, 0x1c, 0x07, 0xb1, 0x1c, 0x07, 0xb1, 0x1e, 0x06, 0xb1, 0x1d, 0x05, 0xb0, 0x1d, 0x07, 0xad, 0x1d, 0x07, 0xad,
0x1f, 0x08, 0xab, 0x1f, 0x08, 0xab, 0x1e, 0x08, 0xa7, 0x1e, 0x08, 0xa7, 0x1d, 0x08, 0xa4, 0x1d, 0x08, 0xa4, 0x1e, 0x0b, 0xa2, 0x1f, 0x0c, 0xa3,
0x21, 0x0e, 0xa4, 0x23, 0x10, 0xa6, 0x27, 0x11, 0xa2, 0x28, 0x12, 0xa3, 0x2c, 0x13, 0xa0, 0x2c, 0x13, 0xa0, 0x31, 0x17, 0x9b, 0x33, 0x19, 0x9d,
0x41, 0x27, 0x95, 0x53, 0x39, 0xa7, 0x5c, 0x49, 0x8f, 0x35, 0x22, 0x68, 0x03, 0x00, 0x15, 0x00, 0x00, 0x0b, 0x01, 0x00, 0x05, 0x02, 0x00, 0x06,
0x02, 0x02, 0x02, 0x01, 0x01, 0x01, 0x00, 0x00, 0x00, 0x00, 0x00, 0x00, 0x00, 0x00, 0x00, 0x00, 0x00, 0x00, 0x00, 0x00, 0x00, 0x00, 0x00, 0x00,
0x02, 0x00, 0x00, 0x02, 0x00, 0x00, 0x00, 0x00, 0x04, 0x00, 0x00, 0x02, 0x00, 0x00, 0x0d, 0x00, 0x00, 0x0f, 0x20, 0x18, 0x59, 0x5a, 0x52, 0x93,
0x4e, 0x3b, 0xb0, 0x4a, 0x37, 0xac, 0x45, 0x2d, 0xc4, 0x46, 0x2e, 0xc5, 0x43, 0x2e, 0xd0, 0x46, 0x31, 0xd3, 0x41, 0x2e, 0xd8, 0x41, 0x2e, 0xd8,
0x40, 0x31, 0xd7, 0x42, 0x33, 0xd9, 0x46, 0x37, 0xdd, 0x48, 0x39, 0xdf, 0x46, 0x3a, 0xe3, 0x45, 0x39, 0xe2, 0x45, 0x38, 0xe4, 0x46, 0x39, 0xe5,
0x45, 0x38, 0xe4, 0x45, 0x38, 0xe4, 0x49, 0x39, 0xe2, 0x47, 0x37, 0xe0, 0x49, 0x36, 0xe0, 0x46, 0x33, 0xdd, 0x47, 0x32, 0xdc, 0x46, 0x31, 0xdb,
0x43, 0x2e, 0xdf, 0x43, 0x2e, 0xdf, 0x41, 0x2b, 0xde, 0x41, 0x2b, 0xde, 0x3f, 0x2b, 0xd9, 0x3e, 0x2a, 0xd8, 0x3d, 0x29, 0xd7, 0x3c, 0x28, 0xd6,
0x3a, 0x25, 0xd6, 0x3a, 0x25, 0xd6, 0x37, 0x22, 0xd3, 0x35, 0x20, 0xd1, 0x34, 0x1e, 0xd1, 0x33, 0x1d, 0xd0, 0x30, 0x19, 0xcf, 0x2d, 0x16, 0xcc,
0x29, 0x12, 0xc8, 0x27, 0x10, 0xc6, 0x25, 0x0e, 0xc4, 0x22, 0x0b, 0xc1, 0x21, 0x0a, 0xc0, 0x20, 0x09, 0xbf, 0x1e, 0x09, 0xba, 0x1d, 0x08, 0xb9,
0x1f, 0x09, 0xb6, 0x1c, 0x06, 0xb3, 0x1b, 0x06, 0xb0, 0x1b, 0x06, 0xb0, 0x1d, 0x05, 0xb0, 0x1d, 0x05, 0xb0, 0x1d, 0x07, 0xad, 0x1d, 0x07, 0xad,
0x1e, 0x07, 0xaa, 0x1e, 0x07, 0xaa, 0x1d, 0x07, 0xa6, 0x1e, 0x08, 0xa7, 0x1d, 0x08, 0xa4, 0x1d, 0x08, 0xa4, 0x1e, 0x0b, 0xa2, 0x1f, 0x0c, 0xa3,
0x20, 0x0d, 0xa3, 0x21, 0x0e, 0xa4, 0x27, 0x11, 0xa2, 0x27, 0x11, 0xa2, 0x2c, 0x13, 0xa0, 0x2c, 0x13, 0xa0, 0x30, 0x16, 0x9a, 0x32, 0x18, 0x9c,
0x44, 0x2a, 0x98, 0x54, 0x3a, 0xa8, 0x64, 0x51, 0x97, 0x2a, 0x17, 0x5d, 0x00, 0x00, 0x0d, 0x00, 0x00, 0x0b, 0x02, 0x00, 0x06, 0x02, 0x00, 0x06,
0x01, 0x01, 0x01, 0x00, 0x00, 0x00, 0x00, 0x00, 0x00, 0x00, 0x00, 0x00, 0x00, 0x00, 0x00, 0x00, 0x00, 0x00, 0x00, 0x00, 0x00, 0x00, 0x00, 0x00,
0x00, 0x00, 0x01, 0x00, 0x00, 0x01, 0x00, 0x00, 0x01, 0x00, 0x00, 0x01, 0x00, 0x00, 0x09, 0x00, 0x00, 0x09, 0x29, 0x1e, 0x59, 0x58, 0x4d, 0x88,
0x52, 0x3b, 0xad, 0x4c, 0x35, 0xa7, 0x44, 0x2c, 0xc4, 0x46, 0x2e, 0xc6, 0x3f, 0x2b, 0xd2, 0x40, 0x2c, 0xd3, 0x3d, 0x2a, 0xd4, 0x3c, 0x29, 0xd3,
0x3b, 0x2c, 0xd2, 0x40, 0x31, 0xd7, 0x42, 0x36, 0xda, 0x42, 0x36, 0xda, 0x42, 0x36, 0xdf, 0x40, 0x34, 0xdd, 0x3d, 0x33, 0xde, 0x3d, 0x33, 0xde,
0x40, 0x33, 0xdf, 0x40, 0x33, 0xdf, 0x44, 0x33, 0xdf, 0x43, 0x32, 0xde, 0x47, 0x30, 0xe1, 0x45, 0x2e, 0xdf, 0x44, 0x2d, 0xde, 0x43, 0x2c, 0xdd,
0x3f, 0x27, 0xe0, 0x3f, 0x27, 0xe0, 0x3d, 0x25, 0xde, 0x3c, 0x24, 0xdd, 0x3b, 0x26, 0xd7, 0x3a, 0x25, 0xd6, 0x38, 0x23, 0xd4, 0x37, 0x22, 0xd3,
0x36, 0x21, 0xd2, 0x35, 0x20, 0xd1, 0x33, 0x1e, 0xcf, 0x32, 0x1d, 0xce, 0x30, 0x1a, 0xcd, 0x30, 0x1a, 0xcd, 0x2e, 0x18, 0xcb, 0x2c, 0x16, 0xc9,
0x29, 0x13, 0xc6, 0x26, 0x10, 0xc3, 0x24, 0x0e, 0xc1, 0x21, 0x0b, 0xbe, 0x1f, 0x09, 0xbc, 0x1f, 0x09, 0xbc, 0x1d, 0x08, 0xb9, 0x1b, 0x06, 0xb7,
0x1d, 0x07, 0xb4, 0x1b, 0x05, 0xb2, 0x1a, 0x06, 0xad, 0x1a, 0x06, 0xad, 0x1c, 0x07, 0xaa, 0x1b, 0x06, 0xa9, 0x1d, 0x07, 0xa6, 0x1d, 0x07, 0xa6,
0x1d, 0x07, 0xa6, 0x1d, 0x07, 0xa6, 0x1c, 0x08, 0xa2, 0x1d, 0x09, 0xa3, 0x1a, 0x07, 0x9d, 0x1a, 0x07, 0x9d, 0x1c, 0x0b, 0x9b, 0x1d, 0x0c, 0x9c,
0x1f, 0x0e, 0x9e, 0x20, 0x0f, 0x9f, 0x25, 0x0f, 0xa0, 0x27, 0x11, 0xa2, 0x2c, 0x13, 0xa0, 0x2c, 0x13, 0xa0, 0x30, 0x18, 0x97, 0x33, 0x1b, 0x9a,
0x44, 0x2d, 0x93, 0x55, 0x3e, 0xa4, 0x6b, 0x5b, 0x97, 0x2b, 0x1b, 0x57, 0x00, 0x00, 0x08, 0x00, 0x00, 0x09, 0x02, 0x00, 0x05, 0x01, 0x00, 0x04,
0x01, 0x00, 0x02, 0x01, 0x00, 0x02, 0x00, 0x00, 0x00, 0x00, 0x00, 0x00, 0x00, 0x00, 0x00, 0x00, 0x00, 0x00, 0x00, 0x00, 0x00, 0x00, 0x00, 0x00,
0x00, 0x00, 0x01, 0x00, 0x00, 0x01, 0x00, 0x00, 0x01, 0x00, 0x00, 0x03, 0x00, 0x00, 0x0b, 0x00, 0x00, 0x05, 0x03, 0x00, 0x33, 0x57, 0x4c, 0x87,
0x60, 0x49, 0xbb, 0x4b, 0x34, 0xa6, 0x49, 0x31, 0xc9, 0x47, 0x2f, 0xc7, 0x3e, 0x2a, 0xd1, 0x3e, 0x2a, 0xd1, 0x3b, 0x28, 0xd2, 0x38, 0x25, 0xcf,
0x38, 0x29, 0xcf, 0x40, 0x31, 0xd7, 0x42, 0x36, 0xda, 0x40, 0x34, 0xd8, 0x3c, 0x30, 0xd9, 0x3c, 0x30, 0xd9, 0x3a, 0x30, 0xdb, 0x39, 0x2f, 0xda,
0x3c, 0x2f, 0xdb, 0x3d, 0x30, 0xdc, 0x41, 0x30, 0xdc, 0x3f, 0x2e, 0xda, 0x43, 0x2c, 0xdd, 0x43, 0x2c, 0xdd, 0x41, 0x2a, 0xdb, 0x40, 0x29, 0xda,
0x3d, 0x25, 0xde, 0x3d, 0x25, 0xde, 0x3b, 0x23, 0xdc, 0x3a, 0x22, 0xdb, 0x38, 0x23, 0xd4, 0x37, 0x22, 0xd3, 0x36, 0x21, 0xd2, 0x35, 0x20, 0xd1,
0x34, 0x1f, 0xd0, 0x34, 0x1f, 0xd0, 0x33, 0x1e, 0xcf, 0x32, 0x1d, 0xce, 0x2e, 0x18, 0xcb, 0x2e, 0x18, 0xcb, 0x2e, 0x18, 0xcb, 0x2c, 0x16, 0xc9,
0x29, 0x13, 0xc6, 0x26, 0x10, 0xc3, 0x24, 0x0e, 0xc1, 0x21, 0x0b, 0xbe, 0x20, 0x0a, 0xbd, 0x1e, 0x08, 0xbb, 0x1b, 0x06, 0xb7, 0x1b, 0x06, 0xb7,
0x1d, 0x07, 0xb4, 0x1b, 0x05, 0xb2, 0x1a, 0x06, 0xad, 0x19, 0x05, 0xac, 0x1b, 0x06, 0xa9, 0x1a, 0x05, 0xa8, 0x1c, 0x06, 0xa5, 0x1c, 0x06, 0xa5,
0x1c, 0x06, 0xa5, 0x1c, 0x06, 0xa5, 0x1a, 0x06, 0xa0, 0x1c, 0x08, 0xa2, 0x19, 0x06, 0x9c, 0x19, 0x06, 0x9c, 0x1a, 0x09, 0x99, 0x1c, 0x0b, 0x9b,
0x1e, 0x0d, 0x9d, 0x20, 0x0f, 0x9f, 0x25, 0x0f, 0xa0, 0x27, 0x11, 0xa2, 0x2c, 0x13, 0xa0, 0x2c, 0x13, 0xa0, 0x30, 0x18, 0x97, 0x34, 0x1c, 0x9b,
0x46, 0x2f, 0x95, 0x5a, 0x43, 0xa9, 0x6e, 0x5e, 0x9a, 0x1f, 0x0f, 0x4b, 0x00, 0x00, 0x08, 0x00, 0x00, 0x0c, 0x02, 0x00, 0x05, 0x01, 0x00, 0x04,
0x01, 0x00, 0x02, 0x01, 0x00, 0x02, 0x00, 0x00, 0x00, 0x00, 0x00, 0x00, 0x00, 0x00, 0x00, 0x00, 0x00, 0x00, 0x00, 0x00, 0x00, 0x00, 0x00, 0x00,
0x00, 0x00, 0x01, 0x00, 0x00, 0x01, 0x01, 0x00, 0x04, 0x02, 0x00, 0x05, 0x00, 0x00, 0x0b, 0x00, 0x00, 0x0b, 0x00, 0x00, 0x1a, 0x39, 0x32, 0x61,
0x65, 0x54, 0xb5, 0x4b, 0x3a, 0x9b, 0x49, 0x34, 0xc3, 0x46, 0x31, 0xc0, 0x41, 0x28, 0xd0, 0x41, 0x28, 0xd0, 0x3a, 0x26, 0xd3, 0x36, 0x22, 0xcf,
0x33, 0x26, 0xcc, 0x3b, 0x2e, 0xd4, 0x3e, 0x35, 0xd5, 0x3c, 0x33, 0xd3, 0x39, 0x34, 0xd0, 0x37, 0x32, 0xce, 0x37, 0x32, 0xce, 0x36, 0x31, 0xcd,
0x38, 0x2f, 0xcf, 0x3b, 0x32, 0xd2, 0x3f, 0x32, 0xd3, 0x3c, 0x2f, 0xd0, 0x40, 0x2b, 0xd5, 0x3f, 0x2a, 0xd4, 0x3e, 0x27, 0xd8, 0x3e, 0x27, 0xd8,
0x3b, 0x23, 0xdc, 0x3a, 0x22, 0xdb, 0x37, 0x1f, 0xd8, 0x36, 0x1e, 0xd7, 0x35, 0x20, 0xd1, 0x34, 0x1f, 0xd0, 0x33, 0x1e, 0xcf, 0x32, 0x1d, 0xce,
0x30, 0x1b, 0xcc, 0x2f, 0x1a, 0xcb, 0x2d, 0x17, 0xca, 0x2d, 0x17, 0xca, 0x2d, 0x18, 0xc9, 0x2d, 0x18, 0xc9, 0x2c, 0x17, 0xc8, 0x2b, 0x16, 0xc7,
0x28, 0x12, 0xc5, 0x26, 0x10, 0xc3, 0x22, 0x0d, 0xbe, 0x20, 0x0b, 0xbc, 0x1f, 0x0a, 0xbb, 0x1e, 0x09, 0xba, 0x1d, 0x06, 0xb7, 0x1c, 0x05, 0xb6,
0x1d, 0x09, 0xb6, 0x1a, 0x06, 0xb3, 0x1c, 0x08, 0xa7, 0x1b, 0x07, 0xa6, 0x1b, 0x0a, 0xa1, 0x1a, 0x09, 0xa0, 0x1e, 0x09, 0xa0, 0x1c, 0x07, 0x9e,
0x1e, 0x09, 0xa0, 0x1e, 0x09, 0xa0, 0x1c, 0x08, 0x9b, 0x1c, 0x08, 0x9b, 0x1a, 0x08, 0x96, 0x1a, 0x08, 0x96, 0x1b, 0x0b, 0x94, 0x1c, 0x0c, 0x95,
0x1f, 0x0f, 0x98, 0x21, 0x11, 0x9a, 0x26, 0x10, 0x9c, 0x29, 0x13, 0x9f, 0x2b, 0x13, 0x9e, 0x2b, 0x13, 0x9e, 0x30, 0x18, 0x95, 0x34, 0x1c, 0x99,
0x47, 0x33, 0x90, 0x5d, 0x49, 0xa6, 0x4b, 0x3f, 0x6f, 0x0b, 0x00, 0x2f, 0x00, 0x00, 0x07, 0x00, 0x00, 0x09, 0x00, 0x00, 0x03, 0x01, 0x00, 0x04,
0x01, 0x00, 0x02, 0x00, 0x00, 0x01, 0x00, 0x00, 0x00, 0x00, 0x00, 0x00, 0x00, 0x00, 0x00, 0x00, 0x00, 0x00, 0x00, 0x00, 0x00, 0x00, 0x00, 0x00,
0x00, 0x00, 0x01, 0x00, 0x00, 0x01, 0x01, 0x00, 0x04, 0x02, 0x00, 0x05, 0x00, 0x00, 0x0a, 0x00, 0x00, 0x0a, 0x00, 0x00, 0x20, 0x18, 0x11, 0x40,
0x5f, 0x4e, 0xaf, 0x50, 0x3f, 0xa0, 0x48, 0x33, 0xc2, 0x3e, 0x29, 0xb8, 0x3e, 0x25, 0xcd, 0x3d, 0x24, 0xcc, 0x37, 0x23, 0xd0, 0x36, 0x22, 0xcf,
0x32, 0x25, 0xcb, 0x33, 0x26, 0xcc, 0x37, 0x2e, 0xce, 0x3c, 0x33, 0xd3, 0x3a, 0x35, 0xd1, 0x33, 0x2e, 0xca, 0x35, 0x30, 0xcc, 0x36, 0x31, 0xcd,
0x38, 0x2f, 0xcf, 0x38, 0x2f, 0xcf, 0x3c, 0x2f, 0xd0, 0x39, 0x2c, 0xcd, 0x3d, 0x28, 0xd2, 0x3d, 0x28, 0xd2, 0x3c, 0x25, 0xd6, 0x3a, 0x23, 0xd4,
0x37, 0x1f, 0xd8, 0x37, 0x1f, 0xd8, 0x35, 0x1d, 0xd6, 0x34, 0x1c, 0xd5, 0x33, 0x1e, 0xcf, 0x32, 0x1d, 0xce, 0x30, 0x1b, 0xcc, 0x2f, 0x1a, 0xcb,
0x2e, 0x19, 0xca, 0x2d, 0x18, 0xc9, 0x2b, 0x15, 0xc8, 0x29, 0x13, 0xc6, 0x2b, 0x16, 0xc7, 0x2b, 0x16, 0xc7, 0x29, 0x14, 0xc5, 0x29, 0x14, 0xc5,
0x28, 0x12, 0xc5, 0x26, 0x10, 0xc3, 0x24, 0x0f, 0xc0, 0x21, 0x0c, 0xbd, 0x1f, 0x0a, 0xbb, 0x1e, 0x09, 0xba, 0x1d, 0x06, 0xb7, 0x1c, 0x05, 0xb6,
0x1e, 0x0a, 0xb7, 0x1a, 0x06, 0xb3, 0x1c, 0x08, 0xa7, 0x1a, 0x06, 0xa5, 0x1a, 0x09, 0xa0, 0x18, 0x07, 0x9e, 0x1c, 0x07, 0x9e, 0x1c, 0x07, 0x9e,
0x1c, 0x07, 0x9e, 0x1c, 0x07, 0x9e, 0x1b, 0x07, 0x9a, 0x1b, 0x07, 0x9a, 0x19, 0x07, 0x95, 0x19, 0x07, 0x95, 0x1a, 0x0a, 0x93, 0x1b, 0x0b, 0x94,
0x1e, 0x0e, 0x97, 0x20, 0x10, 0x99, 0x26, 0x10, 0x9c, 0x27, 0x11, 0x9d, 0x2b, 0x13, 0x9e, 0x2c, 0x14, 0x9f, 0x31, 0x19, 0x96, 0x37, 0x1f, 0x9c,
0x48, 0x34, 0x91, 0x61, 0x4d, 0xaa, 0x22, 0x16, 0x46, 0x00, 0x00, 0x1c, 0x00, 0x00, 0x09, 0x00, 0x00, 0x09, 0x00, 0x00, 0x03, 0x01, 0x00, 0x04,
0x01, 0x00, 0x02, 0x00, 0x00, 0x01, 0x00, 0x00, 0x00, 0x00, 0x00, 0x00, 0x00, 0x00, 0x00, 0x00, 0x00, 0x00, 0x00, 0x00, 0x00, 0x00, 0x00, 0x00,
0x00, 0x00, 0x01, 0x00, 0x00, 0x01, 0x01, 0x00, 0x04, 0x02, 0x00, 0x05, 0x00, 0x00, 0x08, 0x00, 0x00, 0x08, 0x00, 0x00, 0x17, 0x0a, 0x05, 0x28,
0x41, 0x34, 0x84, 0x53, 0x46, 0x96, 0x46, 0x34, 0xb4, 0x3c, 0x2a, 0xaa, 0x3c, 0x23, 0xc5, 0x3c, 0x23, 0xc5, 0x37, 0x22, 0xcc, 0x37, 0x22, 0xcc,
0x36, 0x20, 0xce, 0x36, 0x20, 0xce, 0x34, 0x20, 0xce, 0x3a, 0x26, 0xd4, 0x39, 0x2a, 0xd0, 0x36, 0x27, 0xcd, 0x34, 0x28, 0xcc, 0x36, 0x2a, 0xce,
0x36, 0x2a, 0xce, 0x36, 0x2a, 0xce, 0x39, 0x2b, 0xcf, 0x34, 0x26, 0xca, 0x38, 0x22, 0xd0, 0x38, 0x22, 0xd0, 0x37, 0x21, 0xcf, 0x37, 0x21, 0xcf,
0x34, 0x1d, 0xd3, 0x34, 0x1d, 0xd3, 0x32, 0x1b, 0xd1, 0x30, 0x19, 0xcf, 0x2f, 0x1b, 0xc9, 0x2e, 0x1a, 0xc8, 0x2d, 0x19, 0xc7, 0x2c, 0x18, 0xc6,
0x2c, 0x18, 0xc6, 0x2b, 0x17, 0xc5, 0x29, 0x14, 0xc5, 0x28, 0x13, 0xc4, 0x29, 0x12, 0xc3, 0x29, 0x12, 0xc3, 0x29, 0x12, 0xc3, 0x29, 0x12, 0xc3,
0x29, 0x12, 0xc3, 0x27, 0x10, 0xc1, 0x24, 0x0e, 0xbc, 0x23, 0x0d, 0xbb, 0x22, 0x0c, 0xb9, 0x20, 0x0a, 0xb7, 0x1e, 0x05, 0xb4, 0x1c, 0x03, 0xb2,
0x24, 0x0c, 0xb7, 0x1e, 0x06, 0xb1, 0x1f, 0x08, 0xa4, 0x1c, 0x05, 0xa1, 0x1e, 0x06, 0x9e, 0x1d, 0x05, 0x9d, 0x21, 0x04, 0x9c, 0x21, 0x04, 0x9c,
0x21, 0x04, 0x9c, 0x21, 0x04, 0x9c, 0x20, 0x05, 0x97, 0x20, 0x05, 0x97, 0x1f, 0x06, 0x93, 0x1f, 0x06, 0x93, 0x21, 0x09, 0x92, 0x22, 0x0a, 0x93,
0x25, 0x0d, 0x96, 0x27, 0x0f, 0x98, 0x2a, 0x10, 0x99, 0x2b, 0x11, 0x9a, 0x2d, 0x14, 0x9a, 0x2e, 0x15, 0x9b, 0x34, 0x1d, 0x91, 0x3c, 0x25, 0x99,
0x58, 0x47, 0x95, 0x66, 0x55, 0xa3, 0x16, 0x0d, 0x2f, 0x00, 0x00, 0x10, 0x03, 0x00, 0x07, 0x03, 0x00, 0x07, 0x03, 0x00, 0x04, 0x03, 0x00, 0x04,
0x01, 0x00, 0x02, 0x00, 0x00, 0x01, 0x00, 0x00, 0x00, 0x00, 0x00, 0x00, 0x00, 0x00, 0x00, 0x00, 0x00, 0x00, 0x00, 0x00, 0x00, 0x00, 0x00, 0x00,
0x00, 0x00, 0x01, 0x00, 0x00, 0x01, 0x01, 0x00, 0x04, 0x02, 0x00, 0x05, 0x00, 0x00, 0x09, 0x00, 0x00, 0x09, 0x00, 0x00, 0x15, 0x00, 0x00, 0x1a,
0x30, 0x23, 0x73, 0x61, 0x54, 0xa4, 0x42, 0x30, 0xb0, 0x3b, 0x29, 0xa9, 0x37, 0x1e, 0xc0, 0x38, 0x1f, 0xc1, 0x32, 0x1d, 0xc7, 0x34, 0x1f, 0xc9,
0x31, 0x1b, 0xc9, 0x2e, 0x18, 0xc6, 0x2c, 0x18, 0xc6, 0x2f, 0x1b, 0xc9, 0x30, 0x21, 0xc7, 0x30, 0x21, 0xc7, 0x2f, 0x23, 0xc7, 0x2f, 0x23, 0xc7,
0x2f, 0x23, 0xc7, 0x31, 0x25, 0xc9, 0x33, 0x25, 0xc9, 0x31, 0x23, 0xc7, 0x35, 0x1f, 0xcd, 0x35, 0x1f, 0xcd, 0x35, 0x1f, 0xcd, 0x35, 0x1f, 0xcd,
0x30, 0x19, 0xcf, 0x32, 0x1b, 0xd1, 0x2f, 0x18, 0xce, 0x2e, 0x17, 0xcd, 0x2d, 0x19, 0xc7, 0x2c, 0x18, 0xc6, 0x2b, 0x17, 0xc5, 0x2b, 0x17, 0xc5,
0x29, 0x15, 0xc3, 0x28, 0x14, 0xc2, 0x27, 0x12, 0xc3, 0x26, 0x11, 0xc2, 0x27, 0x10, 0xc1, 0x27, 0x10, 0xc1, 0x27, 0x10, 0xc1, 0x27, 0x10, 0xc1,
0x26, 0x0f, 0xc0, 0x26, 0x0f, 0xc0, 0x24, 0x0e, 0xbc, 0x23, 0x0d, 0xbb, 0x20, 0x0a, 0xb7, 0x1d, 0x07, 0xb4, 0x1d, 0x04, 0xb3, 0x1b, 0x02, 0xb1,
0x1c, 0x04, 0xaf, 0x1a, 0x02, 0xad, 0x1c, 0x05, 0xa1, 0x1b, 0x04, 0xa0, 0x1c, 0x04, 0x9c, 0x1c, 0x04, 0x9c, 0x20, 0x03, 0x9b, 0x20, 0x03, 0x9b,
0x20, 0x03, 0x9b, 0x20, 0x03, 0x9b, 0x20, 0x05, 0x97, 0x20, 0x05, 0x97, 0x1f, 0x06, 0x93, 0x1f, 0x06, 0x93, 0x21, 0x09, 0x92, 0x22, 0x0a, 0x93,
0x25, 0x0d, 0x96, 0x27, 0x0f, 0x98, 0x2a, 0x10, 0x99, 0x2b, 0x11, 0x9a, 0x2b, 0x12, 0x98, 0x2d, 0x14, 0x9a, 0x33, 0x1c, 0x90, 0x40, 0x29, 0x9d,
0x64, 0x53, 0xa1, 0x4d, 0x3c, 0x8a, 0x02, 0x00, 0x1b, 0x00, 0x00, 0x11, 0x03, 0x00, 0x07, 0x03, 0x00, 0x07, 0x03, 0x00, 0x04, 0x02, 0x00, 0x03,
0x00, 0x00, 0x01, 0x00, 0x00, 0x01, 0x00, 0x00, 0x00, 0x00, 0x00, 0x00, 0x00, 0x00, 0x00, 0x00, 0x00, 0x00, 0x00, 0x00, 0x00, 0x00, 0x00, 0x00,
0x00, 0x00, 0x01, 0x00, 0x00, 0x01, 0x00, 0x00, 0x03, 0x00, 0x00, 0x03, 0x02, 0x00, 0x08, 0x01, 0x00, 0x07, 0x00, 0x00, 0x11, 0x00, 0x00, 0x13,
0x0f, 0x04, 0x46, 0x59, 0x4e, 0x90, 0x45, 0x33, 0xa4, 0x3e, 0x2c, 0x9d, 0x38, 0x20, 0xb7, 0x39, 0x21, 0xb8, 0x35, 0x1d, 0xc3, 0x35, 0x1d, 0xc3,
0x30, 0x17, 0xc6, 0x2b, 0x12, 0xc1, 0x2c, 0x11, 0xc5, 0x32, 0x17, 0xcb, 0x33, 0x17, 0xce, 0x32, 0x16, 0xcd, 0x30, 0x18, 0xcb, 0x30, 0x18, 0xcb,
0x2e, 0x19, 0xca, 0x2f, 0x1a, 0xcb, 0x30, 0x1c, 0xc9, 0x30, 0x1c, 0xc9, 0x34, 0x1b, 0xc9, 0x34, 0x1b, 0xc9, 0x31, 0x1c, 0xc6, 0x31, 0x1c, 0xc6,
0x2f, 0x1a, 0xcb, 0x2e, 0x19, 0xca, 0x2d, 0x18, 0xc9, 0x2d, 0x18, 0xc9, 0x2b, 0x18, 0xc2, 0x2b, 0x18, 0xc2, 0x29, 0x16, 0xc0, 0x28, 0x15, 0xbf,
0x28, 0x15, 0xbf, 0x27, 0x14, 0xbe, 0x28, 0x12, 0xbf, 0x27, 0x11, 0xbe, 0x28, 0x0f, 0xbe, 0x28, 0x0f, 0xbe, 0x26, 0x0d, 0xbc, 0x25, 0x0c, 0xbb,
0x25, 0x0c, 0xba, 0x24, 0x0b, 0xb9, 0x24, 0x0c, 0xb7, 0x23, 0x0b, 0xb6, 0x22, 0x0b, 0xb3, 0x1e, 0x07, 0xaf, 0x1e, 0x06, 0xac, 0x1c, 0x04, 0xaa,
0x1f, 0x06, 0xa8, 0x1c, 0x03, 0xa5, 0x1d, 0x04, 0x9f, 0x1c, 0x03, 0x9e, 0x1d, 0x03, 0x9a, 0x1d, 0x03, 0x9a, 0x1f, 0x04, 0x96, 0x1f, 0x04, 0x96,
0x1f, 0x04, 0x96, 0x1f, 0x04, 0x96, 0x1f, 0x06, 0x93, 0x20, 0x07, 0x94, 0x1f, 0x07, 0x90, 0x20, 0x08, 0x91, 0x22, 0x0c, 0x90, 0x24, 0x0e, 0x92,
0x27, 0x11, 0x95, 0x28, 0x12, 0x96, 0x2d, 0x13, 0x97, 0x2d, 0x13, 0x97, 0x2f, 0x16, 0x97, 0x31, 0x18, 0x99, 0x37, 0x23, 0x88, 0x43, 0x2f, 0x94,
0x64, 0x56, 0x94, 0x33, 0x25, 0x63, 0x00, 0x00, 0x0e, 0x00, 0x00, 0x0c, 0x04, 0x00, 0x06, 0x03, 0x00, 0x05, 0x00, 0x00, 0x01, 0x00, 0x00, 0x01,
0x00, 0x00, 0x01, 0x00, 0x00, 0x01, 0x00, 0x00, 0x00, 0x00, 0x00, 0x00, 0x00, 0x00, 0x00, 0x00, 0x00, 0x00, 0x00, 0x00, 0x00, 0x00, 0x00, 0x00,
0x00, 0x00, 0x01, 0x00, 0x00, 0x01, 0x00, 0x00, 0x03, 0x00, 0x00, 0x03, 0x01, 0x00, 0x07, 0x01, 0x00, 0x07, 0x00, 0x00, 0x13, 0x00, 0x00, 0x14,
0x07, 0x00, 0x3e, 0x48, 0x3d, 0x7f, 0x43, 0x31, 0xa2, 0x42, 0x30, 0xa1, 0x38, 0x20, 0xb7, 0x38, 0x20, 0xb7, 0x34, 0x1c, 0xc2, 0x34, 0x1c, 0xc2,
0x31, 0x18, 0xc7, 0x2a, 0x11, 0xc0, 0x2b, 0x10, 0xc4, 0x31, 0x16, 0xca, 0x31, 0x15, 0xcc, 0x30, 0x14, 0xcb, 0x2e, 0x16, 0xc9, 0x2e, 0x16, 0xc9,
0x2c, 0x17, 0xc8, 0x2e, 0x19, 0xca, 0x2e, 0x1a, 0xc7, 0x2c, 0x18, 0xc5, 0x31, 0x18, 0xc6, 0x32, 0x19, 0xc7, 0x2f, 0x1a, 0xc4, 0x2f, 0x1a, 0xc4,
0x2c, 0x17, 0xc8, 0x2c, 0x17, 0xc8, 0x2b, 0x16, 0xc7, 0x2b, 0x16, 0xc7, 0x28, 0x15, 0xbf, 0x28, 0x15, 0xbf, 0x27, 0x14, 0xbe, 0x26, 0x13, 0xbd,
0x26, 0x13, 0xbd, 0x25, 0x12, 0xbc, 0x26, 0x10, 0xbd, 0x24, 0x0e, 0xbb, 0x26, 0x0d, 0xbc, 0x25, 0x0c, 0xbb, 0x24, 0x0b, 0xba, 0x23, 0x0a, 0xb9,
0x22, 0x09, 0xb7, 0x22, 0x09, 0xb7, 0x21, 0x09, 0xb4, 0x1f, 0x07, 0xb2, 0x1e, 0x07, 0xaf, 0x1c, 0x05, 0xad, 0x1c, 0x04, 0xaa, 0x19, 0x01, 0xa7,
0x1b, 0x02, 0xa4, 0x1a, 0x01, 0xa3, 0x1b, 0x02, 0x9d, 0x1b, 0x02, 0x9d, 0x1c, 0x02, 0x99, 0x1c, 0x02, 0x99, 0x1e, 0x03, 0x95, 0x1e, 0x03, 0x95,
0x1e, 0x03, 0x95, 0x1e, 0x03, 0x95, 0x1f, 0x06, 0x93, 0x1f, 0x06, 0x93, 0x1f, 0x07, 0x90, 0x20, 0x08, 0x91, 0x22, 0x0c, 0x90, 0x25, 0x0f, 0x93,
0x27, 0x11, 0x95, 0x28, 0x12, 0x96, 0x2f, 0x15, 0x99, 0x30, 0x16, 0x9a, 0x31, 0x18, 0x99, 0x32, 0x19, 0x9a, 0x37, 0x23, 0x88, 0x4a, 0x36, 0x9b,
0x54, 0x46, 0x84, 0x20, 0x12, 0x50, 0x00, 0x00, 0x0e, 0x01, 0x00, 0x0f, 0x04, 0x00, 0x06, 0x03, 0x00, 0x05, 0x00, 0x00, 0x01, 0x02, 0x00, 0x03,
0x00, 0x00, 0x01, 0x00, 0x00, 0x01, 0x00, 0x00, 0x00, 0x00, 0x00, 0x00, 0x00, 0x00, 0x00, 0x00, 0x00, 0x00, 0x00, 0x00, 0x00, 0x00, 0x00, 0x00,
0x02, 0x00, 0x01, 0x02, 0x00, 0x01, 0x02, 0x00, 0x03, 0x02, 0x00, 0x03, 0x03, 0x00, 0x07, 0x03, 0x00, 0x07, 0x00, 0x00, 0x0f, 0x00, 0x00, 0x10,
0x04, 0x00, 0x2e, 0x29, 0x21, 0x53, 0x4f, 0x43, 0x9e, 0x47, 0x3b, 0x96, 0x3a, 0x26, 0xab, 0x38, 0x24, 0xa9, 0x36, 0x1c, 0xb9, 0x36, 0x1c, 0xb9,
0x36, 0x16, 0xc5, 0x33, 0x13, 0xc2, 0x33, 0x11, 0xc6, 0x37, 0x15, 0xca, 0x33, 0x13, 0xca, 0x31, 0x11, 0xc8, 0x2f, 0x12, 0xc6, 0x2f, 0x12, 0xc6,
0x2d, 0x13, 0xc5, 0x30, 0x16, 0xc8, 0x2e, 0x19, 0xc3, 0x2b, 0x16, 0xc0, 0x2d, 0x15, 0xc0, 0x2f, 0x17, 0xc2, 0x2b, 0x17, 0xbe, 0x2b, 0x17, 0xbe,
0x29, 0x15, 0xc3, 0x28, 0x14, 0xc2, 0x27, 0x13, 0xc1, 0x27, 0x13, 0xc1, 0x26, 0x14, 0xbb, 0x26, 0x14, 0xbb, 0x25, 0x13, 0xba, 0x24, 0x12, 0xb9,
0x24, 0x12, 0xb9, 0x22, 0x10, 0xb7, 0x23, 0x0e, 0xb8, 0x22, 0x0d, 0xb7, 0x24, 0x0c, 0xb7, 0x23, 0x0b, 0xb6, 0x24, 0x0a, 0xb5, 0x21, 0x07, 0xb2,
0x20, 0x09, 0xac, 0x20, 0x09, 0xac, 0x1f, 0x08, 0xaa, 0x1f, 0x08, 0xaa, 0x1e, 0x08, 0xa7, 0x1c, 0x06, 0xa5, 0x1b, 0x04, 0xa0, 0x1a, 0x03, 0x9f,
0x1b, 0x03, 0x9a, 0x1a, 0x02, 0x99, 0x1c, 0x05, 0x94, 0x1c, 0x05, 0x94, 0x1d, 0x05, 0x90, 0x1d, 0x05, 0x90, 0x1f, 0x06, 0x8c, 0x1f, 0x06, 0x8c,
0x1f, 0x06, 0x8c, 0x1f, 0x06, 0x8c, 0x20, 0x09, 0x8a, 0x20, 0x09, 0x8a, 0x20, 0x0a, 0x87, 0x21, 0x0b, 0x88, 0x23, 0x0f, 0x87, 0x26, 0x12, 0x8a,
0x27, 0x13, 0x8b, 0x29, 0x15, 0x8d, 0x31, 0x18, 0x91, 0x33, 0x1a, 0x93, 0x34, 0x1b, 0x94, 0x36, 0x1d, 0x96, 0x3d, 0x2b, 0x81, 0x52, 0x40, 0x96,
0x37, 0x2b, 0x5b, 0x0a, 0x00, 0x2e, 0x00, 0x00, 0x07, 0x01, 0x00, 0x0a, 0x04, 0x00, 0x05, 0x03, 0x00, 0x04, 0x02, 0x00, 0x03, 0x02, 0x00, 0x03,
0x00, 0x00, 0x01, 0x00, 0x00, 0x01, 0x00, 0x00, 0x01, 0x00, 0x00, 0x01, 0x02, 0x00, 0x00, 0x02, 0x00, 0x00, 0x02, 0x00, 0x00, 0x02, 0x00, 0x00,
0x02, 0x00, 0x01, 0x02, 0x00, 0x01, 0x02, 0x00, 0x03, 0x02, 0x00, 0x03, 0x03, 0x00, 0x07, 0x03, 0x00, 0x07, 0x00, 0x00, 0x10, 0x00, 0x00, 0x0f,
0x00, 0x00, 0x29, 0x01, 0x00, 0x2b, 0x45, 0x39, 0x94, 0x50, 0x44, 0x9f, 0x39, 0x25, 0xaa, 0x38, 0x24, 0xa9, 0x37, 0x1d, 0xba, 0x35, 0x1b, 0xb8,
0x35, 0x15, 0xc4, 0x35, 0x15, 0xc4, 0x33, 0x11, 0xc6, 0x33, 0x11, 0xc6, 0x30, 0x10, 0xc7, 0x30, 0x10, 0xc7, 0x2d, 0x10, 0xc4, 0x2d, 0x10, 0xc4,
0x2c, 0x12, 0xc4, 0x2c, 0x12, 0xc4, 0x2a, 0x15, 0xbf, 0x2a, 0x15, 0xbf, 0x2c, 0x14, 0xbf, 0x2c, 0x14, 0xbf, 0x2a, 0x16, 0xbd, 0x2a, 0x16, 0xbd,
0x27, 0x13, 0xc1, 0x27, 0x13, 0xc1, 0x25, 0x11, 0xbf, 0x25, 0x11, 0xbf, 0x24, 0x12, 0xb9, 0x24, 0x12, 0xb9, 0x22, 0x10, 0xb7, 0x22, 0x10, 0xb7,
0x22, 0x10, 0xb7, 0x21, 0x0f, 0xb6, 0x22, 0x0d, 0xb7, 0x21, 0x0c, 0xb6, 0x22, 0x0a, 0xb5, 0x21, 0x09, 0xb4, 0x21, 0x07, 0xb2, 0x1f, 0x05, 0xb0,
0x1f, 0x08, 0xab, 0x1e, 0x07, 0xaa, 0x1d, 0x06, 0xa8, 0x1c, 0x05, 0xa7, 0x1c, 0x06, 0xa5, 0x1a, 0x04, 0xa3, 0x1a, 0x03, 0x9f, 0x18, 0x01, 0x9d,
0x1a, 0x02, 0x99, 0x19, 0x01, 0x98, 0x19, 0x02, 0x91, 0x19, 0x02, 0x91, 0x1b, 0x03, 0x8e, 0x1b, 0x03, 0x8e, 0x1d, 0x04, 0x8a, 0x1d, 0x04, 0x8a,
0x1d, 0x04, 0x8a, 0x1d, 0x04, 0x8a, 0x1f, 0x08, 0x89, 0x20, 0x09, 0x8a, 0x20, 0x0a, 0x87, 0x21, 0x0b, 0x88, 0x23, 0x0f, 0x87, 0x24, 0x10, 0x88,
0x27, 0x13, 0x8b, 0x29, 0x15, 0x8d, 0x33, 0x1a, 0x93, 0x38, 0x1f, 0x98, 0x35, 0x1c, 0x95, 0x39, 0x20, 0x99, 0x44, 0x32, 0x88, 0x50, 0x3e, 0x94,
0x1f, 0x13, 0x43, 0x00, 0x00, 0x1d, 0x00, 0x00, 0x06, 0x01, 0x00, 0x0a, 0x04, 0x00, 0x05, 0x03, 0x00, 0x04, 0x02, 0x00, 0x03, 0x02, 0x00, 0x03,
0x00, 0x00, 0x01, 0x00, 0x00, 0x01, 0x00, 0x00, 0x01, 0x00, 0x00, 0x01, 0x02, 0x00, 0x00, 0x02, 0x00, 0x00, 0x02, 0x00, 0x00, 0x02, 0x00, 0x00,
0x06, 0x00, 0x01, 0x06, 0x00, 0x01, 0x06, 0x00, 0x01, 0x06, 0x00, 0x01, 0x05, 0x00, 0x04, 0x05, 0x00, 0x04, 0x01, 0x00, 0x08, 0x01, 0x00, 0x08,
0x00, 0x00, 0x17, 0x00, 0x00, 0x15, 0x23, 0x1e, 0x5d, 0x4b, 0x46, 0x85, 0x46, 0x38, 0xa4, 0x3a, 0x2c, 0x98, 0x38, 0x21, 0xb0, 0x37, 0x20, 0xaf,
0x33, 0x17, 0xbb, 0x33, 0x17, 0xbb, 0x2f, 0x12, 0xc1, 0x2f, 0x12, 0xc1, 0x2e, 0x10, 0xc2, 0x2e, 0x10, 0xc2, 0x2c, 0x10, 0xc2, 0x2b, 0x0f, 0xc1,
0x2a, 0x11, 0xc0, 0x2a, 0x11, 0xc0, 0x2b, 0x13, 0xbe, 0x2a, 0x12, 0xbd, 0x2a, 0x12, 0xbd, 0x2b, 0x13, 0xbe, 0x28, 0x14, 0xbb, 0x28, 0x14, 0xbb,
0x26, 0x12, 0xc0, 0x25, 0x11, 0xbf, 0x25, 0x11, 0xbf, 0x25, 0x11, 0xbf, 0x24, 0x12, 0xb9, 0x24, 0x12, 0xb9, 0x22, 0x10, 0xb7, 0x22, 0x10, 0xb7,
0x21, 0x0f, 0xb6, 0x20, 0x0e, 0xb5, 0x23, 0x0d, 0xb3, 0x22, 0x0c, 0xb2, 0x21, 0x0b, 0xb1, 0x21, 0x0b, 0xb1, 0x23, 0x0a, 0xac, 0x21, 0x08, 0xaa,
0x21, 0x0b, 0xa5, 0x20, 0x0a, 0xa4, 0x1e, 0x0a, 0x9d, 0x1e, 0x0a, 0x9d, 0x1c, 0x09, 0x99, 0x1b, 0x08, 0x98, 0x19, 0x07, 0x95, 0x17, 0x05, 0x93,
0x19, 0x06, 0x90, 0x17, 0x04, 0x8e, 0x19, 0x05, 0x8a, 0x19, 0x05, 0x8a, 0x1a, 0x04, 0x88, 0x1a, 0x04, 0x88, 0x1c, 0x06, 0x85, 0x1c, 0x06, 0x85,
0x1c, 0x06, 0x85, 0x1c, 0x06, 0x85, 0x1d, 0x08, 0x82, 0x1d, 0x08, 0x82, 0x20, 0x0d, 0x82, 0x20, 0x0d, 0x82, 0x21, 0x0f, 0x80, 0x23, 0x11, 0x82,
0x23, 0x11, 0x82, 0x27, 0x15, 0x86, 0x33, 0x1c, 0x8e, 0x35, 0x1e, 0x90, 0x38, 0x22, 0x8c, 0x3d, 0x27, 0x91, 0x4d, 0x3e, 0x85, 0x46, 0x37, 0x7e,
0x0e, 0x05, 0x27, 0x00, 0x00, 0x11, 0x00, 0x00, 0x04, 0x03, 0x00, 0x07, 0x03, 0x00, 0x02, 0x03, 0x00, 0x02, 0x04, 0x00, 0x03, 0x04, 0x00, 0x03,
0x02, 0x00, 0x01, 0x02, 0x00, 0x01, 0x02, 0x00, 0x01, 0x02, 0x00, 0x01, 0x02, 0x00, 0x01, 0x02, 0x00, 0x01, 0x04, 0x00, 0x01, 0x04, 0x00, 0x01,
0x06, 0x00, 0x01, 0x06, 0x00, 0x01, 0x06, 0x00, 0x01, 0x06, 0x00, 0x01, 0x04, 0x00, 0x03, 0x04, 0x00, 0x03, 0x00, 0x00, 0x07, 0x00, 0x00, 0x07,
0x00, 0x00, 0x15, 0x00, 0x00, 0x15, 0x00, 0x00, 0x37, 0x2d, 0x28, 0x67, 0x50, 0x42, 0xae, 0x40, 0x32, 0x9e, 0x34, 0x1d, 0xac, 0x37, 0x20, 0xaf,
0x32, 0x16, 0xba, 0x31, 0x15, 0xb9, 0x2f, 0x12, 0xc1, 0x2e, 0x11, 0xc0, 0x2d, 0x0f, 0xc1, 0x2c, 0x0e, 0xc0, 0x2b, 0x0f, 0xc1, 0x2b, 0x0f, 0xc1,
0x2a, 0x11, 0xc0, 0x2a, 0x11, 0xc0, 0x2b, 0x13, 0xbe, 0x28, 0x10, 0xbb, 0x28, 0x10, 0xbb, 0x29, 0x11, 0xbc, 0x26, 0x12, 0xb9, 0x24, 0x10, 0xb7,
0x22, 0x0e, 0xbc, 0x21, 0x0d, 0xbb, 0x21, 0x0d, 0xbb, 0x21, 0x0d, 0xbb, 0x20, 0x0e, 0xb5, 0x20, 0x0e, 0xb5, 0x1f, 0x0d, 0xb4, 0x1f, 0x0d, 0xb4,
0x1e, 0x0c, 0xb3, 0x1d, 0x0b, 0xb2, 0x1f, 0x09, 0xaf, 0x1f, 0x09, 0xaf, 0x1e, 0x08, 0xae, 0x1e, 0x08, 0xae, 0x21, 0x08, 0xaa, 0x20, 0x07, 0xa9,
0x20, 0x0a, 0xa4, 0x1f, 0x09, 0xa3, 0x1c, 0x08, 0x9b, 0x1b, 0x07, 0x9a, 0x1a, 0x07, 0x97, 0x1a, 0x07, 0x97, 0x18, 0x06, 0x94, 0x15, 0x03, 0x91,
0x17, 0x04, 0x8e, 0x16, 0x03, 0x8d, 0x18, 0x04, 0x89, 0x18, 0x04, 0x89, 0x19, 0x03, 0x87, 0x19, 0x03, 0x87, 0x1b, 0x05, 0x84, 0x1b, 0x05, 0x84,
0x1b, 0x05, 0x84, 0x1b, 0x05, 0x84, 0x1c, 0x07, 0x81, 0x1d, 0x08, 0x82, 0x1f, 0x0c, 0x81, 0x20, 0x0d, 0x82, 0x21, 0x0f, 0x80, 0x22, 0x10, 0x81,
0x22, 0x10, 0x81, 0x26, 0x14, 0x85, 0x33, 0x1c, 0x8e, 0x38, 0x21, 0x93, 0x36, 0x20, 0x8a, 0x3d, 0x27, 0x91, 0x4d, 0x3e, 0x85, 0x25, 0x16, 0x5d,
0x00, 0x00, 0x09, 0x00, 0x00, 0x0f, 0x02, 0x00, 0x06, 0x04, 0x00, 0x08, 0x03, 0x00, 0x02, 0x02, 0x00, 0x01, 0x04, 0x00, 0x03, 0x04, 0x00, 0x03,
0x02, 0x00, 0x01, 0x02, 0x00, 0x01, 0x02, 0x00, 0x01, 0x02, 0x00, 0x01, 0x02, 0x00, 0x01, 0x02, 0x00, 0x01, 0x04, 0x00, 0x01, 0x04, 0x00, 0x01,
0x06, 0x00, 0x01, 0x06, 0x00, 0x01, 0x06, 0x00, 0x01, 0x06, 0x00, 0x01, 0x04, 0x00, 0x03, 0x04, 0x00, 0x03, 0x02, 0x00, 0x04, 0x02, 0x00, 0x04,
0x00, 0x00, 0x0d, 0x00, 0x00, 0x0d, 0x00, 0x00, 0x19, 0x0e, 0x0a, 0x30, 0x47, 0x40, 0x8c, 0x4d, 0x46, 0x92, 0x37, 0x26, 0x9b, 0x39, 0x28, 0x9d,
0x37, 0x1d, 0xb4, 0x32, 0x18, 0xaf, 0x30, 0x13, 0xba, 0x30, 0x13, 0xba, 0x2e, 0x0f, 0xbb, 0x2e, 0x0f, 0xbb, 0x2c, 0x10, 0xbb, 0x2c, 0x10, 0xbb,
0x2a, 0x10, 0xbb, 0x2a, 0x10, 0xbb, 0x2b, 0x13, 0xb9, 0x2a, 0x12, 0xb8, 0x28, 0x10, 0xb6, 0x28, 0x10, 0xb6, 0x25, 0x10, 0xb3, 0x24, 0x0f, 0xb2,
0x22, 0x0d, 0xb7, 0x21, 0x0c, 0xb6, 0x21, 0x0c, 0xb6, 0x21, 0x0c, 0xb6, 0x20, 0x0e, 0xb0, 0x20, 0x0e, 0xb0, 0x1f, 0x0d, 0xae, 0x1f, 0x0d, 0xae,
0x1d, 0x0c, 0xaa, 0x1c, 0x0b, 0xa9, 0x1f, 0x0a, 0xa6, 0x1f, 0x0a, 0xa6, 0x20, 0x0b, 0xa2, 0x20, 0x0b, 0xa2, 0x21, 0x0b, 0x9c, 0x20, 0x0a, 0x9b,
0x21, 0x0e, 0x98, 0x20, 0x0d, 0x97, 0x1d, 0x0b, 0x90, 0x1c, 0x0a, 0x8f, 0x1b, 0x0a, 0x8d, 0x1a, 0x09, 0x8c, 0x19, 0x09, 0x89, 0x17, 0x07, 0x87,
0x16, 0x07, 0x85, 0x15, 0x06, 0x84, 0x17, 0x06, 0x82, 0x17, 0x06, 0x82, 0x19, 0x06, 0x80, 0x19, 0x06, 0x80, 0x19, 0x07, 0x7f, 0x19, 0x07, 0x7f,
0x19, 0x07, 0x7f, 0x19, 0x07, 0x7f, 0x1a, 0x0a, 0x7d, 0x1b, 0x0b, 0x7e, 0x1f, 0x0c, 0x81, 0x20, 0x0d, 0x82, 0x21, 0x10, 0x7f, 0x22, 0x11, 0x80,
0x23, 0x12, 0x7b, 0x28, 0x17, 0x80, 0x37, 0x26, 0x82, 0x3d, 0x2c, 0x88, 0x3e, 0x2b, 0x85, 0x4f, 0x3c, 0x96, 0x3d, 0x33, 0x67, 0x04, 0x00, 0x2e,
0x00, 0x00, 0x03, 0x00, 0x00, 0x09, 0x05, 0x00, 0x02, 0x06, 0x00, 0x03, 0x05, 0x00, 0x01, 0x04, 0x00, 0x00, 0x08, 0x00, 0x01, 0x08, 0x00, 0x01,
0x06, 0x00, 0x01, 0x06, 0x00, 0x01, 0x04, 0x00, 0x03, 0x04, 0x00, 0x03, 0x04, 0x00, 0x01, 0x04, 0x00, 0x01, 0x04, 0x00, 0x01, 0x04, 0x00, 0x01,
0x06, 0x00, 0x01, 0x06, 0x00, 0x01, 0x06, 0x00, 0x01, 0x06, 0x00, 0x01, 0x04, 0x00, 0x03, 0x04, 0x00, 0x03, 0x02, 0x00, 0x04, 0x02, 0x00, 0x04,
0x00, 0x00, 0x0c, 0x00, 0x00, 0x0d, 0x00, 0x00, 0x19, 0x00, 0x00, 0x1e, 0x28, 0x21, 0x6d, 0x4d, 0x46, 0x92, 0x42, 0x31, 0xa6, 0x3b, 0x2a, 0x9f,
0x38, 0x1e, 0xb5, 0x33, 0x19, 0xb0, 0x2f, 0x12, 0xb9, 0x2e, 0x11, 0xb8, 0x2c, 0x0d, 0xb9, 0x2b, 0x0c, 0xb8, 0x29, 0x0d, 0xb8, 0x29, 0x0d, 0xb8,
0x28, 0x0e, 0xb9, 0x28, 0x0e, 0xb9, 0x28, 0x10, 0xb6, 0x27, 0x0f, 0xb5, 0x27, 0x0f, 0xb5, 0x27, 0x0f, 0xb5, 0x24, 0x0f, 0xb2, 0x24, 0x0f, 0xb2,
0x21, 0x0c, 0xb6, 0x20, 0x0b, 0xb5, 0x20, 0x0b, 0xb5, 0x20, 0x0b, 0xb5, 0x1f, 0x0d, 0xaf, 0x1f, 0x0d, 0xaf, 0x1d, 0x0b, 0xac, 0x1d, 0x0b, 0xac,
0x1c, 0x0b, 0xa9, 0x1b, 0x0a, 0xa8, 0x1e, 0x09, 0xa5, 0x1e, 0x09, 0xa5, 0x20, 0x0b, 0xa2, 0x1f, 0x0a, 0xa1, 0x20, 0x0a, 0x9b, 0x1c, 0x06, 0x97,
0x1b, 0x08, 0x92, 0x1b, 0x08, 0x92, 0x1a, 0x08, 0x8d, 0x1b, 0x09, 0x8e, 0x19, 0x08, 0x8b, 0x19, 0x08, 0x8b, 0x17, 0x07, 0x87, 0x17, 0x07, 0x87,
0x16, 0x07, 0x85, 0x15, 0x06, 0x84, 0x17, 0x06, 0x82, 0x17, 0x06, 0x82, 0x19, 0x06, 0x80, 0x19, 0x06, 0x80, 0x19, 0x07, 0x7f, 0x19, 0x07, 0x7f,
0x19, 0x07, 0x7f, 0x19, 0x07, 0x7f, 0x1a, 0x0a, 0x7d, 0x1b, 0x0b, 0x7e, 0x1f, 0x0c, 0x81, 0x20, 0x0d, 0x82, 0x22, 0x11, 0x80, 0x22, 0x11, 0x80,
0x23, 0x12, 0x7b, 0x2f, 0x1e, 0x87, 0x37, 0x26, 0x82, 0x3d, 0x2c, 0x88, 0x52, 0x3f, 0x99, 0x46, 0x33, 0x8d, 0x16, 0x0c, 0x40, 0x00, 0x00, 0x1c,
0x00, 0x00, 0x0c, 0x00, 0x00, 0x0c, 0x05, 0x00, 0x02, 0x05, 0x00, 0x02, 0x04, 0x00, 0x00, 0x04, 0x00, 0x00, 0x08, 0x00, 0x01, 0x08, 0x00, 0x01,
0x06, 0x00, 0x01, 0x06, 0x00, 0x01, 0x04, 0x00, 0x03, 0x04, 0x00, 0x03, 0x04, 0x00, 0x01, 0x04, 0x00, 0x01, 0x04, 0x00, 0x01, 0x04, 0x00, 0x01,
0x04, 0x00, 0x00, 0x04, 0x00, 0x00, 0x04, 0x00, 0x00, 0x04, 0x00, 0x00, 0x04, 0x00, 0x01, 0x04, 0x00, 0x01, 0x02, 0x00, 0x01, 0x02, 0x00, 0x01,
0x00, 0x00, 0x04, 0x00, 0x00, 0x04, 0x00, 0x00, 0x00, 0x00, 0x00, 0x00, 0x0a, 0x09, 0x3c, 0x38, 0x37, 0x6a, 0x47, 0x35, 0xa6, 0x38, 0x26, 0x97,
0x3e, 0x24, 0xad, 0x3b, 0x21, 0xaa, 0x34, 0x21, 0x9b, 0x32, 0x1f, 0x99, 0x2d, 0x0f, 0xb2, 0x2c, 0x0e, 0xb1, 0x2a, 0x0e, 0xb2, 0x29, 0x0d, 0xb1,
0x28, 0x0f, 0xb2, 0x28, 0x0f, 0xb2, 0x26, 0x0f, 0xb2, 0x26, 0x0f, 0xb2, 0x29, 0x14, 0xab, 0x28, 0x13, 0xaa, 0x26, 0x13, 0xaa, 0x26, 0x13, 0xaa,
0x25, 0x10, 0xac, 0x24, 0x0f, 0xab, 0x24, 0x0f, 0xab, 0x23, 0x0e, 0xaa, 0x23, 0x0a, 0xb2, 0x23, 0x0a, 0xb2, 0x21, 0x09, 0xaf, 0x20, 0x08, 0xae,
0x20, 0x09, 0xab, 0x1e, 0x07, 0xa9, 0x1f, 0x09, 0xa3, 0x1f, 0x09, 0xa3, 0x1e, 0x0c, 0x9a, 0x1c, 0x0a, 0x98, 0x1d, 0x0a, 0x94, 0x1a, 0x07, 0x91,
0x17, 0x06, 0x89, 0x17, 0x06, 0x89, 0x17, 0x08, 0x86, 0x19, 0x0a, 0x88, 0x19, 0x0a, 0x86, 0x19, 0x0a, 0x86, 0x17, 0x09, 0x82, 0x16, 0x08, 0x81,
0x17, 0x08, 0x7f, 0x17, 0x08, 0x7f, 0x17, 0x09, 0x7d, 0x17, 0x09, 0x7d, 0x17, 0x08, 0x7f, 0x17, 0x08, 0x7f, 0x19, 0x05, 0x82, 0x19, 0x05, 0x82,
0x19, 0x05, 0x82, 0x19, 0x05, 0x82, 0x1a, 0x08, 0x80, 0x1b, 0x09, 0x81, 0x1d, 0x0a, 0x84, 0x1e, 0x0b, 0x85, 0x22, 0x10, 0x83, 0x23, 0x11, 0x84,
0x23, 0x14, 0x78, 0x2f, 0x20, 0x84, 0x38, 0x26, 0x84, 0x43, 0x31, 0x8f, 0x5d, 0x50, 0x92, 0x24, 0x17, 0x59, 0x00, 0x00, 0x14, 0x00, 0x00, 0x0b,
0x00, 0x00, 0x09, 0x01, 0x00, 0x0a, 0x05, 0x00, 0x02, 0x05, 0x00, 0x02, 0x06, 0x00, 0x00, 0x06, 0x00, 0x00, 0x0a, 0x00, 0x03, 0x0a, 0x00, 0x03,
0x08, 0x00, 0x03, 0x08, 0x00, 0x03, 0x06, 0x00, 0x03, 0x06, 0x00, 0x03, 0x06, 0x00, 0x01, 0x06, 0x00, 0x01, 0x04, 0x00, 0x01, 0x04, 0x00, 0x01,
0x04, 0x00, 0x00, 0x04, 0x00, 0x00, 0x04, 0x00, 0x00, 0x04, 0x00, 0x00, 0x04, 0x00, 0x01, 0x04, 0x00, 0x01, 0x02, 0x00, 0x01, 0x02, 0x00, 0x01,
0x00, 0x00, 0x04, 0x00, 0x00, 0x04, 0x00, 0x00, 0x00, 0x00, 0x00, 0x00, 0x00, 0x00, 0x2b, 0x21, 0x20, 0x53, 0x48, 0x36, 0xa7, 0x43, 0x31, 0xa2,
0x40, 0x26, 0xaf, 0x3d, 0x23, 0xac, 0x35, 0x22, 0x9c, 0x32, 0x1f, 0x99, 0x2e, 0x10, 0xb3, 0x2d, 0x0f, 0xb2, 0x29, 0x0d, 0xb1, 0x29, 0x0d, 0xb1,
0x27, 0x0e, 0xb1, 0x27, 0x0e, 0xb1, 0x25, 0x0e, 0xb1, 0x25, 0x0e, 0xb1, 0x28, 0x13, 0xaa, 0x27, 0x12, 0xa9, 0x25, 0x12, 0xa9, 0x25, 0x12, 0xa9,
0x23, 0x0e, 0xaa, 0x23, 0x0e, 0xaa, 0x21, 0x0c, 0xa8, 0x21, 0x0c, 0xa8, 0x21, 0x08, 0xb0, 0x21, 0x08, 0xb0, 0x1f, 0x07, 0xad, 0x1f, 0x07, 0xad,
0x1f, 0x08, 0xaa, 0x1d, 0x06, 0xa8, 0x1e, 0x08, 0xa2, 0x1e, 0x08, 0xa2, 0x1e, 0x0c, 0x9a, 0x1c, 0x0a, 0x98, 0x1d, 0x0a, 0x94, 0x1a, 0x07, 0x91,
0x16, 0x05, 0x88, 0x16, 0x05, 0x88, 0x17, 0x08, 0x86, 0x19, 0x0a, 0x88, 0x19, 0x0a, 0x86, 0x17, 0x08, 0x84, 0x17, 0x09, 0x82, 0x16, 0x08, 0x81,
0x17, 0x08, 0x7f, 0x17, 0x08, 0x7f, 0x17, 0x09, 0x7d, 0x17, 0x09, 0x7d, 0x17, 0x08, 0x7f, 0x17, 0x08, 0x7f, 0x19, 0x05, 0x82, 0x19, 0x05, 0x82,
0x19, 0x05, 0x82, 0x19, 0x05, 0x82, 0x1a, 0x08, 0x80, 0x1b, 0x09, 0x81, 0x1d, 0x0a, 0x84, 0x1e, 0x0b, 0x85, 0x22, 0x10, 0x83, 0x22, 0x10, 0x83,
0x24, 0x15, 0x79, 0x2f, 0x20, 0x84, 0x3e, 0x2c, 0x8a, 0x4d, 0x3b, 0x99, 0x3e, 0x31, 0x73, 0x02, 0x00, 0x37, 0x00, 0x00, 0x11, 0x00, 0x00, 0x0f,
0x00, 0x00, 0x09, 0x01, 0x00, 0x0a, 0x04, 0x00, 0x01, 0x04, 0x00, 0x01, 0x06, 0x00, 0x00, 0x06, 0x00, 0x00, 0x0a, 0x00, 0x03, 0x0a, 0x00, 0x03,
0x08, 0x00, 0x03, 0x08, 0x00, 0x03, 0x06, 0x00, 0x03, 0x06, 0x00, 0x03, 0x06, 0x00, 0x01, 0x06, 0x00, 0x01, 0x04, 0x00, 0x01, 0x04, 0x00, 0x01,
0x02, 0x00, 0x00, 0x02, 0x00, 0x00, 0x02, 0x00, 0x00, 0x02, 0x00, 0x00, 0x02, 0x00, 0x00, 0x02, 0x00, 0x00, 0x02, 0x00, 0x00, 0x02, 0x00, 0x00,
0x02, 0x00, 0x00, 0x02, 0x00, 0x00, 0x00, 0x00, 0x00, 0x00, 0x00, 0x00, 0x00, 0x00, 0x10, 0x06, 0x07, 0x25, 0x3f, 0x39, 0x81, 0x5b, 0x55, 0x9d,
0x47, 0x35, 0xa1, 0x41, 0x2f, 0x9b, 0x39, 0x23, 0xa0, 0x36, 0x20, 0x9d, 0x30, 0x13, 0xab, 0x30, 0x13, 0xab, 0x2c, 0x11, 0xac, 0x2b, 0x10, 0xab,
0x29, 0x10, 0xab, 0x29, 0x10, 0xab, 0x25, 0x10, 0xac, 0x25, 0x10, 0xac, 0x28, 0x14, 0xa7, 0x28, 0x14, 0xa7, 0x26, 0x12, 0xa5, 0x25, 0x11, 0xa4,
0x21, 0x0e, 0xa4, 0x21, 0x0e, 0xa4, 0x22, 0x0d, 0xa3, 0x22, 0x0d, 0xa3, 0x22, 0x0a, 0xa9, 0x21, 0x09, 0xa8, 0x20, 0x0a, 0xa4, 0x20, 0x0a, 0xa4,
0x20, 0x0c, 0x9f, 0x1e, 0x0a, 0x9d, 0x20, 0x0a, 0x9b, 0x20, 0x0a, 0x9b, 0x1e, 0x0d, 0x90, 0x1d, 0x0c, 0x8f, 0x1c, 0x0c, 0x8c, 0x19, 0x09, 0x89,
0x15, 0x07, 0x80, 0x14, 0x06, 0x7f, 0x16, 0x09, 0x80, 0x17, 0x0a, 0x81, 0x19, 0x0d, 0x81, 0x17, 0x0b, 0x7f, 0x17, 0x0b, 0x7f, 0x16, 0x0a, 0x7e,
0x17, 0x0a, 0x7c, 0x17, 0x0a, 0x7c, 0x17, 0x0b, 0x79, 0x18, 0x0c, 0x7a, 0x18, 0x0b, 0x7b, 0x17, 0x0a, 0x7a, 0x17, 0x09, 0x7d, 0x17, 0x09, 0x7d,
0x17, 0x09, 0x7d, 0x18, 0x0a, 0x7e, 0x19, 0x0c, 0x7e, 0x1b, 0x0e, 0x80, 0x1d, 0x0a, 0x84, 0x1e, 0x0b, 0x85, 0x25, 0x11, 0x82, 0x26, 0x12, 0x83,
0x29, 0x1c, 0x79, 0x38, 0x2b, 0x88, 0x53, 0x44, 0x91, 0x4a, 0x3b, 0x88, 0x25, 0x1f, 0x45, 0x00, 0x00, 0x1d, 0x00, 0x00, 0x07, 0x00, 0x00, 0x06,
0x00, 0x00, 0x06, 0x01, 0x00, 0x07, 0x04, 0x00, 0x03, 0x04, 0x00, 0x03, 0x06, 0x00, 0x03, 0x06, 0x00, 0x03, 0x08, 0x00, 0x03, 0x08, 0x00, 0x03,
0x08, 0x00, 0x03, 0x08, 0x00, 0x03, 0x06, 0x00, 0x03, 0x06, 0x00, 0x03, 0x06, 0x00, 0x01, 0x06, 0x00, 0x01, 0x04, 0x00, 0x01, 0x04, 0x00, 0x01,
0x02, 0x00, 0x00, 0x02, 0x00, 0x00, 0x02, 0x00, 0x00, 0x02, 0x00, 0x00, 0x02, 0x00, 0x00, 0x02, 0x00, 0x00, 0x02, 0x00, 0x00, 0x02, 0x00, 0x00,
0x02, 0x00, 0x00, 0x02, 0x00, 0x00, 0x00, 0x00, 0x00, 0x00, 0x00, 0x00, 0x00, 0x00, 0x10, 0x00, 0x00, 0x0f, 0x18, 0x12, 0x5a, 0x51, 0x4b, 0x93,
0x4c, 0x3a, 0xa6, 0x44, 0x32, 0x9e, 0x3e, 0x28, 0xa5, 0x38, 0x22, 0x9f, 0x32, 0x15, 0xad, 0x30, 0x13, 0xab, 0x2c, 0x11, 0xac, 0x2b, 0x10, 0xab,
0x29, 0x10, 0xab, 0x29, 0x10, 0xab, 0x25, 0x10, 0xac, 0x25, 0x10, 0xac, 0x28, 0x14, 0xa7, 0x27, 0x13, 0xa6, 0x26, 0x12, 0xa5, 0x26, 0x12, 0xa5,
0x23, 0x10, 0xa6, 0x21, 0x0e, 0xa4, 0x22, 0x0d, 0xa3, 0x22, 0x0d, 0xa3, 0x22, 0x0a, 0xa9, 0x22, 0x0a, 0xa9, 0x21, 0x0b, 0xa5, 0x20, 0x0a, 0xa4,
0x1f, 0x0b, 0x9e, 0x1f, 0x0b, 0x9e, 0x20, 0x0a, 0x9b, 0x20, 0x0a, 0x9b, 0x1e, 0x0d, 0x90, 0x1e, 0x0d, 0x90, 0x1e, 0x0e, 0x8e, 0x24, 0x14, 0x94,
0x21, 0x13, 0x8c, 0x1c, 0x0e, 0x87, 0x15, 0x08, 0x7f, 0x17, 0x0a, 0x81, 0x19, 0x0d, 0x81, 0x17, 0x0b, 0x7f, 0x17, 0x0b, 0x7f, 0x16, 0x0a, 0x7e,
0x17, 0x0a, 0x7c, 0x17, 0x0a, 0x7c, 0x17, 0x0b, 0x79, 0x18, 0x0c, 0x7a, 0x18, 0x0b, 0x7b, 0x18, 0x0b, 0x7b, 0x18, 0x0a, 0x7e, 0x18, 0x0a, 0x7e,
0x18, 0x0a, 0x7e, 0x18, 0x0a, 0x7e, 0x19, 0x0c, 0x7e, 0x1b, 0x0e, 0x80, 0x1e, 0x0b, 0x85, 0x20, 0x0d, 0x87, 0x28, 0x14, 0x85, 0x29, 0x15, 0x86,
0x2a, 0x1d, 0x7a, 0x47, 0x3a, 0x97, 0x56, 0x47, 0x94, 0x2b, 0x1c, 0x69, 0x04, 0x00, 0x24, 0x00, 0x00, 0x1b, 0x00, 0x00, 0x07, 0x00, 0x00, 0x09,
0x00, 0x00, 0x06, 0x00, 0x00, 0x06, 0x04, 0x00, 0x03, 0x04, 0x00, 0x03, 0x06, 0x00, 0x03, 0x06, 0x00, 0x03, 0x08, 0x00, 0x03, 0x08, 0x00, 0x03,
0x08, 0x00, 0x03, 0x08, 0x00, 0x03, 0x06, 0x00, 0x03, 0x06, 0x00, 0x03, 0x06, 0x00, 0x01, 0x06, 0x00, 0x01, 0x04, 0x00, 0x01, 0x04, 0x00, 0x01,
0x02, 0x00, 0x00, 0x02, 0x00, 0x00, 0x02, 0x00, 0x00, 0x02, 0x00, 0x00, 0x02, 0x00, 0x00, 0x02, 0x00, 0x00, 0x02, 0x00, 0x00, 0x02, 0x00, 0x00,
0x02, 0x00, 0x00, 0x02, 0x00, 0x00, 0x00, 0x00, 0x05, 0x00, 0x00, 0x04, 0x00, 0x00, 0x06, 0x00, 0x00, 0x07, 0x00, 0x02, 0x18, 0x1c, 0x24, 0x3a,
0x51, 0x47, 0x94, 0x50, 0x46, 0x93, 0x44, 0x28, 0xb1, 0x39, 0x1d, 0xa6, 0x33, 0x16, 0xa3, 0x33, 0x16, 0xa3, 0x30, 0x12, 0xa7, 0x2f, 0x11, 0xa6,
0x2b, 0x11, 0xa8, 0x2a, 0x10, 0xa7, 0x24, 0x11, 0xa8, 0x24, 0x11, 0xa8, 0x26, 0x14, 0xa2, 0x26, 0x14, 0xa2, 0x24, 0x14, 0xa2, 0x21, 0x11, 0x9f,
0x21, 0x10, 0xa0, 0x20, 0x0f, 0x9f, 0x22, 0x10, 0x9e, 0x21, 0x0f, 0x9d, 0x21, 0x0c, 0xa3, 0x21, 0x0c, 0xa3, 0x20, 0x0d, 0x9d, 0x1e, 0x0b, 0x9b,
0x20, 0x0d, 0x97, 0x20, 0x0d, 0x97, 0x1e, 0x0b, 0x93, 0x1e, 0x0b, 0x93, 0x20, 0x0f, 0x8b, 0x1f, 0x0e, 0x8a, 0x1e, 0x0f, 0x86, 0x1d, 0x0e, 0x85,
0x19, 0x0c, 0x7c, 0x1b, 0x0e, 0x7e, 0x19, 0x0c, 0x7c, 0x17, 0x0a, 0x7a, 0x1b, 0x0e, 0x7e, 0x19, 0x0c, 0x7c, 0x19, 0x0c, 0x7c, 0x18, 0x0b, 0x7b,
0x17, 0x0a, 0x7a, 0x18, 0x0b, 0x7b, 0x18, 0x0d, 0x78, 0x18, 0x0d, 0x78, 0x18, 0x0d, 0x78, 0x18, 0x0d, 0x78, 0x18, 0x0c, 0x7a, 0x18, 0x0c, 0x7a,
0x18, 0x0c, 0x7a, 0x19, 0x0d, 0x7b, 0x19, 0x0d, 0x7b, 0x1b, 0x0f, 0x7d, 0x21, 0x0e, 0x83, 0x26, 0x13, 0x88, 0x2d, 0x19, 0x83, 0x28, 0x14, 0x7e,
0x3c, 0x31, 0x81, 0x5e, 0x53, 0xa3, 0x3f, 0x36, 0x6c, 0x01, 0x00, 0x2e, 0x00, 0x00, 0x07, 0x00, 0x00, 0x0f, 0x00, 0x00, 0x04, 0x00, 0x00, 0x04,
0x00, 0x00, 0x04, 0x00, 0x00, 0x04, 0x02, 0x00, 0x03, 0x02, 0x00, 0x03, 0x04, 0x00, 0x03, 0x04, 0x00, 0x03, 0x06, 0x00, 0x03, 0x06, 0x00, 0x03,
0x08, 0x00, 0x03, 0x08, 0x00, 0x03, 0x06, 0x00, 0x03, 0x06, 0x00, 0x03, 0x06, 0x00, 0x01, 0x06, 0x00, 0x01, 0x04, 0x00, 0x01, 0x04, 0x00, 0x01,
0x02, 0x00, 0x00, 0x02, 0x00, 0x00, 0x02, 0x00, 0x00, 0x02, 0x00, 0x00, 0x02, 0x00, 0x00, 0x02, 0x00, 0x00, 0x02, 0x00, 0x00, 0x02, 0x00, 0x00,
0x02, 0x00, 0x00, 0x02, 0x00, 0x00, 0x00, 0x00, 0x05, 0x00, 0x00, 0x05, 0x00, 0x00, 0x07, 0x00, 0x00, 0x09, 0x00, 0x00, 0x12, 0x03, 0x0b, 0x21,
0x3c, 0x32, 0x7f, 0x58, 0x4e, 0x9b, 0x4a, 0x2e, 0xb7, 0x37, 0x1b, 0xa4, 0x29, 0x0c, 0x99, 0x36, 0x19, 0xa6, 0x2f, 0x11, 0xa6, 0x2e, 0x10, 0xa5,
0x2a, 0x10, 0xa7, 0x2a, 0x10, 0xa7, 0x24, 0x11, 0xa8, 0x24, 0x11, 0xa8, 0x25, 0x13, 0xa1, 0x25, 0x13, 0xa1, 0x23, 0x13, 0xa1, 0x20, 0x10, 0x9e,
0x20, 0x0f, 0x9f, 0x20, 0x0f, 0x9f, 0x21, 0x0f, 0x9d, 0x21, 0x0f, 0x9d, 0x20, 0x0b, 0xa2, 0x20, 0x0b, 0xa2, 0x1f, 0x0c, 0x9c, 0x1c, 0x09, 0x99,
0x1e, 0x0b, 0x95, 0x20, 0x0d, 0x97, 0x1e, 0x0b, 0x93, 0x1e, 0x0b, 0x93, 0x20, 0x0f, 0x8b, 0x20, 0x0f, 0x8b, 0x22, 0x13, 0x8a, 0x20, 0x11, 0x88,
0x1e, 0x11, 0x81, 0x1b, 0x0e, 0x7e, 0x18, 0x0b, 0x7b, 0x17, 0x0a, 0x7a, 0x1b, 0x0e, 0x7e, 0x19, 0x0c, 0x7c, 0x19, 0x0c, 0x7c, 0x18, 0x0b, 0x7b,
0x17, 0x0a, 0x7a, 0x18, 0x0b, 0x7b, 0x18, 0x0d, 0x78, 0x18, 0x0d, 0x78, 0x18, 0x0d, 0x78, 0x18, 0x0d, 0x78, 0x18, 0x0c, 0x7a, 0x18, 0x0c, 0x7a,
0x18, 0x0c, 0x7a, 0x19, 0x0d, 0x7b, 0x19, 0x0d, 0x7b, 0x1c, 0x10, 0x7e, 0x22, 0x0f, 0x84, 0x26, 0x13, 0x88, 0x2a, 0x16, 0x80, 0x2b, 0x17, 0x81,
0x56, 0x4b, 0x9b, 0x53, 0x48, 0x98, 0x14, 0x0b, 0x41, 0x00, 0x00, 0x21, 0x00, 0x00, 0x11, 0x00, 0x00, 0x0f, 0x00, 0x00, 0x05, 0x00, 0x00, 0x04,
0x00, 0x00, 0x04, 0x00, 0x00, 0x04, 0x02, 0x00, 0x03, 0x02, 0x00, 0x03, 0x04, 0x00, 0x03, 0x04, 0x00, 0x03, 0x06, 0x00, 0x03, 0x06, 0x00, 0x03,
0x08, 0x00, 0x03, 0x08, 0x00, 0x03, 0x06, 0x00, 0x03, 0x06, 0x00, 0x03, 0x06, 0x00, 0x01, 0x06, 0x00, 0x01, 0x04, 0x00, 0x01, 0x04, 0x00, 0x01,
0x02, 0x00, 0x00, 0x02, 0x00, 0x00, 0x02, 0x00, 0x00, 0x02, 0x00, 0x00, 0x02, 0x00, 0x00, 0x02, 0x00, 0x00, 0x02, 0x00, 0x00, 0x02, 0x00, 0x00,
0x02, 0x00, 0x00, 0x02, 0x00, 0x00, 0x00, 0x00, 0x00, 0x00, 0x01, 0x01, 0x00, 0x02, 0x01, 0x00, 0x03, 0x02, 0x00, 0x05, 0x00, 0x00, 0x03, 0x00,
0x10, 0x0e, 0x3c, 0x4c, 0x4a, 0x78, 0x57, 0x39, 0xbb, 0x38, 0x1a, 0x9c, 0x2a, 0x10, 0x8b, 0x3a, 0x20, 0x9b, 0x33, 0x17, 0xa0, 0x32, 0x16, 0x9f,
0x2e, 0x15, 0xa2, 0x2c, 0x13, 0xa0, 0x26, 0x13, 0xa3, 0x26, 0x13, 0xa3, 0x28, 0x15, 0x9f, 0x27, 0x14, 0x9e, 0x25, 0x15, 0x9e, 0x23, 0x13, 0x9c,
0x22, 0x12, 0x9b, 0x21, 0x11, 0x9a, 0x23, 0x10, 0x98, 0x23, 0x10, 0x98, 0x23, 0x0e, 0x9d, 0x22, 0x0d, 0x9c, 0x20, 0x0d, 0x95, 0x1e, 0x0b, 0x93,
0x20, 0x0e, 0x8e, 0x20, 0x0e, 0x8e, 0x20, 0x0f, 0x8d, 0x20, 0x0f, 0x8d, 0x22, 0x12, 0x85, 0x22, 0x12, 0x85, 0x24, 0x16, 0x82, 0x26, 0x18, 0x84,
0x22, 0x16, 0x7d, 0x1f, 0x13, 0x7a, 0x1a, 0x0d, 0x76, 0x19, 0x0c, 0x75, 0x1d, 0x0f, 0x7b, 0x1b, 0x0d, 0x79, 0x1a, 0x0c, 0x78, 0x1a, 0x0c, 0x78,
0x19, 0x0b, 0x77, 0x1a, 0x0c, 0x78, 0x1a, 0x0d, 0x76, 0x1a, 0x0d, 0x76, 0x1a, 0x0e, 0x75, 0x1a, 0x0e, 0x75, 0x1a, 0x0d, 0x76, 0x1a, 0x0d, 0x76,
0x1a, 0x0e, 0x75, 0x1d, 0x11, 0x78, 0x1f, 0x12, 0x75, 0x21, 0x14, 0x77, 0x26, 0x17, 0x7b, 0x22, 0x13, 0x77, 0x2a, 0x1a, 0x72, 0x48, 0x38, 0x90,
0x4f, 0x43, 0x81, 0x1c, 0x10, 0x4e, 0x00, 0x00, 0x1a, 0x00, 0x00, 0x1a, 0x00, 0x00, 0x09, 0x00, 0x00, 0x0c, 0x00, 0x00, 0x03, 0x00, 0x00, 0x03,
0x00, 0x00, 0x03, 0x00, 0x00, 0x03, 0x02, 0x00, 0x03, 0x02, 0x00, 0x03, 0x02, 0x00, 0x03, 0x02, 0x00, 0x03, 0x04, 0x00, 0x03, 0x04, 0x00, 0x03,
0x06, 0x00, 0x03, 0x06, 0x00, 0x03, 0x06, 0x00, 0x03, 0x06, 0x00, 0x03, 0x04, 0x00, 0x01, 0x04, 0x00, 0x01, 0x04, 0x00, 0x01, 0x04, 0x00, 0x01,
0x02, 0x00, 0x00, 0x02, 0x00, 0x00, 0x02, 0x00, 0x00, 0x02, 0x00, 0x00, 0x02, 0x00, 0x00, 0x02, 0x00, 0x00, 0x02, 0x00, 0x00, 0x02, 0x00, 0x00,
0x02, 0x00, 0x00, 0x02, 0x00, 0x00, 0x00, 0x00, 0x00, 0x00, 0x00, 0x00, 0x00, 0x02, 0x01, 0x00, 0x02, 0x01, 0x00, 0x01, 0x00, 0x00, 0x00, 0x00,
0x00, 0x00, 0x1b, 0x26, 0x24, 0x52, 0x55, 0x37, 0xb9, 0x51, 0x33, 0xb5, 0x3c, 0x22, 0x9d, 0x3a, 0x20, 0x9b, 0x32, 0x16, 0x9f, 0x33, 0x17, 0xa0,
0x2c, 0x13, 0xa0, 0x2c, 0x13, 0xa0, 0x27, 0x14, 0xa4, 0x27, 0x14, 0xa4, 0x27, 0x14, 0x9e, 0x27, 0x14, 0x9e, 0x25, 0x15, 0x9e, 0x23, 0x13, 0x9c,
0x21, 0x11, 0x9a, 0x21, 0x11, 0x9a, 0x23, 0x10, 0x98, 0x23, 0x10, 0x98, 0x23, 0x0e, 0x9d, 0x21, 0x0c, 0x9b, 0x1e, 0x0b, 0x93, 0x1e, 0x0b, 0x93,
0x20, 0x0e, 0x8e, 0x20, 0x0e, 0x8e, 0x22, 0x11, 0x8f, 0x22, 0x11, 0x8f, 0x24, 0x14, 0x87, 0x22, 0x12, 0x85, 0x21, 0x13, 0x7f, 0x1e, 0x10, 0x7c,
0x1d, 0x11, 0x78, 0x1b, 0x0f, 0x76, 0x1a, 0x0d, 0x76, 0x1b, 0x0e, 0x77, 0x1d, 0x0f, 0x7b, 0x1b, 0x0d, 0x79, 0x1a, 0x0c, 0x78, 0x1a, 0x0c, 0x78,
0x1a, 0x0c, 0x78, 0x1a, 0x0c, 0x78, 0x1a, 0x0d, 0x76, 0x1b, 0x0e, 0x77, 0x1b, 0x0f, 0x76, 0x1b, 0x0f, 0x76, 0x1b, 0x0e, 0x77, 0x1d, 0x10, 0x79,
0x1e, 0x12, 0x79, 0x1e, 0x12, 0x79, 0x22, 0x15, 0x78, 0x21, 0x14, 0x77, 0x26, 0x17, 0x7b, 0x2f, 0x20, 0x84, 0x45, 0x35, 0x8d, 0x49, 0x39, 0x91,
0x1c, 0x10, 0x4e, 0x00, 0x00, 0x2b, 0x00, 0x00, 0x1a, 0x00, 0x00, 0x1a, 0x00, 0x00, 0x0b, 0x00, 0x00, 0x0b, 0x00, 0x00, 0x03, 0x00, 0x00, 0x03,
0x00, 0x00, 0x03, 0x00, 0x00, 0x03, 0x02, 0x00, 0x03, 0x02, 0x00, 0x03, 0x02, 0x00, 0x03, 0x02, 0x00, 0x03, 0x04, 0x00, 0x03, 0x04, 0x00, 0x03,
0x06, 0x00, 0x03, 0x06, 0x00, 0x03, 0x06, 0x00, 0x03, 0x06, 0x00, 0x03, 0x04, 0x00, 0x01, 0x04, 0x00, 0x01, 0x04, 0x00, 0x01, 0x04, 0x00, 0x01,
0x02, 0x00, 0x00, 0x02, 0x00, 0x00, 0x02, 0x00, 0x00, 0x02, 0x00, 0x00, 0x02, 0x00, 0x00, 0x02, 0x00, 0x00, 0x02, 0x00, 0x00, 0x02, 0x00, 0x00,
0x02, 0x00, 0x00, 0x02, 0x00, 0x00, 0x00, 0x00, 0x01, 0x00, 0x00, 0x01, 0x00, 0x00, 0x03, 0x00, 0x00, 0x03, 0x00, 0x00, 0x04, 0x00, 0x00, 0x04,
0x00, 0x00, 0x0a, 0x00, 0x00, 0x11, 0x27, 0x1d, 0x5b, 0x48, 0x3e, 0x7c, 0x59, 0x3d, 0xb8, 0x4c, 0x30, 0xab, 0x40, 0x20, 0xae, 0x3a, 0x1a, 0xa8,
0x31, 0x18, 0x9e, 0x34, 0x1b, 0xa1, 0x2d, 0x19, 0x9e, 0x2c, 0x18, 0x9d, 0x2b, 0x13, 0x9e, 0x2b, 0x13, 0x9e, 0x29, 0x13, 0x9f, 0x27, 0x11, 0x9d,
0x26, 0x11, 0x9b, 0x26, 0x11, 0x9b, 0x27, 0x0f, 0x9a, 0x27, 0x0f, 0x9a, 0x26, 0x13, 0x8d, 0x27, 0x14, 0x8e, 0x24, 0x14, 0x85, 0x21, 0x11, 0x82,
0x22, 0x13, 0x7c, 0x22, 0x13, 0x7c, 0x2b, 0x1d, 0x84, 0x2e, 0x20, 0x87, 0x2b, 0x1e, 0x82, 0x2a, 0x1d, 0x81, 0x28, 0x1e, 0x79, 0x24, 0x1a, 0x75,
0x23, 0x1a, 0x72, 0x22, 0x19, 0x71, 0x21, 0x16, 0x73, 0x21, 0x16, 0x73, 0x20, 0x13, 0x77, 0x1d, 0x10, 0x74, 0x1c, 0x0e, 0x75, 0x1b, 0x0d, 0x74,
0x1e, 0x0f, 0x73, 0x1e, 0x0f, 0x73, 0x20, 0x0d, 0x75, 0x21, 0x0e, 0x76, 0x1f, 0x0e, 0x77, 0x1f, 0x0e, 0x77, 0x21, 0x10, 0x79, 0x23, 0x12, 0x7b,
0x23, 0x11, 0x76, 0x24, 0x12, 0x77, 0x26, 0x16, 0x6e, 0x20, 0x10, 0x68, 0x32, 0x25, 0x6c, 0x4e, 0x41, 0x88, 0x49, 0x41, 0x75, 0x19, 0x11, 0x45,
0x00, 0x00, 0x18, 0x00, 0x00, 0x17, 0x02, 0x00, 0x10, 0x01, 0x00, 0x0f, 0x00, 0x00, 0x07, 0x00, 0x00, 0x07, 0x00, 0x00, 0x03, 0x00, 0x00, 0x03,
0x00, 0x00, 0x03, 0x00, 0x00, 0x03, 0x02, 0x00, 0x03, 0x02, 0x00, 0x03, 0x04, 0x00, 0x03, 0x04, 0x00, 0x03, 0x04, 0x00, 0x03, 0x04, 0x00, 0x03,
0x06, 0x00, 0x03, 0x06, 0x00, 0x03, 0x06, 0x00, 0x03, 0x06, 0x00, 0x03, 0x04, 0x00, 0x01, 0x04, 0x00, 0x01, 0x04, 0x00, 0x01, 0x04, 0x00, 0x01,
0x02, 0x00, 0x00, 0x02, 0x00, 0x00, 0x02, 0x00, 0x00, 0x02, 0x00, 0x00, 0x02, 0x00, 0x00, 0x02, 0x00, 0x00, 0x02, 0x00, 0x00, 0x02, 0x00, 0x00,
0x02, 0x00, 0x00, 0x02, 0x00, 0x00, 0x00, 0x00, 0x01, 0x00, 0x00, 0x01, 0x00, 0x00, 0x03, 0x00, 0x00, 0x03, 0x00, 0x00, 0x07, 0x00, 0x00, 0x07,
0x00, 0x00, 0x0d, 0x00, 0x00, 0x0c, 0x00, 0x00, 0x27, 0x00, 0x00, 0x31, 0x2d, 0x11, 0x8c, 0x5c, 0x40, 0xbb, 0x4f, 0x2f, 0xbd, 0x3b, 0x1b, 0xa9,
0x34, 0x1b, 0xa1, 0x34, 0x1b, 0xa1, 0x31, 0x1d, 0xa2, 0x31, 0x1d, 0xa2, 0x2f, 0x17, 0xa2, 0x2d, 0x15, 0xa0, 0x2a, 0x14, 0xa0, 0x27, 0x11, 0x9d,
0x26, 0x11, 0x9b, 0x26, 0x11, 0x9b, 0x27, 0x0f, 0x9a, 0x27, 0x0f, 0x9a, 0x26, 0x13, 0x8d, 0x27, 0x14, 0x8e, 0x29, 0x19, 0x8a, 0x29, 0x19, 0x8a,
0x2f, 0x20, 0x89, 0x35, 0x26, 0x8f, 0x3c, 0x2e, 0x95, 0x3e, 0x30, 0x97, 0x3f, 0x32, 0x96, 0x40, 0x33, 0x97, 0x42, 0x38, 0x93, 0x3c, 0x32, 0x8d,
0x34, 0x2b, 0x83, 0x2d, 0x24, 0x7c, 0x24, 0x19, 0x76, 0x22, 0x17, 0x74, 0x21, 0x14, 0x78, 0x20, 0x13, 0x77, 0x1d, 0x0f, 0x76, 0x1c, 0x0e, 0x75,
0x21, 0x12, 0x76, 0x22, 0x13, 0x77, 0x24, 0x11, 0x79, 0x24, 0x11, 0x79, 0x22, 0x11, 0x7a, 0x21, 0x10, 0x79, 0x1f, 0x0e, 0x77, 0x1f, 0x0e, 0x77,
0x21, 0x0f, 0x74, 0x26, 0x14, 0x79, 0x2c, 0x1c, 0x74, 0x35, 0x25, 0x7d, 0x47, 0x3a, 0x81, 0x3c, 0x2f, 0x76, 0x11, 0x09, 0x3d, 0x00, 0x00, 0x21,
0x00, 0x00, 0x19, 0x00, 0x00, 0x1b, 0x02, 0x00, 0x10, 0x01, 0x00, 0x0f, 0x00, 0x00, 0x07, 0x01, 0x00, 0x08, 0x01, 0x00, 0x04, 0x00, 0x00, 0x03,
0x00, 0x00, 0x03, 0x00, 0x00, 0x03, 0x02, 0x00, 0x03, 0x02, 0x00, 0x03, 0x04, 0x00, 0x03, 0x04, 0x00, 0x03, 0x04, 0x00, 0x03, 0x04, 0x00, 0x03,
0x06, 0x00, 0x03, 0x06, 0x00, 0x03, 0x06, 0x00, 0x03, 0x06, 0x00, 0x03, 0x04, 0x00, 0x01, 0x04, 0x00, 0x01, 0x04, 0x00, 0x01, 0x04, 0x00, 0x01,
0x02, 0x00, 0x00, 0x02, 0x00, 0x00, 0x02, 0x00, 0x00, 0x02, 0x00, 0x00, 0x02, 0x00, 0x00, 0x02, 0x00, 0x00, 0x02, 0x00, 0x00, 0x02, 0x00, 0x00,
0x02, 0x00, 0x00, 0x02, 0x00, 0x00, 0x00, 0x00, 0x01, 0x00, 0x00, 0x01, 0x00, 0x00, 0x01, 0x00, 0x01, 0x02, 0x00, 0x00, 0x04, 0x00, 0x00, 0x03,
0x00, 0x00, 0x0a, 0x01, 0x06, 0x11, 0x00, 0x00, 0x13, 0x00, 0x00, 0x02, 0x02, 0x00, 0x2c, 0x3a, 0x32, 0x64, 0x48, 0x36, 0x8c, 0x52, 0x40, 0x96,
0x4a, 0x31, 0xaa, 0x35, 0x1c, 0x95, 0x30, 0x15, 0x9b, 0x31, 0x16, 0x9c, 0x32, 0x1c, 0x94, 0x30, 0x1a, 0x92, 0x2e, 0x19, 0x93, 0x2b, 0x16, 0x90,
0x2b, 0x16, 0x8b, 0x2b, 0x16, 0x8b, 0x2b, 0x17, 0x8a, 0x2b, 0x17, 0x8a, 0x2c, 0x1e, 0x7e, 0x2d, 0x1f, 0x7f, 0x32, 0x27, 0x7f, 0x3d, 0x32, 0x8a,
0x44, 0x38, 0x8a, 0x44, 0x38, 0x8a, 0x41, 0x37, 0x84, 0x3a, 0x30, 0x7d, 0x34, 0x2b, 0x74, 0x2f, 0x26, 0x6f, 0x35, 0x2e, 0x6d, 0x46, 0x3f, 0x7e,
0x4f, 0x45, 0x83, 0x4a, 0x40, 0x7e, 0x40, 0x34, 0x79, 0x3a, 0x2e, 0x73, 0x2a, 0x1a, 0x6b, 0x21, 0x11, 0x62, 0x23, 0x10, 0x69, 0x22, 0x0f, 0x68,
0x20, 0x0f, 0x62, 0x25, 0x14, 0x67, 0x2c, 0x17, 0x70, 0x29, 0x14, 0x6d, 0x27, 0x12, 0x71, 0x29, 0x14, 0x73, 0x29, 0x15, 0x72, 0x2c, 0x18, 0x75,
0x31, 0x1e, 0x71, 0x39, 0x26, 0x79, 0x4b, 0x3d, 0x7d, 0x5a, 0x4c, 0x8c, 0x3c, 0x33, 0x5a, 0x07, 0x00, 0x25, 0x00, 0x00, 0x08, 0x00, 0x00, 0x0f,
0x0a, 0x02, 0x0f, 0x06, 0x00, 0x0b, 0x04, 0x00, 0x09, 0x02, 0x00, 0x07, 0x03, 0x00, 0x05, 0x02, 0x00, 0x04, 0x02, 0x00, 0x03, 0x02, 0x00, 0x03,
0x02, 0x00, 0x01, 0x02, 0x00, 0x01, 0x02, 0x00, 0x01, 0x02, 0x00, 0x01, 0x04, 0x00, 0x01, 0x04, 0x00, 0x01, 0x04, 0x00, 0x01, 0x04, 0x00, 0x01,
0x06, 0x00, 0x01, 0x06, 0x00, 0x01, 0x06, 0x00, 0x01, 0x06, 0x00, 0x01, 0x04, 0x00, 0x01, 0x04, 0x00, 0x01, 0x04, 0x00, 0x01, 0x04, 0x00, 0x01,
0x02, 0x00, 0x00, 0x02, 0x00, 0x00, 0x02, 0x00, 0x00, 0x02, 0x00, 0x00, 0x02, 0x00, 0x00, 0x02, 0x00, 0x00, 0x02, 0x00, 0x00, 0x02, 0x00, 0x00,
0x02, 0x00, 0x00, 0x02, 0x00, 0x00, 0x00, 0x00, 0x01, 0x00, 0x00, 0x01, 0x00, 0x00, 0x01, 0x00, 0x00, 0x01, 0x00, 0x00, 0x04, 0x00, 0x02, 0x06,
0x00, 0x00, 0x0b, 0x00, 0x00, 0x0b, 0x00, 0x00, 0x17, 0x00, 0x00, 0x16, 0x00, 0x00, 0x26, 0x01, 0x00, 0x2b, 0x19, 0x07, 0x5d, 0x40, 0x2e, 0x84,
0x47, 0x2e, 0xa7, 0x49, 0x30, 0xa9, 0x39, 0x1e, 0xa4, 0x34, 0x19, 0x9f, 0x2c, 0x16, 0x8e, 0x2b, 0x15, 0x8d, 0x28, 0x13, 0x8d, 0x28, 0x13, 0x8d,
0x29, 0x14, 0x89, 0x2c, 0x17, 0x8c, 0x34, 0x20, 0x93, 0x3a, 0x26, 0x99, 0x3f, 0x31, 0x91, 0x41, 0x33, 0x93, 0x3f, 0x34, 0x8c, 0x3d, 0x32, 0x8a,
0x38, 0x2c, 0x7e, 0x2e, 0x22, 0x74, 0x1a, 0x10, 0x5d, 0x03, 0x00, 0x46, 0x00, 0x00, 0x37, 0x00, 0x00, 0x39, 0x00, 0x00, 0x36, 0x12, 0x0b, 0x4a,
0x27, 0x1d, 0x5b, 0x32, 0x28, 0x66, 0x3e, 0x32, 0x77, 0x41, 0x35, 0x7a, 0x41, 0x31, 0x82, 0x3a, 0x2a, 0x7b, 0x38, 0x25, 0x7e, 0x36, 0x23, 0x7c,
0x31, 0x20, 0x73, 0x32, 0x21, 0x74, 0x3f, 0x2a, 0x83, 0x34, 0x1f, 0x78, 0x2a, 0x15, 0x74, 0x29, 0x14, 0x73, 0x33, 0x1f, 0x7c, 0x43, 0x2f, 0x8c,
0x4a, 0x37, 0x8a, 0x4d, 0x3a, 0x8d, 0x48, 0x3a, 0x7a, 0x25, 0x17, 0x57, 0x00, 0x00, 0x1b, 0x00, 0x00, 0x12, 0x00, 0x00, 0x0e, 0x00, 0x00, 0x0f,
0x03, 0x00, 0x08, 0x02, 0x00, 0x07, 0x00, 0x00, 0x03, 0x00, 0x00, 0x04, 0x00, 0x00, 0x02, 0x00, 0x00, 0x02, 0x02, 0x00, 0x03, 0x02, 0x00, 0x03,
0x02, 0x00, 0x01, 0x02, 0x00, 0x01, 0x02, 0x00, 0x01, 0x02, 0x00, 0x01, 0x04, 0x00, 0x01, 0x04, 0x00, 0x01, 0x04, 0x00, 0x01, 0x04, 0x00, 0x01,
0x06, 0x00, 0x01, 0x06, 0x00, 0x01, 0x06, 0x00, 0x01, 0x06, 0x00, 0x01, 0x04, 0x00, 0x01, 0x04, 0x00, 0x01, 0x04, 0x00, 0x01, 0x04, 0x00, 0x01,
0x02, 0x00, 0x00, 0x02, 0x00, 0x00, 0x02, 0x00, 0x00, 0x02, 0x00, 0x00, 0x02, 0x00, 0x00, 0x02, 0x00, 0x00, 0x02, 0x00, 0x00, 0x02, 0x00, 0x00,
0x02, 0x00, 0x00, 0x02, 0x00, 0x00, 0x00, 0x00, 0x01, 0x00, 0x00, 0x01, 0x00, 0x00, 0x01, 0x00, 0x00, 0x01, 0x00, 0x00, 0x04, 0x00, 0x01, 0x06,
0x00, 0x01, 0x06, 0x00, 0x01, 0x06, 0x00, 0x00, 0x09, 0x00, 0x00, 0x0b, 0x00, 0x02, 0x02, 0x00, 0x02, 0x02, 0x00, 0x00, 0x14, 0x00, 0x00, 0x13,
0x24, 0x1b, 0x56, 0x54, 0x4b, 0x86, 0x63, 0x54, 0xa2, 0x60, 0x51, 0x9f, 0x46, 0x37, 0x8c, 0x3f, 0x30, 0x85, 0x44, 0x31, 0x8a, 0x45, 0x32, 0x8b,
0x46, 0x35, 0x88, 0x4c, 0x3b, 0x8e, 0x52, 0x41, 0x8e, 0x52, 0x41, 0x8e, 0x50, 0x44, 0x82, 0x47, 0x3b, 0x79, 0x33, 0x2a, 0x60, 0x1f, 0x16, 0x4c,
0x0e, 0x07, 0x36, 0x07, 0x00, 0x2f, 0x00, 0x00, 0x21, 0x00, 0x00, 0x12, 0x00, 0x00, 0x10, 0x00, 0x00, 0x12, 0x00, 0x00, 0x0e, 0x00, 0x00, 0x0e,
0x00, 0x00, 0x11, 0x01, 0x00, 0x15, 0x13, 0x0a, 0x2c, 0x1d, 0x14, 0x36, 0x30, 0x23, 0x51, 0x3f, 0x32, 0x60, 0x47, 0x38, 0x6d, 0x53, 0x44, 0x79,
0x5f, 0x50, 0x83, 0x5d, 0x4e, 0x81, 0x47, 0x38, 0x6d, 0x41, 0x32, 0x67, 0x3f, 0x2e, 0x6d, 0x3e, 0x2d, 0x6c, 0x52, 0x41, 0x80, 0x66, 0x55, 0x94,
0x5e, 0x4f, 0x82, 0x3e, 0x2f, 0x62, 0x1b, 0x10, 0x37, 0x00, 0x00, 0x16, 0x00, 0x00, 0x02, 0x02, 0x00, 0x0b, 0x02, 0x00, 0x04, 0x00, 0x00, 0x00,
0x00, 0x00, 0x01, 0x00, 0x00, 0x00, 0x01, 0x00, 0x04, 0x00, 0x00, 0x00, 0x00, 0x00, 0x00, 0x02, 0x00, 0x01, 0x02, 0x00, 0x01, 0x02, 0x00, 0x01,
0x02, 0x00, 0x01, 0x02, 0x00, 0x01, 0x02, 0x00, 0x01, 0x02, 0x00, 0x01, 0x04, 0x00, 0x01, 0x04, 0x00, 0x01, 0x04, 0x00, 0x00, 0x04, 0x00, 0x00,
0x04, 0x00, 0x00, 0x04, 0x00, 0x00, 0x04, 0x00, 0x00, 0x04, 0x00, 0x00, 0x04, 0x00, 0x01, 0x04, 0x00, 0x01, 0x04, 0x00, 0x01, 0x04, 0x00, 0x01,
0x02, 0x00, 0x00, 0x02, 0x00, 0x00, 0x02, 0x00, 0x00, 0x02, 0x00, 0x00, 0x02, 0x00, 0x00, 0x02, 0x00, 0x00, 0x02, 0x00, 0x00, 0x02, 0x00, 0x00,
0x02, 0x00, 0x00, 0x02, 0x00, 0x00, 0x00, 0x00, 0x01, 0x00, 0x00, 0x01, 0x00, 0x00, 0x01, 0x00, 0x00, 0x01, 0x00, 0x00, 0x03, 0x00, 0x00, 0x03,
0x00, 0x00, 0x04, 0x00, 0x00, 0x04, 0x00, 0x00, 0x07, 0x00, 0x00, 0x05, 0x00, 0x02, 0x02, 0x00, 0x00, 0x00, 0x00, 0x00, 0x0d, 0x00, 0x00, 0x0a,
0x00, 0x00, 0x2f, 0x14, 0x0b, 0x46, 0x39, 0x2a, 0x78, 0x40, 0x31, 0x7f, 0x46, 0x37, 0x8c, 0x4c, 0x3d, 0x92, 0x57, 0x44, 0x9d, 0x56, 0x43, 0x9c,
0x4e, 0x3d, 0x90, 0x4d, 0x3c, 0x8f, 0x3b, 0x2a, 0x77, 0x2a, 0x19, 0x66, 0x22, 0x16, 0x54, 0x14, 0x08, 0x46, 0x08, 0x00, 0x35, 0x00, 0x00, 0x2a,
0x00, 0x00, 0x1a, 0x00, 0x00, 0x16, 0x00, 0x00, 0x12, 0x00, 0x00, 0x15, 0x00, 0x00, 0x14, 0x00, 0x00, 0x14, 0x00, 0x00, 0x11, 0x00, 0x00, 0x10,
0x00, 0x00, 0x0f, 0x00, 0x00, 0x0e, 0x00, 0x00, 0x18, 0x00, 0x00, 0x14, 0x00, 0x00, 0x1e, 0x15, 0x08, 0x36, 0x1d, 0x0e, 0x43, 0x22, 0x13, 0x48,
0x39, 0x2a, 0x5d, 0x44, 0x35, 0x68, 0x44, 0x35, 0x6a, 0x44, 0x35, 0x6a, 0x47, 0x36, 0x75, 0x45, 0x34, 0x73, 0x4a, 0x39, 0x78, 0x4d, 0x3c, 0x7b,
0x37, 0x28, 0x5b, 0x0f, 0x00, 0x33, 0x00, 0x00, 0x1b, 0x01, 0x00, 0x1d, 0x05, 0x00, 0x0e, 0x04, 0x00, 0x0d, 0x03, 0x00, 0x05, 0x02, 0x00, 0x04,
0x00, 0x00, 0x03, 0x00, 0x00, 0x03, 0x08, 0x06, 0x0b, 0x00, 0x00, 0x01, 0x00, 0x00, 0x00, 0x02, 0x00, 0x01, 0x02, 0x00, 0x01, 0x02, 0x00, 0x01,
0x02, 0x00, 0x01, 0x02, 0x00, 0x01, 0x02, 0x00, 0x01, 0x02, 0x00, 0x01, 0x04, 0x00, 0x01, 0x04, 0x00, 0x01, 0x04, 0x00, 0x00, 0x04, 0x00, 0x00,
0x04, 0x00, 0x00, 0x04, 0x00, 0x00, 0x04, 0x00, 0x00, 0x04, 0x00, 0x00, 0x04, 0x00, 0x01, 0x04, 0x00, 0x01, 0x04, 0x00, 0x01, 0x04, 0x00, 0x01,
0x02, 0x00, 0x01, 0x02, 0x00, 0x01, 0x02, 0x00, 0x01, 0x02, 0x00, 0x01, 0x02, 0x00, 0x01, 0x02, 0x00, 0x01, 0x02, 0x00, 0x01, 0x02, 0x00, 0x01,
0x02, 0x00, 0x01, 0x02, 0x00, 0x01, 0x02, 0x00, 0x01, 0x02, 0x00, 0x01, 0x00, 0x00, 0x01, 0x00, 0x00, 0x01, 0x00, 0x00, 0x01, 0x00, 0x00, 0x01,
0x00, 0x00, 0x01, 0x00, 0x00, 0x01, 0x00, 0x00, 0x03, 0x00, 0x00, 0x01, 0x00, 0x00, 0x04, 0x00, 0x00, 0x04, 0x00, 0x00, 0x05, 0x00, 0x00, 0x06,
0x00, 0x02, 0x02, 0x00, 0x03, 0x03, 0x02, 0x08, 0x0c, 0x04, 0x0a, 0x0e, 0x1f, 0x18, 0x42, 0x2c, 0x25, 0x4f, 0x32, 0x26, 0x56, 0x2a, 0x1e, 0x4e,
0x1e, 0x12, 0x3d, 0x18, 0x0c, 0x37, 0x0a, 0x00, 0x28, 0x00, 0x00, 0x1d, 0x00, 0x00, 0x0d, 0x00, 0x00, 0x0c, 0x00, 0x00, 0x0c, 0x00, 0x00, 0x0e,
0x00, 0x00, 0x09, 0x00, 0x00, 0x0b, 0x00, 0x00, 0x08, 0x00, 0x00, 0x08, 0x00, 0x00, 0x08, 0x00, 0x00, 0x07, 0x00, 0x00, 0x07, 0x01, 0x00, 0x08,
0x02, 0x00, 0x0b, 0x02, 0x00, 0x0b, 0x01, 0x00, 0x0a, 0x00, 0x00, 0x09, 0x00, 0x00, 0x07, 0x00, 0x00, 0x0b, 0x00, 0x00, 0x09, 0x00, 0x00, 0x05,
0x00, 0x00, 0x01, 0x04, 0x00, 0x0f, 0x12, 0x0a, 0x20, 0x11, 0x09, 0x1f, 0x1f, 0x15, 0x32, 0x1f, 0x15, 0x32, 0x13, 0x08, 0x27, 0x08, 0x00, 0x1c,
0x00, 0x00, 0x0f, 0x00, 0x00, 0x0b, 0x00, 0x00, 0x0c, 0x04, 0x00, 0x10, 0x04, 0x00, 0x06, 0x04, 0x00, 0x06, 0x04, 0x00, 0x05, 0x04, 0x00, 0x05,
0x02, 0x00, 0x03, 0x06, 0x01, 0x07, 0x06, 0x00, 0x08, 0x00, 0x00, 0x01, 0x00, 0x00, 0x00, 0x00, 0x00, 0x00, 0x02, 0x00, 0x01, 0x02, 0x00, 0x01,
0x02, 0x00, 0x01, 0x02, 0x00, 0x01, 0x02, 0x00, 0x01, 0x02, 0x00, 0x01, 0x04, 0x00, 0x00, 0x04, 0x00, 0x00, 0x04, 0x00, 0x00, 0x04, 0x00, 0x00,
0x04, 0x00, 0x00, 0x04, 0x00, 0x00, 0x04, 0x00, 0x00, 0x04, 0x00, 0x00, 0x04, 0x00, 0x01, 0x04, 0x00, 0x01, 0x04, 0x00, 0x01, 0x04, 0x00, 0x01,
0x02, 0x00, 0x01, 0x02, 0x00, 0x01, 0x02, 0x00, 0x01, 0x02, 0x00, 0x01, 0x02, 0x00, 0x01, 0x02, 0x00, 0x01, 0x02, 0x00, 0x01, 0x02, 0x00, 0x01,
0x02, 0x00, 0x01, 0x02, 0x00, 0x01, 0x02, 0x00, 0x01, 0x02, 0x00, 0x01, 0x00, 0x00, 0x01, 0x00, 0x00, 0x01, 0x00, 0x00, 0x01, 0x00, 0x00, 0x01,
0x00, 0x00, 0x01, 0x00, 0x00, 0x01, 0x00, 0x00, 0x03, 0x00, 0x00, 0x03, 0x00, 0x00, 0x04, 0x00, 0x00, 0x05, 0x00, 0x00, 0x05, 0x00, 0x00, 0x05,
0x00, 0x01, 0x01, 0x00, 0x02, 0x02, 0x00, 0x00, 0x01, 0x00, 0x00, 0x01, 0x00, 0x00, 0x1a, 0x00, 0x00, 0x1d, 0x00, 0x00, 0x22, 0x00, 0x00, 0x1b,
0x00, 0x00, 0x16, 0x00, 0x00, 0x18, 0x00, 0x00, 0x17, 0x00, 0x00, 0x19, 0x00, 0x00, 0x10, 0x00, 0x00, 0x12, 0x00, 0x00, 0x11, 0x00, 0x00, 0x11,
0x00, 0x00, 0x0d, 0x00, 0x00, 0x0d, 0x00, 0x00, 0x09, 0x00, 0x00, 0x09, 0x00, 0x00, 0x08, 0x00, 0x00, 0x08, 0x01, 0x00, 0x08, 0x01, 0x00, 0x08,
0x01, 0x00, 0x0a, 0x02, 0x00, 0x0b, 0x01, 0x00, 0x0a, 0x01, 0x00, 0x0a, 0x01, 0x00, 0x0c, 0x00, 0x00, 0x0b, 0x00, 0x00, 0x09, 0x00, 0x00, 0x07,
0x01, 0x00, 0x0c, 0x03, 0x00, 0x0e, 0x03, 0x00, 0x11, 0x01, 0x00, 0x0f, 0x01, 0x00, 0x14, 0x00, 0x00, 0x13, 0x00, 0x00, 0x10, 0x00, 0x00, 0x0b,
0x00, 0x00, 0x0d, 0x03, 0x00, 0x12, 0x04, 0x00, 0x10, 0x03, 0x00, 0x0f, 0x04, 0x00, 0x06, 0x04, 0x00, 0x06, 0x02, 0x00, 0x03, 0x04, 0x00, 0x05,
0x03, 0x00, 0x04, 0x04, 0x00, 0x05, 0x02, 0x00, 0x04, 0x00, 0x00, 0x02, 0x00, 0x00, 0x00, 0x00, 0x00, 0x00, 0x02, 0x00, 0x01, 0x02, 0x00, 0x01,
0x02, 0x00, 0x01, 0x02, 0x00, 0x01, 0x02, 0x00, 0x01, 0x02, 0x00, 0x01, 0x04, 0x00, 0x00, 0x04, 0x00, 0x00, 0x04, 0x00, 0x00, 0x04, 0x00, 0x00,
0x04, 0x00, 0x00, 0x04, 0x00, 0x00, 0x04, 0x00, 0x00, 0x04, 0x00, 0x00, 0x04, 0x00, 0x01, 0x04, 0x00, 0x01, 0x04, 0x00, 0x01, 0x04, 0x00, 0x01,
0x02, 0x00, 0x00, 0x02, 0x00, 0x00, 0x02, 0x00, 0x00, 0x02, 0x00, 0x00, 0x02, 0x00, 0x00, 0x02, 0x00, 0x00, 0x02, 0x00, 0x00, 0x02, 0x00, 0x00,
0x02, 0x00, 0x00, 0x02, 0x00, 0x00, 0x02, 0x00, 0x00, 0x02, 0x00, 0x00, 0x02, 0x00, 0x01, 0x02, 0x00, 0x01, 0x02, 0x00, 0x01, 0x02, 0x00, 0x01,
0x02, 0x00, 0x01, 0x02, 0x00, 0x01, 0x02, 0x00, 0x01, 0x02, 0x00, 0x01, 0x02, 0x00, 0x00, 0x02, 0x00, 0x00, 0x03, 0x00, 0x04, 0x02, 0x00, 0x03,
0x00, 0x00, 0x04, 0x00, 0x00, 0x05, 0x00, 0x00, 0x04, 0x00, 0x00, 0x05, 0x01, 0x00, 0x05, 0x00, 0x00, 0x04, 0x00, 0x00, 0x04, 0x01, 0x00, 0x05,
0x01, 0x00, 0x04, 0x00, 0x00, 0x03, 0x01, 0x00, 0x04, 0x01, 0x00, 0x04, 0x01, 0x00, 0x04, 0x02, 0x00, 0x05, 0x02, 0x00, 0x05, 0x01, 0x00, 0x04,
0x03, 0x01, 0x06, 0x02, 0x00, 0x05, 0x02, 0x00, 0x05, 0x02, 0x00, 0x05, 0x00, 0x01, 0x03, 0x00, 0x01, 0x03, 0x00, 0x00, 0x01, 0x01, 0x00, 0x02,
0x01, 0x00, 0x05, 0x02, 0x00, 0x06, 0x01, 0x00, 0x05, 0x01, 0x00, 0x05, 0x02, 0x01, 0x03, 0x00, 0x00, 0x01, 0x00, 0x00, 0x01, 0x00, 0x00, 0x00,
0x00, 0x00, 0x00, 0x01, 0x00, 0x02, 0x00, 0x00, 0x01, 0x01, 0x00, 0x02, 0x04, 0x00, 0x03, 0x05, 0x01, 0x04, 0x02, 0x00, 0x01, 0x02, 0x00, 0x01,
0x02, 0x00, 0x01, 0x04, 0x00, 0x03, 0x04, 0x00, 0x03, 0x03, 0x00, 0x02, 0x03, 0x00, 0x00, 0x02, 0x00, 0x00, 0x04, 0x00, 0x00, 0x04, 0x00, 0x00,
0x02, 0x00, 0x00, 0x04, 0x00, 0x00, 0x04, 0x00, 0x01, 0x04, 0x00, 0x01, 0x01, 0x00, 0x00, 0x02, 0x00, 0x00, 0x04, 0x00, 0x01, 0x04, 0x00, 0x01,
0x04, 0x00, 0x01, 0x04, 0x00, 0x01, 0x04, 0x00, 0x01, 0x04, 0x00, 0x01, 0x04, 0x00, 0x00, 0x04, 0x00, 0x00, 0x04, 0x00, 0x00, 0x04, 0x00, 0x00,
0x04, 0x00, 0x00, 0x04, 0x00, 0x00, 0x04, 0x00, 0x00, 0x04, 0x00, 0x00, 0x04, 0x00, 0x00, 0x04, 0x00, 0x00, 0x04, 0x00, 0x00, 0x04, 0x00, 0x00
};
const lv_image_dsc_t ui_asset_apple = {
    .header = {.magic = LV_IMAGE_HEADER_MAGIC, .cf = LV_COLOR_FORMAT_RGB888, .w = 96, .h = 94, .stride = 288},
    .data_size = sizeof(apple_pixels), .data = apple_pixels,
};
