// Picture placeholder cropped from the supplied reference; no UI text.
#include "lvgl.h"
static const uint8_t eyes_pixels[] = {
0x00, 0x00, 0x00, 0x00, 0x00, 0x00, 0x00, 0x00, 0x00, 0x00, 0x00, 0x00, 0x00, 0x00, 0x00, 0x00, 0x00, 0x00, 0x00, 0x00, 0x00, 0x00, 0x00, 0x00,
0x00, 0x00, 0x00, 0x00, 0x00, 0x00, 0x00, 0x00, 0x00, 0x00, 0x00, 0x00, 0x00, 0x00, 0x00, 0x00, 0x00, 0x00, 0x00, 0x00, 0x00, 0x00, 0x00, 0x00,
0x00, 0x00, 0x00, 0x00, 0x00, 0x00, 0x00, 0x00, 0x00, 0x00, 0x00, 0x00, 0x00, 0x00, 0x00, 0x00, 0x00, 0x00, 0x00, 0x00, 0x00, 0x00, 0x00, 0x00,
0x00, 0x00, 0x00, 0x00, 0x00, 0x00, 0x00, 0x00, 0x00, 0x02, 0x02, 0x02, 0x04, 0x04, 0x04, 0x03, 0x03, 0x03, 0x03, 0x03, 0x03, 0x0f, 0x0f, 0x0f,
0x27, 0x27, 0x27, 0x33, 0x33, 0x33, 0x2c, 0x2c, 0x2c, 0x29, 0x29, 0x29, 0x21, 0x21, 0x21, 0x1f, 0x1f, 0x1f, 0x16, 0x16, 0x16, 0x11, 0x11, 0x11,
0x0a, 0x0a, 0x0a, 0x00, 0x00, 0x00, 0x00, 0x00, 0x00, 0x00, 0x00, 0x00, 0x00, 0x00, 0x00, 0x00, 0x00, 0x00, 0x00, 0x00, 0x00, 0x00, 0x00, 0x00,
0x00, 0x00, 0x00, 0x00, 0x00, 0x00, 0x00, 0x00, 0x00, 0x00, 0x00, 0x00, 0x00, 0x00, 0x00, 0x00, 0x00, 0x00, 0x00, 0x00, 0x00, 0x00, 0x00, 0x00,
0x00, 0x00, 0x00, 0x00, 0x00, 0x00, 0x00, 0x00, 0x00, 0x00, 0x00, 0x00, 0x00, 0x00, 0x00, 0x00, 0x00, 0x00, 0x00, 0x00, 0x00, 0x00, 0x00, 0x00,
0x00, 0x00, 0x00, 0x00, 0x00, 0x00, 0x00, 0x00, 0x00, 0x00, 0x00, 0x00, 0x00, 0x00, 0x00, 0x00, 0x00, 0x00, 0x00, 0x00, 0x00, 0x00, 0x00, 0x00,
0x00, 0x00, 0x00, 0x00, 0x00, 0x00, 0x00, 0x00, 0x00, 0x00, 0x00, 0x00, 0x00, 0x00, 0x00, 0x00, 0x00, 0x00, 0x00, 0x00, 0x00, 0x00, 0x00, 0x00,
0x00, 0x00, 0x00, 0x00, 0x00, 0x00, 0x00, 0x00, 0x00, 0x00, 0x00, 0x00, 0x01, 0x01, 0x01, 0x00, 0x00, 0x00, 0x00, 0x00, 0x00, 0x00, 0x00, 0x00,
0x00, 0x00, 0x00, 0x00, 0x00, 0x00, 0x00, 0x00, 0x00, 0x00, 0x00, 0x00, 0x00, 0x00, 0x00, 0x00, 0x00, 0x00, 0x00, 0x00, 0x00, 0x01, 0x01, 0x01,
0x10, 0x10, 0x10, 0x18, 0x18, 0x18, 0x1f, 0x1f, 0x1f, 0x21, 0x21, 0x21, 0x29, 0x29, 0x29, 0x2c, 0x2c, 0x2c, 0x33, 0x33, 0x33, 0x33, 0x33, 0x33,
0x3b, 0x3b, 0x3b, 0x29, 0x29, 0x29, 0x06, 0x06, 0x06, 0x00, 0x00, 0x00, 0x00, 0x00, 0x00, 0x00, 0x00, 0x00, 0x00, 0x00, 0x00, 0x00, 0x00, 0x00,
0x00, 0x00, 0x00, 0x01, 0x01, 0x01, 0x00, 0x00, 0x00, 0x00, 0x00, 0x00, 0x00, 0x00, 0x00, 0x00, 0x00, 0x00, 0x00, 0x00, 0x00, 0x00, 0x00, 0x00,
0x00, 0x00, 0x00, 0x00, 0x00, 0x00, 0x00, 0x00, 0x00, 0x00, 0x00, 0x00, 0x00, 0x00, 0x00, 0x00, 0x00, 0x00, 0x00, 0x00, 0x00, 0x00, 0x00, 0x00,
0x00, 0x00, 0x00, 0x00, 0x00, 0x00, 0x00, 0x00, 0x00, 0x00, 0x00, 0x00, 0x00, 0x00, 0x00, 0x00, 0x00, 0x00, 0x00, 0x00, 0x00, 0x00, 0x00, 0x00,
0x00, 0x00, 0x00, 0x00, 0x00, 0x00, 0x00, 0x00, 0x00, 0x00, 0x00, 0x00, 0x00, 0x00, 0x00, 0x00, 0x00, 0x00, 0x00, 0x00, 0x00, 0x00, 0x00, 0x00,
0x00, 0x00, 0x00, 0x00, 0x00, 0x00, 0x00, 0x00, 0x00, 0x00, 0x00, 0x00, 0x00, 0x00, 0x00, 0x00, 0x00, 0x00, 0x00, 0x00, 0x00, 0x00, 0x00, 0x00,
0x00, 0x00, 0x00, 0x00, 0x00, 0x00, 0x00, 0x00, 0x00, 0x01, 0x01, 0x01, 0x00, 0x00, 0x00, 0x00, 0x00, 0x00, 0x00, 0x00, 0x00, 0x00, 0x00, 0x00,
0x00, 0x00, 0x00, 0x1e, 0x1e, 0x1e, 0x62, 0x62, 0x62, 0x84, 0x84, 0x84, 0xd9, 0xd9, 0xd9, 0xd9, 0xd9, 0xd9, 0xd9, 0xd9, 0xd9, 0xe0, 0xe0, 0xe0,
0xed, 0xed, 0xed, 0xf4, 0xf4, 0xf4, 0xed, 0xed, 0xed, 0xeb, 0xeb, 0xeb, 0xd8, 0xd8, 0xd8, 0xd6, 0xd6, 0xd6, 0xcf, 0xcf, 0xcf, 0xcf, 0xcf, 0xcf,
0x84, 0x84, 0x84, 0x62, 0x62, 0x62, 0x1e, 0x1e, 0x1e, 0x00, 0x00, 0x00, 0x00, 0x00, 0x00, 0x00, 0x00, 0x00, 0x00, 0x00, 0x00, 0x00, 0x00, 0x00,
0x00, 0x00, 0x00, 0x00, 0x00, 0x00, 0x00, 0x00, 0x00, 0x00, 0x00, 0x00, 0x00, 0x00, 0x00, 0x00, 0x00, 0x00, 0x00, 0x00, 0x00, 0x00, 0x00, 0x00,
0x00, 0x00, 0x00, 0x00, 0x00, 0x00, 0x00, 0x00, 0x00, 0x00, 0x00, 0x00, 0x00, 0x00, 0x00, 0x00, 0x00, 0x00, 0x00, 0x00, 0x00, 0x00, 0x00, 0x00,
0x00, 0x00, 0x00, 0x00, 0x00, 0x00, 0x00, 0x00, 0x00, 0x00, 0x00, 0x00, 0x00, 0x00, 0x00, 0x00, 0x00, 0x00, 0x00, 0x00, 0x00, 0x00, 0x00, 0x00,
0x00, 0x00, 0x00, 0x00, 0x00, 0x00, 0x00, 0x00, 0x00, 0x00, 0x00, 0x00, 0x00, 0x00, 0x00, 0x00, 0x00, 0x00, 0x00, 0x00, 0x00, 0x00, 0x00, 0x00,
0x00, 0x00, 0x00, 0x00, 0x00, 0x00, 0x00, 0x00, 0x00, 0x00, 0x00, 0x00, 0x03, 0x03, 0x03, 0x00, 0x00, 0x00, 0x00, 0x00, 0x00, 0x00, 0x00, 0x00,
0x00, 0x00, 0x00, 0x00, 0x00, 0x00, 0x00, 0x00, 0x00, 0x00, 0x00, 0x00, 0x20, 0x20, 0x20, 0x43, 0x43, 0x43, 0x88, 0x88, 0x88, 0xaa, 0xaa, 0xaa,
0xcf, 0xcf, 0xcf, 0xcf, 0xcf, 0xcf, 0xd6, 0xd6, 0xd6, 0xd8, 0xd8, 0xd8, 0xeb, 0xeb, 0xeb, 0xed, 0xed, 0xed, 0xf4, 0xf4, 0xf4, 0xf4, 0xf4, 0xf4,
0xff, 0xff, 0xff, 0xe7, 0xe7, 0xe7, 0xb7, 0xb7, 0xb7, 0x9f, 0x9f, 0x9f, 0x55, 0x55, 0x55, 0x3d, 0x3d, 0x3d, 0x0d, 0x0d, 0x0d, 0x00, 0x00, 0x00,
0x00, 0x00, 0x00, 0x00, 0x00, 0x00, 0x00, 0x00, 0x00, 0x00, 0x00, 0x00, 0x00, 0x00, 0x00, 0x00, 0x00, 0x00, 0x00, 0x00, 0x00, 0x00, 0x00, 0x00,
0x00, 0x00, 0x00, 0x00, 0x00, 0x00, 0x00, 0x00, 0x00, 0x00, 0x00, 0x00, 0x00, 0x00, 0x00, 0x00, 0x00, 0x00, 0x00, 0x00, 0x00, 0x00, 0x00, 0x00,
0x00, 0x00, 0x00, 0x00, 0x00, 0x00, 0x00, 0x00, 0x00, 0x00, 0x00, 0x00, 0x00, 0x00, 0x00, 0x00, 0x00, 0x00, 0x00, 0x00, 0x00, 0x00, 0x00, 0x00,
0x00, 0x00, 0x00, 0x00, 0x00, 0x00, 0x00, 0x00, 0x00, 0x00, 0x00, 0x00, 0x00, 0x00, 0x00, 0x00, 0x00, 0x00, 0x00, 0x00, 0x00, 0x00, 0x00, 0x00,
0x00, 0x00, 0x00, 0x00, 0x00, 0x00, 0x00, 0x00, 0x00, 0x00, 0x00, 0x00, 0x00, 0x00, 0x00, 0x00, 0x00, 0x00, 0x00, 0x00, 0x00, 0x00, 0x00, 0x00,
0x00, 0x00, 0x00, 0x1d, 0x1d, 0x1d, 0x1f, 0x1f, 0x1f, 0x00, 0x00, 0x00, 0x00, 0x00, 0x00, 0x1b, 0x1b, 0x1b, 0x4a, 0x4a, 0x4a, 0x89, 0x89, 0x89,
0xd1, 0xd1, 0xd1, 0xf1, 0xf1, 0xf1, 0xff, 0xff, 0xff, 0xff, 0xff, 0xff, 0xff, 0xff, 0xff, 0xff, 0xff, 0xff, 0xfd, 0xfd, 0xfd, 0xfc, 0xfc, 0xfc,
0xfa, 0xfa, 0xfa, 0xfa, 0xfa, 0xfa, 0xfa, 0xfa, 0xfa, 0xfa, 0xfa, 0xfa, 0xfa, 0xfa, 0xfa, 0xfa, 0xfa, 0xfa, 0xfa, 0xfa, 0xfa, 0xfa, 0xfa, 0xfa,
0xfa, 0xfa, 0xfa, 0xfa, 0xfa, 0xfa, 0xfa, 0xfa, 0xfa, 0xfa, 0xfa, 0xfa, 0x8a, 0x8a, 0x8a, 0x2c, 0x2c, 0x2c, 0x00, 0x00, 0x00, 0x00, 0x00, 0x00,
0x00, 0x00, 0x00, 0x0a, 0x0a, 0x0a, 0x11, 0x11, 0x11, 0x00, 0x00, 0x00, 0x00, 0x00, 0x00, 0x00, 0x00, 0x00, 0x00, 0x00, 0x00, 0x00, 0x00, 0x00,
0x00, 0x00, 0x00, 0x00, 0x00, 0x00, 0x00, 0x00, 0x00, 0x00, 0x00, 0x00, 0x00, 0x00, 0x00, 0x00, 0x00, 0x00, 0x00, 0x00, 0x00, 0x00, 0x00, 0x00,
0x00, 0x00, 0x00, 0x00, 0x00, 0x00, 0x00, 0x00, 0x00, 0x00, 0x00, 0x00, 0x00, 0x00, 0x00, 0x00, 0x00, 0x00, 0x00, 0x00, 0x00, 0x00, 0x00, 0x00,
0x00, 0x00, 0x00, 0x00, 0x00, 0x00, 0x00, 0x00, 0x00, 0x00, 0x00, 0x00, 0x00, 0x00, 0x00, 0x00, 0x00, 0x00, 0x00, 0x00, 0x00, 0x00, 0x00, 0x00,
0x00, 0x00, 0x00, 0x00, 0x00, 0x00, 0x00, 0x00, 0x00, 0x00, 0x00, 0x00, 0x03, 0x03, 0x03, 0x00, 0x00, 0x00, 0x00, 0x00, 0x00, 0x00, 0x00, 0x00,
0x00, 0x00, 0x00, 0x28, 0x28, 0x28, 0x72, 0x72, 0x72, 0x91, 0x91, 0x91, 0xd9, 0xd9, 0xd9, 0xef, 0xef, 0xef, 0xff, 0xff, 0xff, 0xff, 0xff, 0xff,
0xfa, 0xfa, 0xfa, 0xf8, 0xf8, 0xf8, 0xf4, 0xf4, 0xf4, 0xf2, 0xf2, 0xf2, 0xf2, 0xf2, 0xf2, 0xf2, 0xf2, 0xf2, 0xf2, 0xf2, 0xf2, 0xf2, 0xf2, 0xf2,
0xf2, 0xf2, 0xf2, 0xf2, 0xf2, 0xf2, 0xed, 0xed, 0xed, 0xec, 0xec, 0xec, 0xe7, 0xe7, 0xe7, 0xe5, 0xe5, 0xe5, 0xe1, 0xe1, 0xe1, 0xe1, 0xe1, 0xe1,
0x4f, 0x4f, 0x4f, 0x1b, 0x1b, 0x1b, 0x00, 0x00, 0x00, 0x00, 0x00, 0x00, 0x00, 0x00, 0x00, 0x00, 0x00, 0x00, 0x00, 0x00, 0x00, 0x00, 0x00, 0x00,
0x00, 0x00, 0x00, 0x00, 0x00, 0x00, 0x00, 0x00, 0x00, 0x00, 0x00, 0x00, 0x00, 0x00, 0x00, 0x00, 0x00, 0x00, 0x00, 0x00, 0x00, 0x00, 0x00, 0x00,
0x00, 0x00, 0x00, 0x00, 0x00, 0x00, 0x00, 0x00, 0x00, 0x00, 0x00, 0x00, 0x00, 0x00, 0x00, 0x00, 0x00, 0x00, 0x00, 0x00, 0x00, 0x00, 0x00, 0x00,
0x00, 0x00, 0x00, 0x00, 0x00, 0x00, 0x00, 0x00, 0x00, 0x00, 0x00, 0x00, 0x00, 0x00, 0x00, 0x00, 0x00, 0x00, 0x00, 0x00, 0x00, 0x00, 0x00, 0x00,
0x00, 0x00, 0x00, 0x00, 0x00, 0x00, 0x00, 0x00, 0x00, 0x00, 0x00, 0x00, 0x00, 0x00, 0x00, 0x00, 0x00, 0x00, 0x00, 0x00, 0x00, 0x00, 0x00, 0x00,
0x12, 0x12, 0x12, 0x00, 0x00, 0x00, 0x00, 0x00, 0x00, 0x00, 0x00, 0x00, 0x6b, 0x6b, 0x6b, 0xaa, 0xaa, 0xaa, 0xea, 0xea, 0xea, 0xf9, 0xf9, 0xf9,
0xff, 0xff, 0xff, 0xff, 0xff, 0xff, 0xff, 0xff, 0xff, 0xff, 0xff, 0xff, 0xfc, 0xfc, 0xfc, 0xfa, 0xfa, 0xfa, 0xf9, 0xf9, 0xf9, 0xf8, 0xf8, 0xf8,
0xf8, 0xf8, 0xf8, 0xf8, 0xf8, 0xf8, 0xf8, 0xf8, 0xf8, 0xf8, 0xf8, 0xf8, 0xf8, 0xf8, 0xf8, 0xf8, 0xf8, 0xf8, 0xf8, 0xf8, 0xf8, 0xf8, 0xf8, 0xf8,
0xf8, 0xf8, 0xf8, 0xf8, 0xf8, 0xf8, 0xf2, 0xf2, 0xf2, 0xef, 0xef, 0xef, 0xe7, 0xe7, 0xe7, 0xd5, 0xd5, 0xd5, 0xab, 0xab, 0xab, 0x4c, 0x4c, 0x4c,
0x10, 0x10, 0x10, 0x00, 0x00, 0x00, 0x00, 0x00, 0x00, 0x11, 0x11, 0x11, 0x00, 0x00, 0x00, 0x00, 0x00, 0x00, 0x00, 0x00, 0x00, 0x00, 0x00, 0x00,
0x00, 0x00, 0x00, 0x00, 0x00, 0x00, 0x00, 0x00, 0x00, 0x00, 0x00, 0x00, 0x00, 0x00, 0x00, 0x00, 0x00, 0x00, 0x00, 0x00, 0x00, 0x00, 0x00, 0x00,
0x00, 0x00, 0x00, 0x00, 0x00, 0x00, 0x00, 0x00, 0x00, 0x00, 0x00, 0x00, 0x00, 0x00, 0x00, 0x00, 0x00, 0x00, 0x00, 0x00, 0x00, 0x00, 0x00, 0x00,
0x00, 0x00, 0x00, 0x00, 0x00, 0x00, 0x00, 0x00, 0x00, 0x00, 0x00, 0x00, 0x00, 0x00, 0x00, 0x00, 0x00, 0x00, 0x00, 0x00, 0x00, 0x00, 0x00, 0x00,
0x00, 0x00, 0x00, 0x00, 0x00, 0x00, 0x00, 0x00, 0x00, 0x00, 0x00, 0x00, 0x02, 0x02, 0x02, 0x00, 0x00, 0x00, 0x0d, 0x0d, 0x0d, 0x59, 0x59, 0x59,
0xc7, 0xc7, 0xc7, 0xe6, 0xe6, 0xe6, 0xff, 0xff, 0xff, 0xf8, 0xf8, 0xf8, 0xfb, 0xfb, 0xfb, 0xfc, 0xfc, 0xfc, 0xfd, 0xfd, 0xfd, 0xfc, 0xfc, 0xfc,
0xfb, 0xfb, 0xfb, 0xfa, 0xfa, 0xfa, 0xf9, 0xf9, 0xf9, 0xf8, 0xf8, 0xf8, 0xf8, 0xf8, 0xf8, 0xf8, 0xf8, 0xf8, 0xf8, 0xf8, 0xf8, 0xf8, 0xf8, 0xf8,
0xf8, 0xf8, 0xf8, 0xf8, 0xf8, 0xf8, 0xf3, 0xf3, 0xf3, 0xf2, 0xf2, 0xf2, 0xed, 0xed, 0xed, 0xeb, 0xeb, 0xeb, 0xe7, 0xe7, 0xe7, 0xe7, 0xe7, 0xe7,
0xff, 0xff, 0xff, 0xc7, 0xc7, 0xc7, 0x6f, 0x6f, 0x6f, 0x28, 0x28, 0x28, 0x00, 0x00, 0x00, 0x00, 0x00, 0x00, 0x00, 0x00, 0x00, 0x00, 0x00, 0x00,
0x00, 0x00, 0x00, 0x00, 0x00, 0x00, 0x00, 0x00, 0x00, 0x00, 0x00, 0x00, 0x00, 0x00, 0x00, 0x00, 0x00, 0x00, 0x00, 0x00, 0x00, 0x00, 0x00, 0x00,
0x00, 0x00, 0x00, 0x00, 0x00, 0x00, 0x00, 0x00, 0x00, 0x00, 0x00, 0x00, 0x00, 0x00, 0x00, 0x00, 0x00, 0x00, 0x00, 0x00, 0x00, 0x00, 0x00, 0x00,
0x00, 0x00, 0x00, 0x00, 0x00, 0x00, 0x00, 0x00, 0x00, 0x00, 0x00, 0x00, 0x00, 0x00, 0x00, 0x00, 0x00, 0x00, 0x00, 0x00, 0x00, 0x00, 0x00, 0x00,
0x00, 0x00, 0x00, 0x00, 0x00, 0x00, 0x00, 0x00, 0x00, 0x00, 0x00, 0x00, 0x00, 0x00, 0x00, 0x00, 0x00, 0x00, 0x00, 0x00, 0x00, 0x00, 0x00, 0x00,
0x00, 0x00, 0x00, 0x0a, 0x0a, 0x0a, 0x69, 0x69, 0x69, 0xba, 0xba, 0xba, 0xea, 0xea, 0xea, 0xf9, 0xf9, 0xf9, 0xff, 0xff, 0xff, 0xff, 0xff, 0xff,
0xff, 0xff, 0xff, 0xff, 0xff, 0xff, 0xfb, 0xfb, 0xfb, 0xfb, 0xfb, 0xfb, 0xfa, 0xfa, 0xfa, 0xf9, 0xf9, 0xf9, 0xf8, 0xf8, 0xf8, 0xf8, 0xf8, 0xf8,
0xf8, 0xf8, 0xf8, 0xf8, 0xf8, 0xf8, 0xf8, 0xf8, 0xf8, 0xf8, 0xf8, 0xf8, 0xf8, 0xf8, 0xf8, 0xf8, 0xf8, 0xf8, 0xf8, 0xf8, 0xf8, 0xf8, 0xf8, 0xf8,
0xf8, 0xf8, 0xf8, 0xf8, 0xf8, 0xf8, 0xf4, 0xf4, 0xf4, 0xf3, 0xf3, 0xf3, 0xff, 0xff, 0xff, 0xea, 0xea, 0xea, 0xff, 0xff, 0xff, 0xf4, 0xf4, 0xf4,
0xc4, 0xc4, 0xc4, 0x6d, 0x6d, 0x6d, 0x2e, 0x2e, 0x2e, 0x05, 0x05, 0x05, 0x00, 0x00, 0x00, 0x00, 0x00, 0x00, 0x00, 0x00, 0x00, 0x01, 0x01, 0x01,
0x00, 0x00, 0x00, 0x00, 0x00, 0x00, 0x05, 0x05, 0x05, 0x00, 0x00, 0x00, 0x00, 0x00, 0x00, 0x00, 0x00, 0x00, 0x00, 0x00, 0x00, 0x00, 0x00, 0x00,
0x00, 0x00, 0x00, 0x00, 0x00, 0x00, 0x00, 0x00, 0x00, 0x00, 0x00, 0x00, 0x00, 0x00, 0x00, 0x00, 0x00, 0x00, 0x00, 0x00, 0x00, 0x00, 0x00, 0x00,
0x00, 0x00, 0x00, 0x00, 0x00, 0x00, 0x00, 0x00, 0x00, 0x00, 0x00, 0x00, 0x00, 0x00, 0x00, 0x00, 0x00, 0x00, 0x00, 0x00, 0x00, 0x00, 0x00, 0x00,
0x00, 0x00, 0x00, 0x00, 0x00, 0x00, 0x00, 0x00, 0x00, 0x00, 0x00, 0x00, 0x1a, 0x1a, 0x1a, 0x4c, 0x4c, 0x4c, 0xc8, 0xc8, 0xc8, 0xff, 0xff, 0xff,
0xff, 0xff, 0xff, 0xf8, 0xf8, 0xf8, 0xe8, 0xe8, 0xe8, 0xef, 0xef, 0xef, 0xef, 0xef, 0xef, 0xf1, 0xf1, 0xf1, 0xf3, 0xf3, 0xf3, 0xf5, 0xf5, 0xf5,
0xf9, 0xf9, 0xf9, 0xf9, 0xf9, 0xf9, 0xf9, 0xf9, 0xf9, 0xf9, 0xf9, 0xf9, 0xf9, 0xf9, 0xf9, 0xf9, 0xf9, 0xf9, 0xf9, 0xf9, 0xf9, 0xf9, 0xf9, 0xf9,
0xf9, 0xf9, 0xf9, 0xf9, 0xf9, 0xf9, 0xf5, 0xf5, 0xf5, 0xf5, 0xf5, 0xf5, 0xf2, 0xf2, 0xf2, 0xed, 0xed, 0xed, 0xeb, 0xeb, 0xeb, 0xea, 0xea, 0xea,
0xe8, 0xe8, 0xe8, 0xeb, 0xeb, 0xeb, 0xff, 0xff, 0xff, 0xd3, 0xd3, 0xd3, 0xa6, 0xa6, 0xa6, 0x0a, 0x0a, 0x0a, 0x00, 0x00, 0x00, 0x18, 0x18, 0x18,
0x00, 0x00, 0x00, 0x00, 0x00, 0x00, 0x01, 0x01, 0x01, 0x01, 0x01, 0x01, 0x01, 0x01, 0x01, 0x00, 0x00, 0x00, 0x00, 0x00, 0x00, 0x00, 0x00, 0x00,
0x00, 0x00, 0x00, 0x00, 0x00, 0x00, 0x00, 0x00, 0x00, 0x00, 0x00, 0x00, 0x00, 0x00, 0x00, 0x00, 0x00, 0x00, 0x00, 0x00, 0x00, 0x00, 0x00, 0x00,
0x00, 0x00, 0x00, 0x00, 0x00, 0x00, 0x00, 0x00, 0x00, 0x00, 0x00, 0x00, 0x00, 0x00, 0x00, 0x00, 0x00, 0x00, 0x00, 0x00, 0x00, 0x00, 0x00, 0x00,
0x00, 0x00, 0x00, 0x00, 0x00, 0x00, 0x00, 0x00, 0x00, 0x00, 0x00, 0x00, 0x00, 0x00, 0x00, 0x00, 0x00, 0x00, 0x00, 0x00, 0x00, 0x00, 0x00, 0x00,
0x53, 0x53, 0x53, 0x9d, 0x9d, 0x9d, 0xee, 0xee, 0xee, 0xf1, 0xf1, 0xf1, 0xf2, 0xf2, 0xf2, 0xeb, 0xeb, 0xeb, 0xed, 0xed, 0xed, 0xed, 0xed, 0xed,
0xf2, 0xf2, 0xf2, 0xf6, 0xf6, 0xf6, 0xf6, 0xf6, 0xf6, 0xf8, 0xf8, 0xf8, 0xf8, 0xf8, 0xf8, 0xf8, 0xf8, 0xf8, 0xf8, 0xf8, 0xf8, 0xf8, 0xf8, 0xf8,
0xf8, 0xf8, 0xf8, 0xf8, 0xf8, 0xf8, 0xf8, 0xf8, 0xf8, 0xf8, 0xf8, 0xf8, 0xf8, 0xf8, 0xf8, 0xf8, 0xf8, 0xf8, 0xf8, 0xf8, 0xf8, 0xf8, 0xf8, 0xf8,
0xf8, 0xf8, 0xf8, 0xf8, 0xf8, 0xf8, 0xf8, 0xf8, 0xf8, 0xf6, 0xf6, 0xf6, 0xf5, 0xf5, 0xf5, 0xf5, 0xf5, 0xf5, 0xe7, 0xe7, 0xe7, 0xc9, 0xc9, 0xc9,
0xe8, 0xe8, 0xe8, 0xff, 0xff, 0xff, 0xd1, 0xd1, 0xd1, 0x68, 0x68, 0x68, 0x00, 0x00, 0x00, 0x00, 0x00, 0x00, 0x00, 0x00, 0x00, 0x04, 0x04, 0x04,
0x00, 0x00, 0x00, 0x00, 0x00, 0x00, 0x08, 0x08, 0x08, 0x00, 0x00, 0x00, 0x00, 0x00, 0x00, 0x00, 0x00, 0x00, 0x00, 0x00, 0x00, 0x00, 0x00, 0x00,
0x00, 0x00, 0x00, 0x00, 0x00, 0x00, 0x00, 0x00, 0x00, 0x00, 0x00, 0x00, 0x00, 0x00, 0x00, 0x00, 0x00, 0x00, 0x00, 0x00, 0x00, 0x00, 0x00, 0x00,
0x00, 0x00, 0x00, 0x00, 0x00, 0x00, 0x00, 0x00, 0x00, 0x00, 0x00, 0x00, 0x00, 0x00, 0x00, 0x00, 0x00, 0x00, 0x00, 0x00, 0x00, 0x00, 0x00, 0x00,
0x00, 0x00, 0x00, 0x00, 0x00, 0x00, 0x00, 0x00, 0x00, 0x00, 0x00, 0x00, 0xbd, 0xbd, 0xbd, 0xff, 0xff, 0xff, 0xff, 0xff, 0xff, 0xd8, 0xd8, 0xd8,
0xfc, 0xfc, 0xfc, 0xfa, 0xfa, 0xfa, 0xf6, 0xf6, 0xf6, 0xf5, 0xf5, 0xf5, 0xf3, 0xf3, 0xf3, 0xf3, 0xf3, 0xf3, 0xf3, 0xf3, 0xf3, 0xf4, 0xf4, 0xf4,
0xf8, 0xf8, 0xf8, 0xf9, 0xf9, 0xf9, 0xfa, 0xfa, 0xfa, 0xfb, 0xfb, 0xfb, 0xfb, 0xfb, 0xfb, 0xfb, 0xfb, 0xfb, 0xfb, 0xfb, 0xfb, 0xfb, 0xfb, 0xfb,
0xfb, 0xfb, 0xfb, 0xfb, 0xfb, 0xfb, 0xf9, 0xf9, 0xf9, 0xf8, 0xf8, 0xf8, 0xf5, 0xf5, 0xf5, 0xf2, 0xf2, 0xf2, 0xf1, 0xf1, 0xf1, 0xee, 0xee, 0xee,
0xed, 0xed, 0xed, 0xea, 0xea, 0xea, 0xd2, 0xd2, 0xd2, 0xd2, 0xd2, 0xd2, 0xff, 0xff, 0xff, 0xc7, 0xc7, 0xc7, 0x57, 0x57, 0x57, 0x00, 0x00, 0x00,
0x00, 0x00, 0x00, 0x00, 0x00, 0x00, 0x03, 0x03, 0x03, 0x03, 0x03, 0x03, 0x03, 0x03, 0x03, 0x01, 0x01, 0x01, 0x00, 0x00, 0x00, 0x00, 0x00, 0x00,
0x00, 0x00, 0x00, 0x00, 0x00, 0x00, 0x00, 0x00, 0x00, 0x00, 0x00, 0x00, 0x00, 0x00, 0x00, 0x00, 0x00, 0x00, 0x00, 0x00, 0x00, 0x00, 0x00, 0x00,
0x00, 0x00, 0x00, 0x00, 0x00, 0x00, 0x00, 0x00, 0x00, 0x00, 0x00, 0x00, 0x00, 0x00, 0x00, 0x00, 0x00, 0x00, 0x00, 0x00, 0x00, 0x00, 0x00, 0x00,
0x00, 0x00, 0x00, 0x00, 0x00, 0x00, 0x00, 0x00, 0x00, 0x00, 0x00, 0x00, 0x0a, 0x0a, 0x0a, 0x00, 0x00, 0x00, 0x0b, 0x0b, 0x0b, 0x93, 0x93, 0x93,
0xca, 0xca, 0xca, 0xfb, 0xfb, 0xfb, 0xf5, 0xf5, 0xf5, 0xe1, 0xe1, 0xe1, 0xf4, 0xf4, 0xf4, 0xf8, 0xf8, 0xf8, 0xf8, 0xf8, 0xf8, 0xf8, 0xf8, 0xf8,
0xf8, 0xf8, 0xf8, 0xf4, 0xf4, 0xf4, 0xf6, 0xf6, 0xf6, 0xf8, 0xf8, 0xf8, 0xf8, 0xf8, 0xf8, 0xf8, 0xf8, 0xf8, 0xf8, 0xf8, 0xf8, 0xf8, 0xf8, 0xf8,
0xf8, 0xf8, 0xf8, 0xf8, 0xf8, 0xf8, 0xf8, 0xf8, 0xf8, 0xf8, 0xf8, 0xf8, 0xf8, 0xf8, 0xf8, 0xf8, 0xf8, 0xf8, 0xf8, 0xf8, 0xf8, 0xf8, 0xf8, 0xf8,
0xf8, 0xf8, 0xf8, 0xf8, 0xf8, 0xf8, 0xf6, 0xf6, 0xf6, 0xf5, 0xf5, 0xf5, 0xf8, 0xf8, 0xf8, 0xf8, 0xf8, 0xf8, 0xf8, 0xf8, 0xf8, 0xf8, 0xf8, 0xf8,
0xf8, 0xf8, 0xf8, 0xf8, 0xf8, 0xf8, 0xf8, 0xf8, 0xf8, 0xf8, 0xf8, 0xf8, 0xaa, 0xaa, 0xaa, 0x13, 0x13, 0x13, 0x00, 0x00, 0x00, 0x02, 0x02, 0x02,
0x00, 0x00, 0x00, 0x12, 0x12, 0x12, 0x10, 0x10, 0x10, 0x00, 0x00, 0x00, 0x01, 0x01, 0x01, 0x01, 0x01, 0x01, 0x00, 0x00, 0x00, 0x00, 0x00, 0x00,
0x00, 0x00, 0x00, 0x00, 0x00, 0x00, 0x00, 0x00, 0x00, 0x00, 0x00, 0x00, 0x00, 0x00, 0x00, 0x00, 0x00, 0x00, 0x00, 0x00, 0x00, 0x00, 0x00, 0x00,
0x00, 0x00, 0x00, 0x00, 0x00, 0x00, 0x00, 0x00, 0x00, 0x00, 0x00, 0x00, 0x02, 0x02, 0x02, 0x00, 0x00, 0x00, 0x00, 0x00, 0x00, 0x00, 0x00, 0x00,
0x01, 0x01, 0x01, 0x06, 0x06, 0x06, 0x5e, 0x5e, 0x5e, 0xf2, 0xf2, 0xf2, 0xf6, 0xf6, 0xf6, 0xf6, 0xf6, 0xf6, 0xf8, 0xf8, 0xf8, 0xf8, 0xf8, 0xf8,
0xf9, 0xf9, 0xf9, 0xfb, 0xfb, 0xfb, 0xf9, 0xf9, 0xf9, 0xf9, 0xf9, 0xf9, 0xf6, 0xf6, 0xf6, 0xf5, 0xf5, 0xf5, 0xf4, 0xf4, 0xf4, 0xf5, 0xf5, 0xf5,
0xf6, 0xf6, 0xf6, 0xf8, 0xf8, 0xf8, 0xf9, 0xf9, 0xf9, 0xfb, 0xfb, 0xfb, 0xfb, 0xfb, 0xfb, 0xfb, 0xfb, 0xfb, 0xfb, 0xfb, 0xfb, 0xfb, 0xfb, 0xfb,
0xfb, 0xfb, 0xfb, 0xfb, 0xfb, 0xfb, 0xf9, 0xf9, 0xf9, 0xf9, 0xf9, 0xf9, 0xf6, 0xf6, 0xf6, 0xf6, 0xf6, 0xf6, 0xf6, 0xf6, 0xf6, 0xf6, 0xf6, 0xf6,
0xf2, 0xf2, 0xf2, 0xf1, 0xf1, 0xf1, 0xf5, 0xf5, 0xf5, 0xec, 0xec, 0xec, 0xef, 0xef, 0xef, 0xed, 0xed, 0xed, 0xea, 0xea, 0xea, 0xea, 0xea, 0xea,
0x51, 0x51, 0x51, 0x09, 0x09, 0x09, 0x03, 0x03, 0x03, 0x02, 0x02, 0x02, 0x02, 0x02, 0x02, 0x01, 0x01, 0x01, 0x00, 0x00, 0x00, 0x00, 0x00, 0x00,
0x00, 0x00, 0x00, 0x00, 0x00, 0x00, 0x00, 0x00, 0x00, 0x00, 0x00, 0x00, 0x00, 0x00, 0x00, 0x00, 0x00, 0x00, 0x00, 0x00, 0x00, 0x00, 0x00, 0x00,
0x00, 0x00, 0x00, 0x00, 0x00, 0x00, 0x00, 0x00, 0x00, 0x00, 0x00, 0x00, 0x00, 0x00, 0x00, 0x00, 0x00, 0x00, 0x00, 0x00, 0x00, 0x01, 0x01, 0x01,
0x01, 0x01, 0x01, 0x00, 0x00, 0x00, 0x00, 0x00, 0x00, 0x00, 0x00, 0x00, 0x00, 0x00, 0x00, 0x1e, 0x1e, 0x1e, 0xe1, 0xe1, 0xe1, 0xda, 0xda, 0xda,
0xf6, 0xf6, 0xf6, 0xfa, 0xfa, 0xfa, 0xf5, 0xf5, 0xf5, 0xf1, 0xf1, 0xf1, 0xf9, 0xf9, 0xf9, 0xf8, 0xf8, 0xf8, 0xf8, 0xf8, 0xf8, 0xf8, 0xf8, 0xf8,
0xf8, 0xf8, 0xf8, 0xf6, 0xf6, 0xf6, 0xf8, 0xf8, 0xf8, 0xf8, 0xf8, 0xf8, 0xf8, 0xf8, 0xf8, 0xf8, 0xf8, 0xf8, 0xf8, 0xf8, 0xf8, 0xf8, 0xf8, 0xf8,
0xf8, 0xf8, 0xf8, 0xf8, 0xf8, 0xf8, 0xf8, 0xf8, 0xf8, 0xf8, 0xf8, 0xf8, 0xf8, 0xf8, 0xf8, 0xf8, 0xf8, 0xf8, 0xf8, 0xf8, 0xf8, 0xf8, 0xf8, 0xf8,
0xf6, 0xf6, 0xf6, 0xf6, 0xf6, 0xf6, 0xf6, 0xf6, 0xf6, 0xf5, 0xf5, 0xf5, 0xf6, 0xf6, 0xf6, 0xf6, 0xf6, 0xf6, 0xf6, 0xf6, 0xf6, 0xf6, 0xf6, 0xf6,
0xf6, 0xf6, 0xf6, 0xf6, 0xf6, 0xf6, 0xf6, 0xf6, 0xf6, 0xf5, 0xf5, 0xf5, 0xee, 0xee, 0xee, 0xdc, 0xdc, 0xdc, 0x3e, 0x3e, 0x3e, 0x00, 0x00, 0x00,
0x00, 0x00, 0x00, 0x00, 0x00, 0x00, 0x1b, 0x1b, 0x1b, 0x10, 0x10, 0x10, 0x00, 0x00, 0x00, 0x00, 0x00, 0x00, 0x00, 0x00, 0x00, 0x00, 0x00, 0x00,
0x00, 0x00, 0x00, 0x00, 0x00, 0x00, 0x00, 0x00, 0x00, 0x00, 0x00, 0x00, 0x00, 0x00, 0x00, 0x00, 0x00, 0x00, 0x00, 0x00, 0x00, 0x00, 0x00, 0x00,
0x00, 0x00, 0x00, 0x00, 0x00, 0x00, 0x00, 0x00, 0x00, 0x00, 0x00, 0x00, 0x00, 0x00, 0x00, 0x00, 0x00, 0x00, 0x00, 0x00, 0x00, 0x00, 0x00, 0x00,
0x05, 0x05, 0x05, 0x9a, 0x9a, 0x9a, 0xff, 0xff, 0xff, 0xff, 0xff, 0xff, 0xfa, 0xfa, 0xfa, 0xfa, 0xfa, 0xfa, 0xfa, 0xfa, 0xfa, 0xf9, 0xf9, 0xf9,
0xfa, 0xfa, 0xfa, 0xfa, 0xfa, 0xfa, 0xf9, 0xf9, 0xf9, 0xfa, 0xfa, 0xfa, 0xf9, 0xf9, 0xf9, 0xf8, 0xf8, 0xf8, 0xf8, 0xf8, 0xf8, 0xf9, 0xf9, 0xf9,
0xf9, 0xf9, 0xf9, 0xf9, 0xf9, 0xf9, 0xfa, 0xfa, 0xfa, 0xfa, 0xfa, 0xfa, 0xfa, 0xfa, 0xfa, 0xfa, 0xfa, 0xfa, 0xfa, 0xfa, 0xfa, 0xfa, 0xfa, 0xfa,
0xfa, 0xfa, 0xfa, 0xfa, 0xfa, 0xfa, 0xf9, 0xf9, 0xf9, 0xf9, 0xf9, 0xf9, 0xf8, 0xf8, 0xf8, 0xf8, 0xf8, 0xf8, 0xf8, 0xf8, 0xf8, 0xf8, 0xf8, 0xf8,
0xf5, 0xf5, 0xf5, 0xf4, 0xf4, 0xf4, 0xf5, 0xf5, 0xf5, 0xef, 0xef, 0xef, 0xef, 0xef, 0xef, 0xee, 0xee, 0xee, 0xeb, 0xeb, 0xeb, 0xeb, 0xeb, 0xeb,
0xed, 0xed, 0xed, 0x5d, 0x5d, 0x5d, 0x00, 0x00, 0x00, 0x01, 0x01, 0x01, 0x01, 0x01, 0x01, 0x00, 0x00, 0x00, 0x00, 0x00, 0x00, 0x00, 0x00, 0x00,
0x00, 0x00, 0x00, 0x00, 0x00, 0x00, 0x00, 0x00, 0x00, 0x00, 0x00, 0x00, 0x00, 0x00, 0x00, 0x00, 0x00, 0x00, 0x00, 0x00, 0x00, 0x00, 0x00, 0x00,
0x00, 0x00, 0x00, 0x00, 0x00, 0x00, 0x00, 0x00, 0x00, 0x00, 0x00, 0x00, 0x00, 0x00, 0x00, 0x00, 0x00, 0x00, 0x01, 0x01, 0x01, 0x02, 0x02, 0x02,
0x02, 0x02, 0x02, 0x00, 0x00, 0x00, 0x00, 0x00, 0x00, 0x00, 0x00, 0x00, 0x77, 0x77, 0x77, 0xd7, 0xd7, 0xd7, 0xf5, 0xf5, 0xf5, 0xf3, 0xf3, 0xf3,
0xf6, 0xf6, 0xf6, 0xf9, 0xf9, 0xf9, 0xfb, 0xfb, 0xfb, 0xff, 0xff, 0xff, 0xfc, 0xfc, 0xfc, 0xfa, 0xfa, 0xfa, 0xf9, 0xf9, 0xf9, 0xf9, 0xf9, 0xf9,
0xf9, 0xf9, 0xf9, 0xf8, 0xf8, 0xf8, 0xf8, 0xf8, 0xf8, 0xf9, 0xf9, 0xf9, 0xf9, 0xf9, 0xf9, 0xf9, 0xf9, 0xf9, 0xf9, 0xf9, 0xf9, 0xf9, 0xf9, 0xf9,
0xfa, 0xf7, 0xf8, 0xfa, 0xf7, 0xf8, 0xfa, 0xf7, 0xf8, 0xfa, 0xf7, 0xf8, 0xfa, 0xf7, 0xf8, 0xfa, 0xf7, 0xf8, 0xf8, 0xf5, 0xf6, 0xf8, 0xf5, 0xf6,
0xf8, 0xf5, 0xf6, 0xf8, 0xf5, 0xf6, 0xf8, 0xf5, 0xf6, 0xf7, 0xf4, 0xf5, 0xf8, 0xf5, 0xf6, 0xf8, 0xf5, 0xf6, 0xf8, 0xf5, 0xf6, 0xf8, 0xf5, 0xf6,
0xf8, 0xf5, 0xf6, 0xf8, 0xf5, 0xf6, 0xf6, 0xf3, 0xf4, 0xf6, 0xf3, 0xf4, 0xde, 0xdb, 0xdc, 0xdb, 0xd8, 0xd9, 0xff, 0xff, 0xff, 0x78, 0x75, 0x76,
0x05, 0x02, 0x03, 0x00, 0x00, 0x00, 0x00, 0x00, 0x00, 0x14, 0x11, 0x12, 0x00, 0x00, 0x00, 0x00, 0x00, 0x00, 0x02, 0x00, 0x00, 0x02, 0x00, 0x00,
0x00, 0x00, 0x00, 0x00, 0x00, 0x00, 0x00, 0x00, 0x00, 0x00, 0x00, 0x00, 0x00, 0x00, 0x00, 0x00, 0x00, 0x00, 0x00, 0x00, 0x00, 0x00, 0x00, 0x00,
0x00, 0x00, 0x00, 0x00, 0x00, 0x00, 0x00, 0x00, 0x00, 0x00, 0x00, 0x00, 0x00, 0x00, 0x00, 0x00, 0x00, 0x00, 0x00, 0x00, 0x00, 0x2f, 0x2f, 0x2f,
0xdf, 0xdf, 0xdf, 0xff, 0xff, 0xff, 0xff, 0xff, 0xff, 0xf6, 0xf6, 0xf6, 0xfa, 0xfa, 0xfa, 0xfa, 0xfa, 0xfa, 0xfa, 0xfa, 0xfa, 0xf9, 0xf9, 0xf9,
0xfa, 0xfa, 0xfa, 0xfa, 0xfa, 0xfa, 0xfa, 0xfa, 0xfa, 0xfa, 0xfa, 0xfa, 0xfa, 0xfa, 0xfa, 0xfa, 0xfa, 0xfa, 0xfa, 0xfa, 0xfa, 0xfa, 0xfa, 0xfa,
0xfc, 0xf9, 0xfa, 0xfc, 0xf9, 0xfa, 0xfc, 0xf9, 0xfa, 0xfc, 0xf9, 0xfa, 0xfc, 0xf9, 0xfa, 0xfc, 0xf9, 0xfa, 0xfc, 0xf9, 0xfa, 0xfc, 0xf9, 0xfa,
0xfb, 0xf8, 0xf9, 0xfb, 0xf8, 0xf9, 0xfa, 0xf7, 0xf8, 0xfa, 0xf7, 0xf8, 0xfa, 0xf7, 0xf8, 0xfa, 0xf7, 0xf8, 0xfa, 0xf7, 0xf8, 0xfa, 0xf7, 0xf8,
0xf8, 0xf5, 0xf6, 0xf8, 0xf5, 0xf6, 0xf6, 0xf3, 0xf4, 0xf4, 0xf1, 0xf2, 0xf3, 0xf0, 0xf1, 0xf0, 0xed, 0xee, 0xef, 0xec, 0xed, 0xef, 0xec, 0xed,
0xf6, 0xf3, 0xf4, 0xff, 0xff, 0xff, 0x89, 0x86, 0x87, 0x00, 0x00, 0x00, 0x02, 0x00, 0x00, 0x02, 0x00, 0x00, 0x02, 0x00, 0x00, 0x02, 0x00, 0x00,
0x00, 0x00, 0x00, 0x00, 0x00, 0x00, 0x00, 0x00, 0x00, 0x00, 0x00, 0x00, 0x00, 0x00, 0x00, 0x00, 0x00, 0x00, 0x00, 0x00, 0x00, 0x00, 0x00, 0x00,
0x00, 0x00, 0x00, 0x00, 0x00, 0x00, 0x00, 0x00, 0x00, 0x00, 0x00, 0x00, 0x00, 0x00, 0x00, 0x00, 0x00, 0x00, 0x01, 0x01, 0x01, 0x02, 0x02, 0x02,
0x03, 0x03, 0x03, 0x00, 0x00, 0x00, 0x00, 0x00, 0x00, 0x00, 0x00, 0x00, 0xc2, 0xc2, 0xc2, 0xc5, 0xc5, 0xc5, 0xf9, 0xf9, 0xf9, 0xf4, 0xf4, 0xf4,
0xe1, 0xe1, 0xe1, 0xeb, 0xeb, 0xeb, 0xfd, 0xfd, 0xfd, 0xff, 0xff, 0xff, 0xfc, 0xfc, 0xfc, 0xfb, 0xfb, 0xfb, 0xfa, 0xfa, 0xfa, 0xf9, 0xf9, 0xf9,
0xf9, 0xf9, 0xf9, 0xf9, 0xf9, 0xf9, 0xf9, 0xf9, 0xf9, 0xf9, 0xf9, 0xf9, 0xf9, 0xf9, 0xf9, 0xf9, 0xf9, 0xf9, 0xf9, 0xf9, 0xf9, 0xf9, 0xf9, 0xf9,
0xfa, 0xf7, 0xf8, 0xfa, 0xf7, 0xf8, 0xf8, 0xf5, 0xf6, 0xf8, 0xf5, 0xf6, 0xf8, 0xf5, 0xf6, 0xf8, 0xf5, 0xf6, 0xf8, 0xf5, 0xf6, 0xf8, 0xf5, 0xf6,
0xf7, 0xf4, 0xf5, 0xf7, 0xf4, 0xf5, 0xf7, 0xf4, 0xf5, 0xf7, 0xf4, 0xf5, 0xf7, 0xf4, 0xf5, 0xf7, 0xf4, 0xf5, 0xf7, 0xf4, 0xf5, 0xf7, 0xf4, 0xf5,
0xf7, 0xf4, 0xf5, 0xf7, 0xf4, 0xf5, 0xf5, 0xf2, 0xf3, 0xf5, 0xf2, 0xf3, 0xff, 0xfe, 0xff, 0xff, 0xff, 0xff, 0xef, 0xec, 0xed, 0xf3, 0xf0, 0xf1,
0x46, 0x43, 0x44, 0x05, 0x02, 0x03, 0x00, 0x00, 0x00, 0x00, 0x00, 0x00, 0x00, 0x00, 0x00, 0x00, 0x00, 0x00, 0x02, 0x00, 0x00, 0x02, 0x00, 0x00,
0x00, 0x00, 0x00, 0x00, 0x00, 0x00, 0x00, 0x00, 0x00, 0x00, 0x00, 0x00, 0x00, 0x00, 0x00, 0x00, 0x00, 0x00, 0x00, 0x00, 0x00, 0x01, 0x01, 0x01,
0x00, 0x00, 0x00, 0x00, 0x00, 0x00, 0x00, 0x00, 0x00, 0x00, 0x00, 0x00, 0x00, 0x00, 0x00, 0x00, 0x00, 0x00, 0x2f, 0x2f, 0x2f, 0xaa, 0xaa, 0xaa,
0xff, 0xff, 0xff, 0xff, 0xff, 0xff, 0xfc, 0xfc, 0xfc, 0xf9, 0xf9, 0xf9, 0xfa, 0xfa, 0xfa, 0xfa, 0xfa, 0xfa, 0xfa, 0xfa, 0xfa, 0xfa, 0xfa, 0xfa,
0xfa, 0xfa, 0xfa, 0xfa, 0xfa, 0xfa, 0xfa, 0xfa, 0xfa, 0xfb, 0xfb, 0xfb, 0xfb, 0xfb, 0xfb, 0xfa, 0xfa, 0xfa, 0xfa, 0xfa, 0xfa, 0xfb, 0xfb, 0xfb,
0xfc, 0xf9, 0xfa, 0xfc, 0xf9, 0xfa, 0xfc, 0xf9, 0xfa, 0xfc, 0xf9, 0xfa, 0xfc, 0xf9, 0xfa, 0xfc, 0xf9, 0xfa, 0xfc, 0xf9, 0xfa, 0xfb, 0xf8, 0xf9,
0xfb, 0xf8, 0xf9, 0xfa, 0xf7, 0xf8, 0xfa, 0xf7, 0xf8, 0xf8, 0xf5, 0xf6, 0xf8, 0xf5, 0xf6, 0xf8, 0xf5, 0xf6, 0xf8, 0xf5, 0xf6, 0xf8, 0xf5, 0xf6,
0xf8, 0xf5, 0xf6, 0xf8, 0xf5, 0xf6, 0xf6, 0xf3, 0xf4, 0xf5, 0xf2, 0xf3, 0xf3, 0xf0, 0xf1, 0xf1, 0xee, 0xef, 0xf0, 0xed, 0xee, 0xef, 0xec, 0xed,
0xff, 0xff, 0xff, 0xef, 0xec, 0xed, 0xe5, 0xe2, 0xe3, 0xbc, 0xb9, 0xba, 0x02, 0x00, 0x00, 0x02, 0x00, 0x00, 0x02, 0x00, 0x00, 0x02, 0x00, 0x00,
0x00, 0x00, 0x00, 0x00, 0x00, 0x00, 0x00, 0x00, 0x00, 0x00, 0x00, 0x00, 0x00, 0x00, 0x00, 0x00, 0x00, 0x00, 0x00, 0x00, 0x00, 0x00, 0x00, 0x00,
0x00, 0x00, 0x00, 0x00, 0x00, 0x00, 0x00, 0x00, 0x00, 0x00, 0x00, 0x00, 0x00, 0x00, 0x00, 0x00, 0x00, 0x00, 0x01, 0x01, 0x01, 0x02, 0x02, 0x02,
0x06, 0x06, 0x06, 0x08, 0x08, 0x08, 0x73, 0x73, 0x73, 0xff, 0xff, 0xff, 0xf5, 0xf5, 0xf5, 0xf6, 0xf6, 0xf6, 0xf8, 0xf8, 0xf8, 0xf8, 0xf8, 0xf8,
0xf9, 0xf9, 0xf9, 0xf9, 0xf9, 0xf9, 0xfc, 0xfc, 0xfc, 0xff, 0xff, 0xff, 0xfc, 0xfc, 0xfc, 0xfb, 0xfb, 0xfb, 0xfa, 0xfa, 0xfa, 0xf9, 0xf9, 0xf9,
0xf9, 0xf9, 0xf9, 0xf9, 0xf9, 0xf9, 0xf9, 0xf9, 0xf9, 0xf9, 0xf9, 0xf9, 0xf9, 0xf9, 0xf9, 0xf9, 0xf9, 0xf9, 0xfa, 0xf7, 0xf8, 0xfa, 0xf7, 0xf8,
0xfc, 0xf7, 0xf8, 0xfa, 0xf5, 0xf6, 0xfa, 0xf5, 0xf6, 0xfa, 0xf5, 0xf6, 0xfa, 0xf5, 0xf6, 0xfa, 0xf5, 0xf6, 0xf9, 0xf4, 0xf5, 0xf9, 0xf4, 0xf5,
0xf8, 0xf3, 0xf4, 0xf8, 0xf3, 0xf4, 0xf7, 0xf2, 0xf3, 0xf7, 0xf2, 0xf3, 0xf7, 0xf2, 0xf3, 0xf7, 0xf2, 0xf3, 0xf7, 0xf2, 0xf3, 0xf6, 0xf1, 0xf2,
0xf8, 0xf3, 0xf4, 0xf8, 0xf3, 0xf4, 0xf7, 0xf2, 0xf3, 0xf6, 0xf1, 0xf2, 0xf5, 0xf0, 0xf1, 0xf5, 0xf0, 0xf1, 0xf5, 0xf0, 0xf1, 0xf5, 0xf0, 0xf1,
0xfa, 0xf5, 0xf6, 0x86, 0x81, 0x82, 0x00, 0x00, 0x00, 0x07, 0x02, 0x03, 0x02, 0x00, 0x00, 0x02, 0x00, 0x00, 0x04, 0x00, 0x00, 0x04, 0x00, 0x00,
0x02, 0x00, 0x00, 0x02, 0x00, 0x00, 0x00, 0x00, 0x00, 0x00, 0x00, 0x00, 0x00, 0x00, 0x00, 0x00, 0x00, 0x00, 0x00, 0x00, 0x00, 0x01, 0x01, 0x01,
0x30, 0x30, 0x30, 0x00, 0x00, 0x00, 0x14, 0x14, 0x14, 0x00, 0x00, 0x00, 0x00, 0x00, 0x00, 0x4b, 0x4b, 0x4b, 0xe0, 0xe0, 0xe0, 0xfc, 0xfc, 0xfc,
0xfc, 0xfc, 0xfc, 0xfc, 0xfc, 0xfc, 0xfb, 0xfb, 0xfb, 0xfb, 0xfb, 0xfb, 0xfb, 0xfb, 0xfb, 0xfa, 0xfa, 0xfa, 0xfb, 0xfb, 0xfb, 0xfb, 0xfb, 0xfb,
0xfb, 0xfb, 0xfb, 0xfb, 0xfb, 0xfb, 0xfb, 0xfb, 0xfb, 0xfb, 0xfb, 0xfb, 0xfb, 0xfb, 0xfb, 0xfb, 0xfb, 0xfb, 0xfd, 0xfa, 0xfb, 0xfd, 0xfa, 0xfb,
0xff, 0xfa, 0xfb, 0xff, 0xfa, 0xfb, 0xff, 0xfa, 0xfb, 0xff, 0xfa, 0xfb, 0xff, 0xfa, 0xfb, 0xff, 0xfa, 0xfb, 0xfd, 0xf8, 0xf9, 0xfd, 0xf8, 0xf9,
0xfc, 0xf7, 0xf8, 0xfa, 0xf5, 0xf6, 0xf9, 0xf4, 0xf5, 0xf9, 0xf4, 0xf5, 0xf9, 0xf4, 0xf5, 0xf9, 0xf4, 0xf5, 0xf8, 0xf3, 0xf4, 0xf8, 0xf3, 0xf4,
0xf9, 0xf4, 0xf5, 0xf9, 0xf4, 0xf5, 0xf7, 0xf2, 0xf3, 0xf7, 0xf2, 0xf3, 0xf5, 0xf0, 0xf1, 0xf5, 0xf0, 0xf1, 0xf3, 0xee, 0xef, 0xf3, 0xee, 0xef,
0xf6, 0xf1, 0xf2, 0xf6, 0xf1, 0xf2, 0xf6, 0xf1, 0xf2, 0xf6, 0xf1, 0xf2, 0xc2, 0xbd, 0xbe, 0x0d, 0x08, 0x09, 0x00, 0x00, 0x00, 0x29, 0x24, 0x25,
0x02, 0x00, 0x00, 0x02, 0x00, 0x00, 0x00, 0x00, 0x00, 0x00, 0x00, 0x00, 0x00, 0x00, 0x00, 0x00, 0x00, 0x00, 0x00, 0x00, 0x00, 0x00, 0x00, 0x00,
0x00, 0x00, 0x00, 0x00, 0x00, 0x00, 0x00, 0x00, 0x00, 0x00, 0x00, 0x00, 0x00, 0x00, 0x00, 0x00, 0x00, 0x00, 0x01, 0x01, 0x01, 0x02, 0x02, 0x02,
0x08, 0x08, 0x08, 0x6d, 0x6d, 0x6d, 0xec, 0xec, 0xec, 0xff, 0xff, 0xff, 0xf5, 0xf5, 0xf5, 0xf6, 0xf6, 0xf6, 0xf8, 0xf8, 0xf8, 0xf8, 0xf8, 0xf8,
0xf9, 0xf9, 0xf9, 0xf9, 0xf9, 0xf9, 0xfc, 0xfc, 0xfc, 0xff, 0xff, 0xff, 0xfb, 0xfb, 0xfb, 0xfb, 0xfb, 0xfb, 0xfa, 0xfa, 0xfa, 0xfa, 0xfa, 0xfa,
0xfa, 0xfa, 0xfa, 0xfa, 0xfa, 0xfa, 0xfa, 0xfa, 0xfa, 0xfa, 0xfa, 0xfa, 0xfa, 0xfa, 0xfa, 0xfa, 0xfa, 0xfa, 0xfb, 0xf8, 0xf9, 0xfb, 0xf8, 0xf9,
0xfc, 0xf7, 0xf8, 0xfa, 0xf5, 0xf6, 0xfa, 0xf5, 0xf6, 0xfa, 0xf5, 0xf6, 0xfa, 0xf5, 0xf6, 0xfa, 0xf5, 0xf6, 0xf9, 0xf4, 0xf5, 0xf9, 0xf4, 0xf5,
0xf7, 0xf2, 0xf3, 0xf7, 0xf2, 0xf3, 0xf7, 0xf2, 0xf3, 0xf7, 0xf2, 0xf3, 0xf7, 0xf2, 0xf3, 0xf7, 0xf2, 0xf3, 0xf7, 0xf2, 0xf3, 0xf6, 0xf1, 0xf2,
0xf7, 0xf2, 0xf3, 0xf7, 0xf2, 0xf3, 0xf7, 0xf2, 0xf3, 0xf7, 0xf2, 0xf3, 0xf5, 0xf0, 0xf1, 0xf5, 0xf0, 0xf1, 0xf5, 0xf0, 0xf1, 0xf5, 0xf0, 0xf1,
0xff, 0xff, 0xff, 0xdc, 0xd7, 0xd8, 0x92, 0x8d, 0x8e, 0x00, 0x00, 0x00, 0x02, 0x00, 0x00, 0x02, 0x00, 0x00, 0x04, 0x00, 0x00, 0x04, 0x00, 0x00,
0x02, 0x00, 0x00, 0x02, 0x00, 0x00, 0x00, 0x00, 0x00, 0x00, 0x00, 0x00, 0x00, 0x00, 0x00, 0x00, 0x00, 0x00, 0x00, 0x00, 0x00, 0x00, 0x00, 0x00,
0x05, 0x05, 0x05, 0x03, 0x03, 0x03, 0x00, 0x00, 0x00, 0x00, 0x00, 0x00, 0x4b, 0x4b, 0x4b, 0xe3, 0xe3, 0xe3, 0xe8, 0xe8, 0xe8, 0xff, 0xff, 0xff,
0xfc, 0xfc, 0xfc, 0xfc, 0xfc, 0xfc, 0xfb, 0xfb, 0xfb, 0xfb, 0xfb, 0xfb, 0xfb, 0xfb, 0xfb, 0xfb, 0xfb, 0xfb, 0xfb, 0xfb, 0xfb, 0xfb, 0xfb, 0xfb,
0xfb, 0xfb, 0xfb, 0xfb, 0xfb, 0xfb, 0xfb, 0xfb, 0xfb, 0xfc, 0xfc, 0xfc, 0xfc, 0xfc, 0xfc, 0xfc, 0xfc, 0xfc, 0xfe, 0xfb, 0xfc, 0xfe, 0xfb, 0xfc,
0xff, 0xfa, 0xfb, 0xff, 0xfa, 0xfb, 0xff, 0xfa, 0xfb, 0xff, 0xfa, 0xfb, 0xff, 0xfa, 0xfb, 0xff, 0xfa, 0xfb, 0xfd, 0xf8, 0xf9, 0xfd, 0xf8, 0xf9,
0xfa, 0xf5, 0xf6, 0xf9, 0xf4, 0xf5, 0xf9, 0xf4, 0xf5, 0xf8, 0xf3, 0xf4, 0xf8, 0xf3, 0xf4, 0xf8, 0xf3, 0xf4, 0xf8, 0xf3, 0xf4, 0xf7, 0xf2, 0xf3,
0xf8, 0xf3, 0xf4, 0xf8, 0xf3, 0xf4, 0xf7, 0xf2, 0xf3, 0xf7, 0xf2, 0xf3, 0xf6, 0xf1, 0xf2, 0xf5, 0xf0, 0xf1, 0xf3, 0xee, 0xef, 0xf3, 0xee, 0xef,
0xf6, 0xf1, 0xf2, 0xf6, 0xf1, 0xf2, 0xf6, 0xf1, 0xf2, 0xf6, 0xf1, 0xf2, 0xe2, 0xdd, 0xde, 0xa3, 0x9e, 0x9f, 0x38, 0x33, 0x34, 0x00, 0x00, 0x00,
0x02, 0x00, 0x00, 0x02, 0x00, 0x00, 0x00, 0x00, 0x00, 0x00, 0x00, 0x00, 0x00, 0x00, 0x00, 0x00, 0x00, 0x00, 0x00, 0x00, 0x00, 0x00, 0x00, 0x00,
0x00, 0x00, 0x00, 0x00, 0x00, 0x00, 0x01, 0x01, 0x01, 0x02, 0x02, 0x02, 0x00, 0x00, 0x00, 0x00, 0x00, 0x00, 0x00, 0x00, 0x00, 0x01, 0x01, 0x01,
0x73, 0x73, 0x73, 0xec, 0xec, 0xec, 0xff, 0xff, 0xff, 0xf8, 0xf8, 0xf8, 0xf8, 0xf8, 0xf8, 0xf8, 0xf8, 0xf8, 0xf8, 0xf8, 0xf8, 0xf9, 0xf9, 0xf9,
0xf9, 0xf9, 0xf9, 0xf9, 0xf9, 0xf9, 0xfb, 0xfb, 0xfb, 0xfc, 0xfc, 0xfc, 0xfa, 0xfa, 0xfa, 0xfa, 0xfa, 0xfa, 0xfa, 0xfa, 0xfa, 0xfa, 0xfa, 0xfa,
0xfa, 0xfa, 0xfa, 0xfa, 0xfa, 0xfa, 0xfa, 0xfa, 0xfa, 0xfa, 0xfa, 0xfa, 0xfa, 0xfa, 0xfa, 0xfa, 0xfa, 0xfa, 0xfb, 0xf8, 0xf9, 0xfb, 0xf8, 0xf9,
0xfc, 0xf7, 0xf8, 0xfa, 0xf5, 0xf6, 0xfb, 0xf3, 0xf5, 0xfb, 0xf3, 0xf5, 0xfb, 0xf3, 0xf5, 0xfb, 0xf3, 0xf5, 0xfa, 0xf2, 0xf4, 0xfa, 0xf2, 0xf4,
0xf8, 0xf0, 0xf2, 0xf8, 0xf0, 0xf2, 0xf8, 0xf0, 0xf2, 0xf8, 0xf0, 0xf2, 0xf8, 0xf0, 0xf2, 0xf8, 0xf0, 0xf2, 0xf8, 0xf0, 0xf2, 0xf8, 0xf0, 0xf2,
0xf8, 0xf0, 0xf2, 0xf8, 0xf0, 0xf2, 0xf8, 0xf0, 0xf2, 0xf8, 0xf0, 0xf2, 0xf7, 0xef, 0xf1, 0xf7, 0xef, 0xf1, 0xf7, 0xef, 0xf1, 0xf5, 0xed, 0xef,
0xf5, 0xed, 0xef, 0xfb, 0xf3, 0xf5, 0xff, 0xff, 0xff, 0x68, 0x60, 0x62, 0x04, 0x00, 0x00, 0x06, 0x00, 0x00, 0x04, 0x00, 0x00, 0x04, 0x00, 0x00,
0x02, 0x00, 0x00, 0x02, 0x00, 0x00, 0x00, 0x00, 0x00, 0x00, 0x00, 0x00, 0x00, 0x00, 0x00, 0x00, 0x00, 0x00, 0x00, 0x00, 0x00, 0x00, 0x00, 0x00,
0x00, 0x00, 0x00, 0x00, 0x00, 0x00, 0x00, 0x00, 0x00, 0x36, 0x36, 0x36, 0xe0, 0xe0, 0xe0, 0xe8, 0xe8, 0xe8, 0xff, 0xff, 0xff, 0xf9, 0xf9, 0xf9,
0xfc, 0xfc, 0xfc, 0xfc, 0xfc, 0xfc, 0xfb, 0xfb, 0xfb, 0xfb, 0xfb, 0xfb, 0xfb, 0xfb, 0xfb, 0xfb, 0xfb, 0xfb, 0xfb, 0xfb, 0xfb, 0xfb, 0xfb, 0xfb,
0xfb, 0xfb, 0xfb, 0xfb, 0xfb, 0xfb, 0xfb, 0xfb, 0xfb, 0xfc, 0xfc, 0xfc, 0xfc, 0xfc, 0xfc, 0xfc, 0xfc, 0xfc, 0xfe, 0xfb, 0xfc, 0xfe, 0xfb, 0xfc,
0xff, 0xfa, 0xfb, 0xff, 0xfa, 0xfb, 0xff, 0xf9, 0xfb, 0xff, 0xf8, 0xfa, 0xff, 0xf8, 0xfa, 0xff, 0xf8, 0xfa, 0xfe, 0xf6, 0xf8, 0xfc, 0xf4, 0xf6,
0xfb, 0xf3, 0xf5, 0xfa, 0xf2, 0xf4, 0xfa, 0xf2, 0xf4, 0xf9, 0xf1, 0xf3, 0xf9, 0xf1, 0xf3, 0xf9, 0xf1, 0xf3, 0xf9, 0xf1, 0xf3, 0xf9, 0xf1, 0xf3,
0xf9, 0xf1, 0xf3, 0xf9, 0xf1, 0xf3, 0xf9, 0xf1, 0xf3, 0xf9, 0xf1, 0xf3, 0xf8, 0xf0, 0xf2, 0xf8, 0xf0, 0xf2, 0xf7, 0xef, 0xf1, 0xf7, 0xef, 0xf1,
0xf8, 0xf0, 0xf2, 0xf8, 0xf0, 0xf2, 0xf7, 0xef, 0xf1, 0xf7, 0xef, 0xf1, 0xdd, 0xd5, 0xd7, 0xff, 0xfd, 0xff, 0xb8, 0xb3, 0xb4, 0x17, 0x12, 0x13,
0x02, 0x00, 0x00, 0x02, 0x00, 0x00, 0x00, 0x00, 0x00, 0x00, 0x00, 0x00, 0x00, 0x00, 0x00, 0x00, 0x00, 0x00, 0x00, 0x00, 0x00, 0x00, 0x00, 0x00,
0x00, 0x00, 0x00, 0x00, 0x00, 0x00, 0x03, 0x03, 0x03, 0x04, 0x04, 0x04, 0x00, 0x00, 0x00, 0x00, 0x00, 0x00, 0x00, 0x00, 0x00, 0x00, 0x00, 0x00,
0xff, 0xff, 0xff, 0xff, 0xff, 0xff, 0xf8, 0xf8, 0xf8, 0xff, 0xff, 0xff, 0xf9, 0xf9, 0xf9, 0xf9, 0xf9, 0xf9, 0xf9, 0xf9, 0xf9, 0xf9, 0xf9, 0xf9,
0xf9, 0xf9, 0xf9, 0xfa, 0xfa, 0xfa, 0xfa, 0xfa, 0xfa, 0xfa, 0xfa, 0xfa, 0xfa, 0xfa, 0xfa, 0xfa, 0xfa, 0xfa, 0xfa, 0xfa, 0xfa, 0xfa, 0xfa, 0xfa,
0xfa, 0xfa, 0xfa, 0xfa, 0xfa, 0xfa, 0xfa, 0xfa, 0xfa, 0xfa, 0xfa, 0xfa, 0xfa, 0xfa, 0xfa, 0xfa, 0xfa, 0xfa, 0xfb, 0xf8, 0xf9, 0xfb, 0xf8, 0xf9,
0xfc, 0xf7, 0xf8, 0xfa, 0xf5, 0xf6, 0xfb, 0xf3, 0xf5, 0xfb, 0xf3, 0xf5, 0xfb, 0xf3, 0xf5, 0xfb, 0xf3, 0xf5, 0xfa, 0xf2, 0xf4, 0xfa, 0xf2, 0xf4,
0xf8, 0xf0, 0xf2, 0xf8, 0xf0, 0xf2, 0xf7, 0xef, 0xf1, 0xf7, 0xef, 0xf1, 0xf7, 0xef, 0xf1, 0xf7, 0xef, 0xf1, 0xf7, 0xef, 0xf1, 0xf7, 0xef, 0xf1,
0xf7, 0xef, 0xf1, 0xf7, 0xef, 0xf1, 0xf7, 0xef, 0xf1, 0xf7, 0xef, 0xf1, 0xf7, 0xef, 0xf1, 0xf7, 0xef, 0xf1, 0xf5, 0xed, 0xef, 0xf4, 0xec, 0xee,
0xf5, 0xed, 0xef, 0xf8, 0xf0, 0xf2, 0xf0, 0xe8, 0xea, 0xff, 0xff, 0xff, 0x06, 0x00, 0x00, 0x06, 0x00, 0x00, 0x05, 0x00, 0x01, 0x05, 0x00, 0x01,
0x02, 0x00, 0x00, 0x03, 0x00, 0x01, 0x00, 0x00, 0x00, 0x00, 0x00, 0x00, 0x00, 0x00, 0x00, 0x00, 0x00, 0x00, 0x00, 0x00, 0x00, 0x00, 0x00, 0x00,
0x00, 0x00, 0x00, 0x00, 0x00, 0x00, 0x14, 0x14, 0x14, 0xd8, 0xd8, 0xd8, 0xfc, 0xfc, 0xfc, 0xff, 0xff, 0xff, 0xf9, 0xf9, 0xf9, 0xff, 0xff, 0xff,
0xfc, 0xfc, 0xfc, 0xfc, 0xfc, 0xfc, 0xfc, 0xfc, 0xfc, 0xfc, 0xfc, 0xfc, 0xfc, 0xfc, 0xfc, 0xfc, 0xfc, 0xfc, 0xfc, 0xfc, 0xfc, 0xfc, 0xfc, 0xfc,
0xfc, 0xfc, 0xfc, 0xfc, 0xfc, 0xfc, 0xfc, 0xfc, 0xfc, 0xfc, 0xfc, 0xfc, 0xfc, 0xfc, 0xfc, 0xfc, 0xfc, 0xfc, 0xfe, 0xfb, 0xfc, 0xfe, 0xfb, 0xfc,
0xff, 0xfa, 0xfb, 0xff, 0xfa, 0xfb, 0xff, 0xf9, 0xfb, 0xff, 0xf8, 0xfa, 0xff, 0xf8, 0xfa, 0xff, 0xf7, 0xf9, 0xfe, 0xf6, 0xf8, 0xfc, 0xf4, 0xf6,
0xfa, 0xf2, 0xf4, 0xfa, 0xf2, 0xf4, 0xf9, 0xf1, 0xf3, 0xf9, 0xf1, 0xf3, 0xf9, 0xf1, 0xf3, 0xf9, 0xf1, 0xf3, 0xf9, 0xf1, 0xf3, 0xf9, 0xf1, 0xf3,
0xf9, 0xf1, 0xf3, 0xf9, 0xf1, 0xf3, 0xf8, 0xf0, 0xf2, 0xf8, 0xf0, 0xf2, 0xf8, 0xf0, 0xf2, 0xf8, 0xf0, 0xf2, 0xf8, 0xf0, 0xf2, 0xf8, 0xf0, 0xf2,
0xf8, 0xf0, 0xf2, 0xf8, 0xf0, 0xf2, 0xf7, 0xef, 0xf1, 0xf5, 0xed, 0xef, 0xf5, 0xed, 0xef, 0xf5, 0xed, 0xef, 0xec, 0xe7, 0xe8, 0x99, 0x94, 0x95,
0x02, 0x00, 0x00, 0x02, 0x00, 0x00, 0x00, 0x00, 0x00, 0x00, 0x00, 0x00, 0x00, 0x00, 0x00, 0x00, 0x00, 0x00, 0x00, 0x00, 0x00, 0x00, 0x00, 0x00,
0x00, 0x00, 0x00, 0x00, 0x00, 0x00, 0x02, 0x02, 0x02, 0x04, 0x04, 0x04, 0x10, 0x10, 0x10, 0x0d, 0x0d, 0x0d, 0x3c, 0x3c, 0x3c, 0xeb, 0xeb, 0xeb,
0xff, 0xff, 0xff, 0xff, 0xff, 0xff, 0xff, 0xff, 0xff, 0xff, 0xff, 0xff, 0xfa, 0xfa, 0xfa, 0xfa, 0xfa, 0xfa, 0xfa, 0xfa, 0xfa, 0xfa, 0xfa, 0xfa,
0xfa, 0xfa, 0xfa, 0xfa, 0xfa, 0xfa, 0xfa, 0xfa, 0xfa, 0xfa, 0xfa, 0xfa, 0xfa, 0xfa, 0xfa, 0xfa, 0xfa, 0xfa, 0xfa, 0xfa, 0xfa, 0xfa, 0xfa, 0xfa,
0xfa, 0xfa, 0xfa, 0xfa, 0xfa, 0xfa, 0xfa, 0xfa, 0xfa, 0xfa, 0xfa, 0xfa, 0xfa, 0xfa, 0xfa, 0xfa, 0xfa, 0xfa, 0xfb, 0xf8, 0xf9, 0xfb, 0xf8, 0xf9,
0xfc, 0xf7, 0xf8, 0xfa, 0xf5, 0xf6, 0xfb, 0xf3, 0xf5, 0xfb, 0xf3, 0xf5, 0xfb, 0xf3, 0xf5, 0xfb, 0xf3, 0xf5, 0xfa, 0xf2, 0xf4, 0xfa, 0xf2, 0xf4,
0xf8, 0xf0, 0xf2, 0xf8, 0xf0, 0xf2, 0xf7, 0xef, 0xf1, 0xf7, 0xef, 0xf1, 0xf7, 0xef, 0xf1, 0xf7, 0xef, 0xf1, 0xf7, 0xef, 0xf1, 0xf7, 0xef, 0xf1,
0xf7, 0xef, 0xf1, 0xf7, 0xef, 0xf1, 0xf7, 0xef, 0xf1, 0xf7, 0xef, 0xf1, 0xf7, 0xef, 0xf1, 0xf7, 0xef, 0xf1, 0xf7, 0xef, 0xf1, 0xf5, 0xed, 0xef,
0xf7, 0xef, 0xf1, 0xf7, 0xef, 0xf1, 0xf7, 0xef, 0xf1, 0xf7, 0xef, 0xf1, 0xd6, 0xce, 0xd0, 0x3d, 0x35, 0x37, 0x05, 0x00, 0x01, 0x04, 0x00, 0x00,
0x02, 0x00, 0x00, 0x02, 0x00, 0x00, 0x00, 0x00, 0x00, 0x00, 0x00, 0x00, 0x00, 0x00, 0x00, 0x00, 0x00, 0x00, 0x00, 0x00, 0x00, 0x00, 0x00, 0x00,
0x00, 0x00, 0x00, 0x00, 0x00, 0x00, 0xb0, 0xb0, 0xb0, 0xff, 0xff, 0xff, 0xff, 0xff, 0xff, 0xff, 0xff, 0xff, 0xff, 0xff, 0xff, 0xfd, 0xfd, 0xfd,
0xfd, 0xfd, 0xfd, 0xfd, 0xfd, 0xfd, 0xfc, 0xfc, 0xfc, 0xfc, 0xfc, 0xfc, 0xfc, 0xfc, 0xfc, 0xfc, 0xfc, 0xfc, 0xfc, 0xfc, 0xfc, 0xfc, 0xfc, 0xfc,
0xfc, 0xfc, 0xfc, 0xfc, 0xfc, 0xfc, 0xfc, 0xfc, 0xfc, 0xfc, 0xfc, 0xfc, 0xfc, 0xfc, 0xfc, 0xfc, 0xfc, 0xfc, 0xfe, 0xfb, 0xfc, 0xfe, 0xfb, 0xfc,
0xff, 0xfb, 0xfc, 0xff, 0xfb, 0xfc, 0xff, 0xf8, 0xfa, 0xff, 0xf8, 0xfa, 0xfe, 0xf6, 0xf8, 0xfe, 0xf6, 0xf8, 0xfb, 0xf3, 0xf5, 0xfa, 0xf2, 0xf4,
0xfa, 0xf2, 0xf4, 0xf9, 0xf1, 0xf3, 0xf9, 0xf1, 0xf3, 0xf8, 0xf0, 0xf2, 0xf8, 0xf0, 0xf2, 0xf8, 0xf0, 0xf2, 0xf8, 0xf0, 0xf2, 0xf8, 0xf0, 0xf2,
0xf8, 0xf0, 0xf2, 0xf8, 0xf0, 0xf2, 0xf9, 0xf1, 0xf3, 0xf9, 0xf1, 0xf3, 0xf9, 0xf1, 0xf3, 0xf9, 0xf1, 0xf3, 0xf9, 0xf1, 0xf3, 0xf9, 0xf1, 0xf3,
0xf9, 0xf1, 0xf3, 0xf9, 0xf1, 0xf3, 0xf5, 0xed, 0xef, 0xf4, 0xec, 0xee, 0xf1, 0xe9, 0xeb, 0xf0, 0xe8, 0xea, 0xea, 0xe5, 0xe6, 0xea, 0xe5, 0xe6,
0x6f, 0x6c, 0x6d, 0x00, 0x00, 0x00, 0x06, 0x06, 0x06, 0x00, 0x00, 0x00, 0x00, 0x00, 0x00, 0x00, 0x00, 0x00, 0x00, 0x00, 0x00, 0x00, 0x00, 0x00,
0x00, 0x00, 0x00, 0x00, 0x00, 0x00, 0x01, 0x01, 0x01, 0x02, 0x02, 0x02, 0x00, 0x00, 0x00, 0x00, 0x00, 0x00, 0xb0, 0xb0, 0xb0, 0xff, 0xff, 0xff,
0xff, 0xff, 0xff, 0xff, 0xff, 0xff, 0xff, 0xff, 0xff, 0xff, 0xff, 0xff, 0xfb, 0xfb, 0xfb, 0xfa, 0xfa, 0xfa, 0xfa, 0xfa, 0xfa, 0xfa, 0xfa, 0xfa,
0xfa, 0xfa, 0xfa, 0xfa, 0xfa, 0xfa, 0xfa, 0xfa, 0xfa, 0xfa, 0xfa, 0xfa, 0xfa, 0xfa, 0xfa, 0xfa, 0xfa, 0xfa, 0xfa, 0xfa, 0xfa, 0xfa, 0xfa, 0xfa,
0xfa, 0xfa, 0xfa, 0xfa, 0xfa, 0xfa, 0xfa, 0xfa, 0xfa, 0xfa, 0xfa, 0xfa, 0xfa, 0xfa, 0xfa, 0xfa, 0xfa, 0xfa, 0xfb, 0xf8, 0xf9, 0xfb, 0xf8, 0xf9,
0xfc, 0xf7, 0xf8, 0xfa, 0xf5, 0xf6, 0xfb, 0xf3, 0xf5, 0xfb, 0xf3, 0xf5, 0xfb, 0xf3, 0xf5, 0xfb, 0xf3, 0xf5, 0xfa, 0xf2, 0xf4, 0xfa, 0xf2, 0xf4,
0xf8, 0xf0, 0xf2, 0xf8, 0xf0, 0xf2, 0xf7, 0xef, 0xf1, 0xf7, 0xef, 0xf1, 0xf7, 0xef, 0xf1, 0xf7, 0xef, 0xf1, 0xf7, 0xef, 0xf1, 0xf7, 0xef, 0xf1,
0xf7, 0xef, 0xf1, 0xf7, 0xef, 0xf1, 0xf7, 0xef, 0xf1, 0xf7, 0xef, 0xf1, 0xf7, 0xef, 0xf1, 0xf7, 0xef, 0xf1, 0xf7, 0xef, 0xf1, 0xf5, 0xed, 0xef,
0xf7, 0xef, 0xf1, 0xf7, 0xef, 0xf1, 0xf7, 0xef, 0xf1, 0xf7, 0xef, 0xf1, 0xf0, 0xe8, 0xea, 0xc0, 0xb8, 0xba, 0x0e, 0x09, 0x0a, 0x00, 0x00, 0x00,
0x02, 0x00, 0x00, 0x02, 0x00, 0x00, 0x00, 0x00, 0x00, 0x00, 0x00, 0x00, 0x00, 0x00, 0x00, 0x00, 0x00, 0x00, 0x00, 0x00, 0x00, 0x00, 0x00, 0x00,
0x08, 0x08, 0x08, 0x9f, 0x9f, 0x9f, 0xff, 0xff, 0xff, 0xea, 0xea, 0xea, 0xff, 0xff, 0xff, 0xff, 0xff, 0xff, 0xff, 0xff, 0xff, 0xfd, 0xfd, 0xfd,
0xfd, 0xfd, 0xfd, 0xfd, 0xfd, 0xfd, 0xfc, 0xfc, 0xfc, 0xfc, 0xfc, 0xfc, 0xfc, 0xfc, 0xfc, 0xfc, 0xfc, 0xfc, 0xfc, 0xfc, 0xfc, 0xfc, 0xfc, 0xfc,
0xfc, 0xfc, 0xfc, 0xfc, 0xfc, 0xfc, 0xfc, 0xfc, 0xfc, 0xfc, 0xfc, 0xfc, 0xfc, 0xfc, 0xfc, 0xfc, 0xfc, 0xfc, 0xfe, 0xfb, 0xfc, 0xfe, 0xfb, 0xfc,
0xff, 0xfb, 0xfc, 0xff, 0xfb, 0xfc, 0xff, 0xf8, 0xfa, 0xff, 0xf7, 0xf9, 0xfe, 0xf6, 0xf8, 0xfc, 0xf4, 0xf6, 0xfb, 0xf3, 0xf5, 0xfa, 0xf2, 0xf4,
0xf9, 0xf1, 0xf3, 0xf9, 0xf1, 0xf3, 0xf9, 0xf1, 0xf3, 0xf9, 0xf1, 0xf3, 0xf9, 0xf1, 0xf3, 0xf9, 0xf1, 0xf3, 0xf9, 0xf1, 0xf3, 0xf9, 0xf1, 0xf3,
0xf9, 0xf1, 0xf3, 0xf9, 0xf1, 0xf3, 0xf9, 0xf1, 0xf3, 0xf9, 0xf1, 0xf3, 0xf9, 0xf1, 0xf3, 0xf9, 0xf1, 0xf3, 0xf9, 0xf1, 0xf3, 0xf9, 0xf1, 0xf3,
0xf9, 0xf1, 0xf3, 0xf9, 0xf1, 0xf3, 0xf5, 0xed, 0xef, 0xf4, 0xec, 0xee, 0xf1, 0xe9, 0xeb, 0xf0, 0xe8, 0xea, 0xea, 0xe5, 0xe6, 0xea, 0xe5, 0xe6,
0xc3, 0xc0, 0xc1, 0x0f, 0x0c, 0x0d, 0x00, 0x00, 0x00, 0x04, 0x04, 0x04, 0x00, 0x00, 0x00, 0x00, 0x00, 0x00, 0x00, 0x00, 0x00, 0x00, 0x00, 0x00,
0x00, 0x00, 0x00, 0x00, 0x00, 0x00, 0x04, 0x04, 0x04, 0x00, 0x00, 0x00, 0x02, 0x02, 0x02, 0x53, 0x53, 0x53, 0xff, 0xff, 0xff, 0xff, 0xff, 0xff,
0xfd, 0xfd, 0xfd, 0xfd, 0xfd, 0xfd, 0xfd, 0xfd, 0xfd, 0xfd, 0xfd, 0xfd, 0xfb, 0xfb, 0xfb, 0xfb, 0xfb, 0xfb, 0xfa, 0xfa, 0xfa, 0xfa, 0xfa, 0xfa,
0xfa, 0xfa, 0xfa, 0xfa, 0xfa, 0xfa, 0xfa, 0xfa, 0xfa, 0xfa, 0xfa, 0xfa, 0xfa, 0xfa, 0xfa, 0xfa, 0xfa, 0xfa, 0xfa, 0xfa, 0xfa, 0xfa, 0xfa, 0xfa,
0xfa, 0xfa, 0xfa, 0xfa, 0xfa, 0xfa, 0xfa, 0xfa, 0xfa, 0xfa, 0xfa, 0xfa, 0xfa, 0xfa, 0xfa, 0xfa, 0xfa, 0xfa, 0xfb, 0xf8, 0xf9, 0xfb, 0xf8, 0xf9,
0xfc, 0xf7, 0xf8, 0xfa, 0xf5, 0xf6, 0xfb, 0xf3, 0xf5, 0xfb, 0xf3, 0xf5, 0xfb, 0xf3, 0xf5, 0xfb, 0xf3, 0xf5, 0xfa, 0xf2, 0xf4, 0xfa, 0xf2, 0xf4,
0xf8, 0xf0, 0xf2, 0xf8, 0xf0, 0xf2, 0xf7, 0xef, 0xf1, 0xf7, 0xef, 0xf1, 0xf7, 0xef, 0xf1, 0xf7, 0xef, 0xf1, 0xf7, 0xef, 0xf1, 0xf7, 0xef, 0xf1,
0xf7, 0xef, 0xf1, 0xf7, 0xef, 0xf1, 0xf7, 0xef, 0xf1, 0xf7, 0xef, 0xf1, 0xf7, 0xef, 0xf1, 0xf7, 0xef, 0xf1, 0xf7, 0xef, 0xf1, 0xf5, 0xed, 0xef,
0xf7, 0xef, 0xf1, 0xf7, 0xef, 0xf1, 0xf4, 0xec, 0xee, 0xf4, 0xec, 0xee, 0xd9, 0xd1, 0xd3, 0xff, 0xfb, 0xfd, 0x7f, 0x7a, 0x7b, 0x00, 0x00, 0x00,
0x02, 0x00, 0x00, 0x00, 0x00, 0x00, 0x00, 0x00, 0x00, 0x01, 0x01, 0x01, 0x00, 0x00, 0x00, 0x00, 0x00, 0x00, 0x00, 0x00, 0x00, 0x00, 0x00, 0x00,
0x59, 0x59, 0x59, 0xff, 0xff, 0xff, 0xff, 0xff, 0xff, 0xe5, 0xe5, 0xe5, 0xff, 0xff, 0xff, 0xff, 0xff, 0xff, 0xff, 0xff, 0xff, 0xfd, 0xfd, 0xfd,
0xfd, 0xfd, 0xfd, 0xfd, 0xfd, 0xfd, 0xfc, 0xfc, 0xfc, 0xfc, 0xfc, 0xfc, 0xfc, 0xfc, 0xfc, 0xfc, 0xfc, 0xfc, 0xfc, 0xfc, 0xfc, 0xfc, 0xfc, 0xfc,
0xfc, 0xfc, 0xfc, 0xfc, 0xfc, 0xfc, 0xfc, 0xfc, 0xfc, 0xfc, 0xfc, 0xfc, 0xfc, 0xfc, 0xfc, 0xfc, 0xfc, 0xfc, 0xfe, 0xfb, 0xfc, 0xfe, 0xfb, 0xfc,
0xff, 0xfb, 0xfc, 0xff, 0xfb, 0xfc, 0xff, 0xf8, 0xfa, 0xff, 0xf7, 0xf9, 0xfe, 0xf6, 0xf8, 0xfc, 0xf4, 0xf6, 0xfb, 0xf3, 0xf5, 0xfa, 0xf2, 0xf4,
0xfa, 0xf2, 0xf4, 0xf9, 0xf1, 0xf3, 0xf9, 0xf1, 0xf3, 0xf9, 0xf1, 0xf3, 0xf9, 0xf1, 0xf3, 0xf9, 0xf1, 0xf3, 0xf9, 0xf1, 0xf3, 0xf9, 0xf1, 0xf3,
0xf9, 0xf1, 0xf3, 0xf9, 0xf1, 0xf3, 0xf9, 0xf1, 0xf3, 0xf9, 0xf1, 0xf3, 0xf9, 0xf1, 0xf3, 0xf9, 0xf1, 0xf3, 0xf9, 0xf1, 0xf3, 0xf9, 0xf1, 0xf3,
0xf9, 0xf1, 0xf3, 0xf9, 0xf1, 0xf3, 0xf5, 0xed, 0xef, 0xf5, 0xed, 0xef, 0xf2, 0xea, 0xec, 0xf1, 0xe9, 0xeb, 0xeb, 0xe6, 0xe7, 0xeb, 0xe6, 0xe7,
0xff, 0xff, 0xff, 0x79, 0x76, 0x77, 0x00, 0x00, 0x00, 0x12, 0x12, 0x12, 0x00, 0x00, 0x00, 0x00, 0x00, 0x00, 0x00, 0x00, 0x00, 0x00, 0x00, 0x00,
0x00, 0x00, 0x00, 0x00, 0x00, 0x00, 0x06, 0x06, 0x06, 0x00, 0x00, 0x00, 0x19, 0x19, 0x19, 0xc8, 0xc8, 0xc8, 0xf6, 0xf6, 0xf6, 0xf4, 0xf4, 0xf4,
0xfa, 0xfa, 0xfa, 0xfb, 0xfb, 0xfb, 0xfb, 0xfb, 0xfb, 0xfc, 0xfc, 0xfc, 0xfc, 0xfc, 0xfc, 0xfb, 0xfb, 0xfb, 0xfa, 0xfa, 0xfa, 0xfa, 0xfa, 0xfa,
0xfa, 0xfa, 0xfa, 0xfa, 0xfa, 0xfa, 0xfa, 0xfa, 0xfa, 0xfa, 0xfa, 0xfa, 0xfa, 0xfa, 0xfa, 0xfa, 0xfa, 0xfa, 0xfa, 0xfa, 0xfa, 0xfa, 0xfa, 0xfa,
0xfa, 0xfa, 0xfa, 0xfa, 0xfa, 0xfa, 0xfa, 0xfa, 0xfa, 0xfa, 0xfa, 0xfa, 0xfa, 0xfa, 0xfa, 0xfa, 0xfa, 0xfa, 0xfb, 0xf8, 0xf9, 0xfb, 0xf8, 0xf9,
0xfc, 0xf7, 0xf8, 0xfa, 0xf5, 0xf6, 0xfb, 0xf3, 0xf5, 0xfb, 0xf3, 0xf5, 0xfb, 0xf3, 0xf5, 0xfb, 0xf3, 0xf5, 0xfa, 0xf2, 0xf4, 0xfa, 0xf2, 0xf4,
0xf8, 0xf0, 0xf2, 0xf8, 0xf0, 0xf2, 0xf7, 0xef, 0xf1, 0xf7, 0xef, 0xf1, 0xf7, 0xef, 0xf1, 0xf7, 0xef, 0xf1, 0xf7, 0xef, 0xf1, 0xf7, 0xef, 0xf1,
0xf7, 0xef, 0xf1, 0xf7, 0xef, 0xf1, 0xf7, 0xef, 0xf1, 0xf7, 0xef, 0xf1, 0xf7, 0xef, 0xf1, 0xf7, 0xef, 0xf1, 0xf7, 0xef, 0xf1, 0xf7, 0xef, 0xf1,
0xf7, 0xef, 0xf1, 0xf7, 0xef, 0xf1, 0xf3, 0xeb, 0xed, 0xf2, 0xea, 0xec, 0xeb, 0xe3, 0xe5, 0xe0, 0xd8, 0xda, 0xd9, 0xd4, 0xd5, 0x41, 0x3c, 0x3d,
0x02, 0x00, 0x00, 0x00, 0x00, 0x00, 0x00, 0x00, 0x00, 0x02, 0x02, 0x02, 0x00, 0x00, 0x00, 0x00, 0x00, 0x00, 0x01, 0x01, 0x01, 0x00, 0x00, 0x00,
0xaf, 0xaf, 0xaf, 0xff, 0xff, 0xff, 0xf9, 0xf9, 0xf9, 0xff, 0xff, 0xff, 0xff, 0xff, 0xff, 0xff, 0xff, 0xff, 0xff, 0xff, 0xff, 0xfd, 0xfd, 0xfd,
0xfd, 0xfd, 0xfd, 0xfd, 0xfd, 0xfd, 0xfc, 0xfc, 0xfc, 0xfc, 0xfc, 0xfc, 0xfc, 0xfc, 0xfc, 0xfc, 0xfc, 0xfc, 0xfc, 0xfc, 0xfc, 0xfc, 0xfc, 0xfc,
0xfc, 0xfc, 0xfc, 0xfc, 0xfc, 0xfc, 0xfc, 0xfc, 0xfc, 0xfc, 0xfc, 0xfc, 0xfc, 0xfc, 0xfc, 0xfc, 0xfc, 0xfc, 0xfe, 0xfb, 0xfc, 0xfe, 0xfb, 0xfc,
0xff, 0xfb, 0xfc, 0xff, 0xfb, 0xfc, 0xff, 0xf8, 0xfa, 0xff, 0xf8, 0xfa, 0xfe, 0xf6, 0xf8, 0xfc, 0xf4, 0xf6, 0xfb, 0xf3, 0xf5, 0xfa, 0xf2, 0xf4,
0xfa, 0xf2, 0xf4, 0xfa, 0xf2, 0xf4, 0xfa, 0xf2, 0xf4, 0xfa, 0xf2, 0xf4, 0xf9, 0xf1, 0xf3, 0xf9, 0xf1, 0xf3, 0xf9, 0xf1, 0xf3, 0xf9, 0xf1, 0xf3,
0xf9, 0xf1, 0xf3, 0xf9, 0xf1, 0xf3, 0xf9, 0xf1, 0xf3, 0xf9, 0xf1, 0xf3, 0xf9, 0xf1, 0xf3, 0xf9, 0xf1, 0xf3, 0xf9, 0xf1, 0xf3, 0xf9, 0xf1, 0xf3,
0xf9, 0xf1, 0xf3, 0xf9, 0xf1, 0xf3, 0xf7, 0xef, 0xf1, 0xf5, 0xed, 0xef, 0xf3, 0xeb, 0xed, 0xf2, 0xea, 0xec, 0xef, 0xea, 0xeb, 0xf0, 0xeb, 0xec,
0xf1, 0xee, 0xef, 0xf6, 0xf3, 0xf4, 0x4a, 0x4a, 0x4a, 0x00, 0x00, 0x00, 0x00, 0x00, 0x00, 0x00, 0x00, 0x00, 0x00, 0x00, 0x00, 0x00, 0x00, 0x00,
0x00, 0x00, 0x00, 0x00, 0x00, 0x00, 0x08, 0x08, 0x08, 0x05, 0x05, 0x05, 0xa8, 0xa8, 0xa8, 0xe8, 0xe8, 0xe8, 0xf3, 0xf3, 0xf3, 0xfa, 0xfa, 0xfa,
0xfa, 0xfa, 0xfa, 0xfb, 0xfb, 0xfb, 0xfc, 0xfc, 0xfc, 0xfd, 0xfd, 0xfd, 0xfc, 0xfc, 0xfc, 0xfc, 0xfc, 0xfc, 0xfc, 0xfc, 0xfc, 0xfb, 0xfb, 0xfb,
0xfb, 0xfb, 0xfb, 0xfb, 0xfb, 0xfb, 0xfa, 0xfa, 0xfa, 0xfa, 0xfa, 0xfa, 0xfa, 0xfa, 0xfa, 0xfa, 0xfa, 0xfa, 0xfa, 0xfa, 0xfa, 0xfa, 0xfa, 0xfa,
0xfa, 0xfa, 0xfa, 0xfa, 0xfa, 0xfa, 0xfa, 0xfa, 0xfa, 0xfa, 0xfa, 0xfa, 0xfa, 0xfa, 0xfa, 0xfa, 0xfa, 0xfa, 0xfb, 0xf8, 0xf9, 0xfb, 0xf8, 0xf9,
0xfc, 0xf7, 0xf8, 0xfa, 0xf5, 0xf6, 0xfb, 0xf3, 0xf5, 0xfb, 0xf3, 0xf5, 0xfb, 0xf3, 0xf5, 0xfb, 0xf3, 0xf5, 0xfa, 0xf2, 0xf4, 0xfa, 0xf2, 0xf4,
0xf8, 0xf0, 0xf2, 0xf8, 0xf0, 0xf2, 0xf7, 0xef, 0xf1, 0xf7, 0xef, 0xf1, 0xf7, 0xef, 0xf1, 0xf7, 0xef, 0xf1, 0xf7, 0xef, 0xf1, 0xf7, 0xef, 0xf1,
0xf7, 0xef, 0xf1, 0xf7, 0xef, 0xf1, 0xf7, 0xef, 0xf1, 0xf7, 0xef, 0xf1, 0xf7, 0xef, 0xf1, 0xf7, 0xef, 0xf1, 0xf7, 0xef, 0xf1, 0xf7, 0xef, 0xf1,
0xf7, 0xef, 0xf1, 0xf7, 0xef, 0xf1, 0xf1, 0xe9, 0xeb, 0xf1, 0xe9, 0xeb, 0xec, 0xe4, 0xe6, 0xea, 0xe2, 0xe4, 0xe4, 0xdf, 0xe0, 0xe4, 0xdf, 0xe0,
0x00, 0x00, 0x00, 0x00, 0x00, 0x00, 0x00, 0x00, 0x00, 0x02, 0x02, 0x02, 0x1a, 0x1a, 0x1a, 0x00, 0x00, 0x00, 0x03, 0x03, 0x03, 0x5e, 0x5e, 0x5e,
0xe3, 0xe3, 0xe3, 0xff, 0xff, 0xff, 0xff, 0xff, 0xff, 0xff, 0xff, 0xff, 0xff, 0xff, 0xff, 0xff, 0xff, 0xff, 0xff, 0xff, 0xff, 0xff, 0xff, 0xff,
0xfd, 0xfd, 0xfd, 0xfd, 0xfd, 0xfd, 0xfc, 0xfc, 0xfc, 0xfc, 0xfc, 0xfc, 0xfc, 0xfc, 0xfc, 0xfc, 0xfc, 0xfc, 0xfc, 0xfc, 0xfc, 0xfc, 0xfc, 0xfc,
0xfc, 0xfc, 0xfc, 0xfc, 0xfc, 0xfc, 0xfc, 0xfc, 0xfc, 0xfc, 0xfc, 0xfc, 0xfc, 0xfc, 0xfc, 0xfc, 0xfc, 0xfc, 0xfe, 0xfb, 0xfc, 0xfe, 0xfb, 0xfc,
0xff, 0xfb, 0xfc, 0xff, 0xfb, 0xfc, 0xff, 0xf9, 0xfb, 0xff, 0xf8, 0xfa, 0xfe, 0xf6, 0xf8, 0xfe, 0xf6, 0xf8, 0xfc, 0xf4, 0xf6, 0xfb, 0xf3, 0xf5,
0xfb, 0xf3, 0xf5, 0xfa, 0xf2, 0xf4, 0xfa, 0xf2, 0xf4, 0xfa, 0xf2, 0xf4, 0xfa, 0xf2, 0xf4, 0xfa, 0xf2, 0xf4, 0xfa, 0xf2, 0xf4, 0xfa, 0xf2, 0xf4,
0xfa, 0xf2, 0xf4, 0xfa, 0xf2, 0xf4, 0xfa, 0xf2, 0xf4, 0xfa, 0xf2, 0xf4, 0xfa, 0xf2, 0xf4, 0xfa, 0xf2, 0xf4, 0xfa, 0xf2, 0xf4, 0xfa, 0xf2, 0xf4,
0xfa, 0xf2, 0xf4, 0xfa, 0xf2, 0xf4, 0xf7, 0xef, 0xf1, 0xf7, 0xef, 0xf1, 0xf3, 0xeb, 0xed, 0xf2, 0xea, 0xec, 0xef, 0xea, 0xeb, 0xef, 0xea, 0xeb,
0xe6, 0xe3, 0xe4, 0xff, 0xff, 0xff, 0xc5, 0xc5, 0xc5, 0x00, 0x00, 0x00, 0x00, 0x00, 0x00, 0x00, 0x00, 0x00, 0x00, 0x00, 0x00, 0x00, 0x00, 0x00,
0x00, 0x00, 0x00, 0x00, 0x00, 0x00, 0x06, 0x06, 0x06, 0x32, 0x32, 0x32, 0xe8, 0xe8, 0xe8, 0xf3, 0xf3, 0xf3, 0xfa, 0xfa, 0xfa, 0xff, 0xff, 0xff,
0xfd, 0xfd, 0xfd, 0xfd, 0xfd, 0xfd, 0xff, 0xff, 0xff, 0xff, 0xff, 0xff, 0xff, 0xff, 0xff, 0xfd, 0xfd, 0xfd, 0xfd, 0xfd, 0xfd, 0xfc, 0xfc, 0xfc,
0xfb, 0xfb, 0xfb, 0xfb, 0xfb, 0xfb, 0xfa, 0xfa, 0xfa, 0xfa, 0xfa, 0xfa, 0xfa, 0xfa, 0xfa, 0xfa, 0xfa, 0xfa, 0xfa, 0xfa, 0xfa, 0xfa, 0xfa, 0xfa,
0xfa, 0xfa, 0xfa, 0xfa, 0xfa, 0xfa, 0xfa, 0xfa, 0xfa, 0xfa, 0xfa, 0xfa, 0xfa, 0xfa, 0xfa, 0xfa, 0xfa, 0xfa, 0xfb, 0xf8, 0xf9, 0xfb, 0xf8, 0xf9,
0xfc, 0xf7, 0xf8, 0xfa, 0xf5, 0xf6, 0xfb, 0xf3, 0xf5, 0xfb, 0xf3, 0xf5, 0xfb, 0xf3, 0xf5, 0xfb, 0xf3, 0xf5, 0xfa, 0xf2, 0xf4, 0xfa, 0xf2, 0xf4,
0xf8, 0xf0, 0xf2, 0xf8, 0xf0, 0xf2, 0xf7, 0xef, 0xf1, 0xf7, 0xef, 0xf1, 0xf7, 0xef, 0xf1, 0xf7, 0xef, 0xf1, 0xf7, 0xef, 0xf1, 0xf7, 0xef, 0xf1,
0xf7, 0xef, 0xf1, 0xf7, 0xef, 0xf1, 0xf7, 0xef, 0xf1, 0xf7, 0xef, 0xf1, 0xf7, 0xef, 0xf1, 0xf7, 0xef, 0xf1, 0xf7, 0xef, 0xf1, 0xf7, 0xef, 0xf1,
0xf7, 0xef, 0xf1, 0xf7, 0xef, 0xf1, 0xf2, 0xea, 0xec, 0xf1, 0xe9, 0xeb, 0xec, 0xe4, 0xe6, 0xea, 0xe2, 0xe4, 0xe4, 0xdf, 0xe0, 0xe4, 0xdf, 0xe0,
0x34, 0x31, 0x32, 0x00, 0x00, 0x00, 0x00, 0x00, 0x00, 0x02, 0x02, 0x02, 0x06, 0x06, 0x06, 0x05, 0x05, 0x05, 0x06, 0x06, 0x06, 0xb7, 0xb7, 0xb7,
0xf5, 0xf5, 0xf5, 0xff, 0xff, 0xff, 0xff, 0xff, 0xff, 0xff, 0xff, 0xff, 0xff, 0xff, 0xff, 0xff, 0xff, 0xff, 0xff, 0xff, 0xff, 0xff, 0xff, 0xff,
0xfd, 0xfd, 0xfd, 0xfd, 0xfd, 0xfd, 0xfc, 0xfc, 0xfc, 0xfc, 0xfc, 0xfc, 0xfc, 0xfc, 0xfc, 0xfc, 0xfc, 0xfc, 0xfc, 0xfc, 0xfc, 0xfc, 0xfc, 0xfc,
0xfc, 0xfc, 0xfc, 0xfc, 0xfc, 0xfc, 0xfc, 0xfc, 0xfc, 0xfc, 0xfc, 0xfc, 0xfc, 0xfc, 0xfc, 0xfc, 0xfc, 0xfc, 0xfe, 0xfb, 0xfc, 0xfe, 0xfb, 0xfc,
0xff, 0xfb, 0xfc, 0xff, 0xfb, 0xfc, 0xff, 0xf9, 0xfb, 0xff, 0xf8, 0xfa, 0xfe, 0xf6, 0xf8, 0xfe, 0xf6, 0xf8, 0xfc, 0xf4, 0xf6, 0xfb, 0xf3, 0xf5,
0xfb, 0xf3, 0xf5, 0xfa, 0xf2, 0xf4, 0xfa, 0xf2, 0xf4, 0xfa, 0xf2, 0xf4, 0xfa, 0xf2, 0xf4, 0xfa, 0xf2, 0xf4, 0xfa, 0xf2, 0xf4, 0xfa, 0xf2, 0xf4,
0xfa, 0xf2, 0xf4, 0xfa, 0xf2, 0xf4, 0xfa, 0xf2, 0xf4, 0xfa, 0xf2, 0xf4, 0xfa, 0xf2, 0xf4, 0xfa, 0xf2, 0xf4, 0xfa, 0xf2, 0xf4, 0xfa, 0xf2, 0xf4,
0xfa, 0xf2, 0xf4, 0xfa, 0xf2, 0xf4, 0xf7, 0xef, 0xf1, 0xf7, 0xef, 0xf1, 0xf4, 0xec, 0xee, 0xf3, 0xeb, 0xed, 0xef, 0xea, 0xeb, 0xef, 0xea, 0xeb,
0xe6, 0xe3, 0xe4, 0xff, 0xff, 0xff, 0xe7, 0xe7, 0xe7, 0x7b, 0x7b, 0x7b, 0x00, 0x00, 0x00, 0x00, 0x00, 0x00, 0x00, 0x00, 0x00, 0x00, 0x00, 0x00,
0x00, 0x00, 0x00, 0x06, 0x06, 0x06, 0x00, 0x00, 0x00, 0x8c, 0x8c, 0x8c, 0xf3, 0xf3, 0xf3, 0xfa, 0xfa, 0xfa, 0xfd, 0xfd, 0xfd, 0xff, 0xff, 0xff,
0xff, 0xff, 0xff, 0xff, 0xff, 0xff, 0xff, 0xff, 0xff, 0xff, 0xff, 0xff, 0xff, 0xff, 0xff, 0xff, 0xff, 0xff, 0xfd, 0xfd, 0xfd, 0xfd, 0xfd, 0xfd,
0xfb, 0xfb, 0xfb, 0xfb, 0xfb, 0xfb, 0xfa, 0xfa, 0xfa, 0xfa, 0xfa, 0xfa, 0xfa, 0xfa, 0xfa, 0xfa, 0xfa, 0xfa, 0xfa, 0xfa, 0xfa, 0xfa, 0xfa, 0xfa,
0xfa, 0xfa, 0xfa, 0xfa, 0xfa, 0xfa, 0xfa, 0xfa, 0xfa, 0xfa, 0xfa, 0xfa, 0xfa, 0xfa, 0xfa, 0xfa, 0xfa, 0xfa, 0xfb, 0xf8, 0xf9, 0xfb, 0xf8, 0xf9,
0xfc, 0xf7, 0xf8, 0xfa, 0xf5, 0xf6, 0xfb, 0xf3, 0xf5, 0xfb, 0xf3, 0xf5, 0xfb, 0xf3, 0xf5, 0xfb, 0xf3, 0xf5, 0xfa, 0xf2, 0xf4, 0xfa, 0xf2, 0xf4,
0xf8, 0xf0, 0xf2, 0xf8, 0xf0, 0xf2, 0xf7, 0xef, 0xf1, 0xf7, 0xef, 0xf1, 0xf7, 0xef, 0xf1, 0xf7, 0xef, 0xf1, 0xf7, 0xef, 0xf1, 0xf7, 0xef, 0xf1,
0xf7, 0xef, 0xf1, 0xf7, 0xef, 0xf1, 0xf7, 0xef, 0xf1, 0xf7, 0xef, 0xf1, 0xf7, 0xef, 0xf1, 0xf7, 0xef, 0xf1, 0xf7, 0xef, 0xf1, 0xf7, 0xef, 0xf1,
0xf7, 0xef, 0xf1, 0xf7, 0xef, 0xf1, 0xf2, 0xea, 0xec, 0xf1, 0xe9, 0xeb, 0xed, 0xe5, 0xe7, 0xeb, 0xe3, 0xe5, 0xe7, 0xe2, 0xe3, 0xe7, 0xe2, 0xe3,
0x94, 0x91, 0x92, 0x06, 0x03, 0x04, 0x01, 0x01, 0x01, 0x00, 0x00, 0x00, 0x06, 0x06, 0x06, 0x04, 0x04, 0x04, 0x33, 0x33, 0x33, 0xfd, 0xfd, 0xfd,
0xff, 0xff, 0xff, 0xff, 0xff, 0xff, 0xff, 0xff, 0xff, 0xff, 0xff, 0xff, 0xff, 0xff, 0xff, 0xff, 0xff, 0xff, 0xff, 0xff, 0xff, 0xff, 0xff, 0xff,
0xfd, 0xfd, 0xfd, 0xfd, 0xfd, 0xfd, 0xfc, 0xfc, 0xfc, 0xfc, 0xfc, 0xfc, 0xfc, 0xfc, 0xfc, 0xfc, 0xfc, 0xfc, 0xfc, 0xfc, 0xfc, 0xfc, 0xfc, 0xfc,
0xfc, 0xfc, 0xfc, 0xfc, 0xfc, 0xfc, 0xfc, 0xfc, 0xfc, 0xfc, 0xfc, 0xfc, 0xfc, 0xfc, 0xfc, 0xfc, 0xfc, 0xfc, 0xfe, 0xfb, 0xfc, 0xfe, 0xfb, 0xfc,
0xff, 0xfb, 0xfc, 0xff, 0xfb, 0xfc, 0xff, 0xf9, 0xfb, 0xff, 0xf8, 0xfa, 0xff, 0xf7, 0xf9, 0xff, 0xf7, 0xf9, 0xfe, 0xf6, 0xf8, 0xfc, 0xf4, 0xf6,
0xfc, 0xf4, 0xf6, 0xfb, 0xf3, 0xf5, 0xfb, 0xf3, 0xf5, 0xfb, 0xf3, 0xf5, 0xfa, 0xf2, 0xf4, 0xfa, 0xf2, 0xf4, 0xfa, 0xf2, 0xf4, 0xfa, 0xf2, 0xf4,
0xfa, 0xf2, 0xf4, 0xfa, 0xf2, 0xf4, 0xfa, 0xf2, 0xf4, 0xfa, 0xf2, 0xf4, 0xfa, 0xf2, 0xf4, 0xfa, 0xf2, 0xf4, 0xfa, 0xf2, 0xf4, 0xfa, 0xf2, 0xf4,
0xfa, 0xf2, 0xf4, 0xfa, 0xf2, 0xf4, 0xf8, 0xf0, 0xf2, 0xf8, 0xf0, 0xf2, 0xf5, 0xed, 0xef, 0xf2, 0xea, 0xec, 0xee, 0xe9, 0xea, 0xec, 0xe7, 0xe8,
0xe7, 0xe4, 0xe5, 0xe6, 0xe3, 0xe4, 0xe4, 0xe4, 0xe4, 0xd1, 0xd1, 0xd1, 0x00, 0x00, 0x00, 0x00, 0x00, 0x00, 0x00, 0x00, 0x00, 0x00, 0x00, 0x00,
0x00, 0x00, 0x00, 0x0f, 0x0f, 0x0f, 0x00, 0x00, 0x00, 0xba, 0xba, 0xba, 0xfa, 0xfa, 0xfa, 0xff, 0xff, 0xff, 0xff, 0xff, 0xff, 0xff, 0xff, 0xff,
0xff, 0xff, 0xff, 0xff, 0xff, 0xff, 0xff, 0xff, 0xff, 0xff, 0xff, 0xff, 0xff, 0xff, 0xff, 0xff, 0xff, 0xff, 0xff, 0xff, 0xff, 0xff, 0xff, 0xff,
0xfc, 0xfc, 0xfc, 0xfc, 0xfc, 0xfc, 0xfb, 0xfb, 0xfb, 0xfa, 0xfa, 0xfa, 0xfa, 0xfa, 0xfa, 0xfa, 0xfa, 0xfa, 0xfa, 0xfa, 0xfa, 0xfa, 0xfa, 0xfa,
0xfa, 0xfa, 0xfa, 0xfa, 0xfa, 0xfa, 0xfa, 0xfa, 0xfa, 0xfa, 0xfa, 0xfa, 0xfa, 0xfa, 0xfa, 0xfa, 0xfa, 0xfa, 0xfb, 0xf8, 0xf9, 0xfb, 0xf8, 0xf9,
0xfc, 0xf7, 0xf8, 0xfa, 0xf5, 0xf6, 0xfb, 0xf3, 0xf5, 0xfb, 0xf3, 0xf5, 0xfb, 0xf3, 0xf5, 0xfb, 0xf3, 0xf5, 0xfa, 0xf2, 0xf4, 0xfa, 0xf2, 0xf4,
0xf8, 0xf0, 0xf2, 0xf8, 0xf0, 0xf2, 0xf7, 0xef, 0xf1, 0xf7, 0xef, 0xf1, 0xf7, 0xef, 0xf1, 0xf7, 0xef, 0xf1, 0xf7, 0xef, 0xf1, 0xf7, 0xef, 0xf1,
0xf7, 0xef, 0xf1, 0xf7, 0xef, 0xf1, 0xf7, 0xef, 0xf1, 0xf7, 0xef, 0xf1, 0xf7, 0xef, 0xf1, 0xf7, 0xef, 0xf1, 0xf7, 0xef, 0xf1, 0xf7, 0xef, 0xf1,
0xf7, 0xef, 0xf1, 0xf7, 0xef, 0xf1, 0xf3, 0xeb, 0xed, 0xf2, 0xea, 0xec, 0xee, 0xe6, 0xe8, 0xec, 0xe4, 0xe6, 0xe8, 0xe3, 0xe4, 0xe8, 0xe3, 0xe4,
0xbd, 0xba, 0xbb, 0x3e, 0x3b, 0x3c, 0x09, 0x09, 0x09, 0x00, 0x00, 0x00, 0x1a, 0x1a, 0x1a, 0x06, 0x06, 0x06, 0xa1, 0xa1, 0xa1, 0xf4, 0xf4, 0xf4,
0xff, 0xff, 0xff, 0xff, 0xff, 0xff, 0xff, 0xff, 0xff, 0xff, 0xff, 0xff, 0xff, 0xff, 0xff, 0xff, 0xff, 0xff, 0xff, 0xff, 0xff, 0xff, 0xff, 0xff,
0xfd, 0xfd, 0xfd, 0xfd, 0xfd, 0xfd, 0xfc, 0xfc, 0xfc, 0xfc, 0xfc, 0xfc, 0xfc, 0xfc, 0xfc, 0xfc, 0xfc, 0xfc, 0xfc, 0xfc, 0xfc, 0xfc, 0xfc, 0xfc,
0xfc, 0xfc, 0xfc, 0xfc, 0xfc, 0xfc, 0xfc, 0xfc, 0xfc, 0xfc, 0xfc, 0xfc, 0xfc, 0xfc, 0xfc, 0xfc, 0xfc, 0xfc, 0xfe, 0xfb, 0xfc, 0xfe, 0xfb, 0xfc,
0xff, 0xfb, 0xfc, 0xff, 0xfb, 0xfc, 0xff, 0xf9, 0xfb, 0xff, 0xf9, 0xfb, 0xff, 0xf8, 0xfa, 0xff, 0xf7, 0xf9, 0xfe, 0xf6, 0xf8, 0xfe, 0xf6, 0xf8,
0xfe, 0xf6, 0xf8, 0xfc, 0xf4, 0xf6, 0xfc, 0xf4, 0xf6, 0xfc, 0xf4, 0xf6, 0xfb, 0xf3, 0xf5, 0xfb, 0xf3, 0xf5, 0xfb, 0xf3, 0xf5, 0xfb, 0xf3, 0xf5,
0xfa, 0xf2, 0xf4, 0xfa, 0xf2, 0xf4, 0xfa, 0xf2, 0xf4, 0xfa, 0xf2, 0xf4, 0xfa, 0xf2, 0xf4, 0xfa, 0xf2, 0xf4, 0xfa, 0xf2, 0xf4, 0xfa, 0xf2, 0xf4,
0xfa, 0xf2, 0xf4, 0xfa, 0xf2, 0xf4, 0xf9, 0xf1, 0xf3, 0xf9, 0xf1, 0xf3, 0xf7, 0xef, 0xf1, 0xf4, 0xec, 0xee, 0xef, 0xea, 0xeb, 0xeb, 0xe6, 0xe7,
0xe7, 0xe4, 0xe5, 0xe6, 0xe3, 0xe4, 0xe3, 0xe3, 0xe3, 0xe4, 0xe4, 0xe4, 0x00, 0x00, 0x00, 0x00, 0x00, 0x00, 0x01, 0x01, 0x01, 0x00, 0x00, 0x00,
0x00, 0x00, 0x00, 0x00, 0x00, 0x00, 0x9c, 0x9c, 0x9c, 0xff, 0xff, 0xff, 0xfc, 0xfc, 0xfc, 0xff, 0xff, 0xff, 0xff, 0xff, 0xff, 0xff, 0xff, 0xff,
0xff, 0xff, 0xff, 0xff, 0xff, 0xff, 0xff, 0xff, 0xff, 0xff, 0xff, 0xff, 0xff, 0xff, 0xff, 0xff, 0xff, 0xff, 0xff, 0xff, 0xff, 0xff, 0xff, 0xff,
0xfc, 0xfc, 0xfc, 0xfc, 0xfc, 0xfc, 0xfb, 0xfb, 0xfb, 0xfa, 0xfa, 0xfa, 0xfa, 0xfa, 0xfa, 0xfa, 0xfa, 0xfa, 0xfa, 0xfa, 0xfa, 0xfa, 0xfa, 0xfa,
0xfa, 0xfa, 0xfa, 0xfa, 0xfa, 0xfa, 0xfa, 0xfa, 0xfa, 0xfa, 0xfa, 0xfa, 0xfa, 0xfa, 0xfa, 0xfa, 0xfa, 0xfa, 0xfb, 0xf8, 0xf9, 0xfb, 0xf8, 0xf9,
0xfc, 0xf7, 0xf8, 0xfa, 0xf5, 0xf6, 0xfb, 0xf3, 0xf5, 0xfb, 0xf3, 0xf5, 0xfb, 0xf3, 0xf5, 0xfb, 0xf3, 0xf5, 0xfa, 0xf2, 0xf4, 0xfa, 0xf2, 0xf4,
0xf8, 0xf0, 0xf2, 0xf8, 0xf0, 0xf2, 0xf7, 0xef, 0xf1, 0xf7, 0xef, 0xf1, 0xf7, 0xef, 0xf1, 0xf7, 0xef, 0xf1, 0xf7, 0xef, 0xf1, 0xf7, 0xef, 0xf1,
0xf7, 0xef, 0xf1, 0xf7, 0xef, 0xf1, 0xf7, 0xef, 0xf1, 0xf7, 0xef, 0xf1, 0xf7, 0xef, 0xf1, 0xf7, 0xef, 0xf1, 0xf7, 0xef, 0xf1, 0xf7, 0xef, 0xf1,
0xf7, 0xef, 0xf1, 0xf7, 0xef, 0xf1, 0xf3, 0xeb, 0xed, 0xf2, 0xea, 0xec, 0xf0, 0xe8, 0xea, 0xee, 0xe6, 0xe8, 0xe9, 0xe4, 0xe5, 0xe9, 0xe4, 0xe5,
0xf4, 0xf1, 0xf2, 0x83, 0x80, 0x81, 0x00, 0x00, 0x00, 0x00, 0x00, 0x00, 0x00, 0x00, 0x00, 0x2f, 0x2f, 0x2f, 0xf4, 0xf4, 0xf4, 0xea, 0xea, 0xea,
0xff, 0xff, 0xff, 0xff, 0xff, 0xff, 0xff, 0xff, 0xff, 0xff, 0xff, 0xff, 0xff, 0xff, 0xff, 0xff, 0xff, 0xff, 0xff, 0xff, 0xff, 0xff, 0xff, 0xff,
0xfd, 0xfd, 0xfd, 0xfd, 0xfd, 0xfd, 0xfc, 0xfc, 0xfc, 0xfc, 0xfc, 0xfc, 0xfc, 0xfc, 0xfc, 0xfc, 0xfc, 0xfc, 0xfc, 0xfc, 0xfc, 0xfc, 0xfc, 0xfc,
0xfc, 0xfc, 0xfc, 0xfc, 0xfc, 0xfc, 0xfc, 0xfc, 0xfc, 0xfc, 0xfc, 0xfc, 0xfc, 0xfc, 0xfc, 0xfc, 0xfc, 0xfc, 0xfe, 0xfb, 0xfc, 0xfe, 0xfb, 0xfc,
0xff, 0xfb, 0xfc, 0xff, 0xfb, 0xfc, 0xff, 0xf9, 0xfb, 0xff, 0xf9, 0xfb, 0xff, 0xf8, 0xfa, 0xff, 0xf8, 0xfa, 0xff, 0xf7, 0xf9, 0xfe, 0xf6, 0xf8,
0xfe, 0xf6, 0xf8, 0xfc, 0xf4, 0xf6, 0xfc, 0xf4, 0xf6, 0xfc, 0xf4, 0xf6, 0xfb, 0xf3, 0xf5, 0xfb, 0xf3, 0xf5, 0xfb, 0xf3, 0xf5, 0xfb, 0xf3, 0xf5,
0xfb, 0xf3, 0xf5, 0xfb, 0xf3, 0xf5, 0xfb, 0xf3, 0xf5, 0xfb, 0xf3, 0xf5, 0xfb, 0xf3, 0xf5, 0xfb, 0xf3, 0xf5, 0xfb, 0xf3, 0xf5, 0xfb, 0xf3, 0xf5,
0xfb, 0xf3, 0xf5, 0xfb, 0xf3, 0xf5, 0xf9, 0xf1, 0xf3, 0xf9, 0xf1, 0xf3, 0xf8, 0xf0, 0xf2, 0xf5, 0xed, 0xef, 0xf2, 0xed, 0xee, 0xf1, 0xec, 0xed,
0xe9, 0xe6, 0xe7, 0xe7, 0xe4, 0xe5, 0xe5, 0xe5, 0xe5, 0xe7, 0xe7, 0xe7, 0xa5, 0xa5, 0xa5, 0x00, 0x00, 0x00, 0x00, 0x00, 0x00, 0x00, 0x00, 0x00,
0x00, 0x00, 0x00, 0x00, 0x00, 0x00, 0xb3, 0xb3, 0xb3, 0xff, 0xff, 0xff, 0xfb, 0xfb, 0xfb, 0xff, 0xff, 0xff, 0xff, 0xff, 0xff, 0xff, 0xff, 0xff,
0xff, 0xff, 0xff, 0xff, 0xff, 0xff, 0xff, 0xff, 0xff, 0xff, 0xff, 0xff, 0xff, 0xff, 0xff, 0xff, 0xff, 0xff, 0xff, 0xff, 0xff, 0xff, 0xff, 0xff,
0xfc, 0xfc, 0xfc, 0xfc, 0xfc, 0xfc, 0xfb, 0xfb, 0xfb, 0xfa, 0xfa, 0xfa, 0xfa, 0xfa, 0xfa, 0xfa, 0xfa, 0xfa, 0xfa, 0xfa, 0xfa, 0xfa, 0xfa, 0xfa,
0xfa, 0xfa, 0xfa, 0xfa, 0xfa, 0xfa, 0xfa, 0xfa, 0xfa, 0xfa, 0xfa, 0xfa, 0xfa, 0xfa, 0xfa, 0xfa, 0xfa, 0xfa, 0xfb, 0xf8, 0xf9, 0xfb, 0xf8, 0xf9,
0xfc, 0xf7, 0xf8, 0xfa, 0xf5, 0xf6, 0xfb, 0xf3, 0xf5, 0xfb, 0xf3, 0xf5, 0xfb, 0xf3, 0xf5, 0xfb, 0xf3, 0xf5, 0xfa, 0xf2, 0xf4, 0xfa, 0xf2, 0xf4,
0xf8, 0xf0, 0xf2, 0xf8, 0xf0, 0xf2, 0xf7, 0xef, 0xf1, 0xf7, 0xef, 0xf1, 0xf7, 0xef, 0xf1, 0xf7, 0xef, 0xf1, 0xf7, 0xef, 0xf1, 0xf7, 0xef, 0xf1,
0xf7, 0xef, 0xf1, 0xf7, 0xef, 0xf1, 0xf7, 0xef, 0xf1, 0xf7, 0xef, 0xf1, 0xf7, 0xef, 0xf1, 0xf7, 0xef, 0xf1, 0xf7, 0xef, 0xf1, 0xf7, 0xef, 0xf1,
0xf7, 0xef, 0xf1, 0xf7, 0xef, 0xf1, 0xf3, 0xeb, 0xed, 0xf2, 0xea, 0xec, 0xf1, 0xe9, 0xeb, 0xf0, 0xe8, 0xea, 0xeb, 0xe6, 0xe7, 0xeb, 0xe6, 0xe7,
0xf5, 0xf2, 0xf3, 0xb6, 0xb3, 0xb4, 0x0a, 0x0a, 0x0a, 0x00, 0x00, 0x00, 0x04, 0x04, 0x04, 0x7a, 0x7a, 0x7a, 0xfd, 0xfd, 0xfd, 0xe8, 0xe8, 0xe8,
0xff, 0xff, 0xff, 0xff, 0xff, 0xff, 0xff, 0xff, 0xff, 0xff, 0xff, 0xff, 0xff, 0xff, 0xff, 0xff, 0xff, 0xff, 0xff, 0xff, 0xff, 0xff, 0xff, 0xff,
0xfd, 0xfd, 0xfd, 0xfd, 0xfd, 0xfd, 0xfc, 0xfc, 0xfc, 0xfc, 0xfc, 0xfc, 0xfc, 0xfc, 0xfc, 0xfc, 0xfc, 0xfc, 0xfc, 0xfc, 0xfc, 0xfc, 0xfc, 0xfc,
0xfc, 0xfc, 0xfc, 0xfc, 0xfc, 0xfc, 0xfc, 0xfc, 0xfc, 0xfc, 0xfc, 0xfc, 0xfc, 0xfc, 0xfc, 0xfc, 0xfc, 0xfc, 0xfe, 0xfb, 0xfc, 0xfe, 0xfb, 0xfc,
0xff, 0xfb, 0xfc, 0xff, 0xfb, 0xfc, 0xff, 0xf9, 0xfb, 0xff, 0xf9, 0xfb, 0xff, 0xf9, 0xfb, 0xff, 0xf8, 0xfa, 0xff, 0xf7, 0xf9, 0xff, 0xf7, 0xf9,
0xff, 0xf7, 0xf9, 0xfe, 0xf6, 0xf8, 0xfe, 0xf6, 0xf8, 0xfe, 0xf6, 0xf8, 0xfc, 0xf4, 0xf6, 0xfc, 0xf4, 0xf6, 0xfc, 0xf4, 0xf6, 0xfc, 0xf4, 0xf6,
0xfb, 0xf3, 0xf5, 0xfb, 0xf3, 0xf5, 0xfb, 0xf3, 0xf5, 0xfb, 0xf3, 0xf5, 0xfb, 0xf3, 0xf5, 0xfb, 0xf3, 0xf5, 0xfb, 0xf3, 0xf5, 0xfb, 0xf3, 0xf5,
0xfb, 0xf3, 0xf5, 0xfb, 0xf3, 0xf5, 0xfa, 0xf2, 0xf4, 0xfa, 0xf2, 0xf4, 0xf9, 0xf1, 0xf3, 0xf7, 0xef, 0xf1, 0xf3, 0xee, 0xef, 0xf2, 0xed, 0xee,
0xec, 0xe9, 0xea, 0xea, 0xe7, 0xe8, 0xe7, 0xe7, 0xe7, 0xe8, 0xe8, 0xe8, 0xd8, 0xd8, 0xd8, 0x26, 0x26, 0x26, 0x00, 0x00, 0x00, 0x00, 0x00, 0x00,
0x00, 0x00, 0x00, 0x2d, 0x2d, 0x2d, 0xe1, 0xe1, 0xe1, 0xfd, 0xfd, 0xfd, 0xfb, 0xfb, 0xfb, 0xff, 0xff, 0xff, 0xff, 0xff, 0xff, 0xff, 0xff, 0xff,
0xff, 0xff, 0xff, 0xff, 0xff, 0xff, 0xff, 0xff, 0xff, 0xff, 0xff, 0xff, 0xff, 0xff, 0xff, 0xff, 0xff, 0xff, 0xff, 0xff, 0xff, 0xff, 0xff, 0xff,
0xfc, 0xfc, 0xfa, 0xfc, 0xfc, 0xfa, 0xfb, 0xfb, 0xf9, 0xfa, 0xfa, 0xf8, 0xfa, 0xfa, 0xf8, 0xfa, 0xfa, 0xf8, 0xfc, 0xf9, 0xf8, 0xfc, 0xf9, 0xf8,
0xfe, 0xf9, 0xf8, 0xfe, 0xf9, 0xf8, 0xfe, 0xf9, 0xf8, 0xfe, 0xf9, 0xf8, 0xfe, 0xf9, 0xf8, 0xfe, 0xf9, 0xf8, 0xff, 0xf7, 0xf7, 0xff, 0xf7, 0xf7,
0xfe, 0xf6, 0xf6, 0xfc, 0xf4, 0xf4, 0xfd, 0xf3, 0xf3, 0xfd, 0xf3, 0xf3, 0xfd, 0xf3, 0xf3, 0xfd, 0xf3, 0xf3, 0xfc, 0xf2, 0xf2, 0xfc, 0xf2, 0xf2,
0xfa, 0xf0, 0xf0, 0xfa, 0xf0, 0xf0, 0xf9, 0xef, 0xef, 0xf9, 0xef, 0xef, 0xf9, 0xef, 0xef, 0xf9, 0xef, 0xef, 0xf9, 0xef, 0xef, 0xf9, 0xef, 0xef,
0xf7, 0xef, 0xf1, 0xf7, 0xef, 0xf1, 0xf5, 0xf0, 0xf1, 0xf5, 0xf0, 0xf1, 0xf5, 0xf0, 0xf1, 0xf5, 0xf0, 0xf1, 0xf7, 0xef, 0xf1, 0xf7, 0xef, 0xf1,
0xf9, 0xef, 0xf1, 0xf9, 0xef, 0xf1, 0xf6, 0xec, 0xee, 0xf5, 0xeb, 0xed, 0xf4, 0xea, 0xec, 0xf3, 0xe9, 0xeb, 0xf0, 0xe6, 0xe8, 0xf0, 0xe6, 0xe8,
0xf0, 0xed, 0xee, 0xf4, 0xf1, 0xf2, 0x4c, 0x4c, 0x4c, 0x00, 0x00, 0x00, 0x18, 0x18, 0x18, 0xd2, 0xd2, 0xd2, 0xf9, 0xf9, 0xf9, 0xfc, 0xfc, 0xfc,
0xff, 0xff, 0xff, 0xff, 0xff, 0xff, 0xff, 0xff, 0xff, 0xff, 0xff, 0xff, 0xff, 0xff, 0xff, 0xff, 0xff, 0xff, 0xff, 0xff, 0xff, 0xff, 0xff, 0xff,
0xff, 0xfc, 0xfd, 0xff, 0xfc, 0xfd, 0xff, 0xfc, 0xfd, 0xff, 0xfc, 0xfd, 0xfe, 0xfb, 0xfc, 0xfe, 0xfb, 0xfc, 0xfe, 0xfb, 0xfc, 0xfe, 0xfb, 0xfc,
0xfe, 0xfb, 0xfc, 0xfe, 0xfb, 0xfc, 0xfe, 0xfb, 0xfc, 0xfe, 0xfb, 0xfc, 0xfe, 0xfb, 0xfc, 0xfe, 0xfb, 0xfc, 0xff, 0xfb, 0xfc, 0xff, 0xfb, 0xfc,
0xff, 0xfa, 0xfa, 0xff, 0xfa, 0xfa, 0xff, 0xfa, 0xfa, 0xff, 0xfa, 0xfa, 0xff, 0xf9, 0xf9, 0xff, 0xf9, 0xf9, 0xff, 0xf8, 0xf8, 0xff, 0xf7, 0xf7,
0xff, 0xf7, 0xf7, 0xff, 0xf6, 0xf6, 0xff, 0xf6, 0xf6, 0xff, 0xf6, 0xf6, 0xfe, 0xf4, 0xf4, 0xfe, 0xf4, 0xf4, 0xfe, 0xf4, 0xf4, 0xfe, 0xf4, 0xf4,
0xfe, 0xf4, 0xf6, 0xfe, 0xf4, 0xf6, 0xfe, 0xf4, 0xf6, 0xfe, 0xf4, 0xf6, 0xfd, 0xf3, 0xf5, 0xfd, 0xf3, 0xf5, 0xfd, 0xf3, 0xf5, 0xfd, 0xf3, 0xf5,
0xfd, 0xf3, 0xf5, 0xfd, 0xf3, 0xf5, 0xfc, 0xf2, 0xf4, 0xfc, 0xf2, 0xf4, 0xfb, 0xf1, 0xf3, 0xfa, 0xf0, 0xf2, 0xf9, 0xef, 0xf1, 0xf7, 0xed, 0xef,
0xee, 0xeb, 0xec, 0xed, 0xea, 0xeb, 0xea, 0xea, 0xea, 0xea, 0xea, 0xea, 0xff, 0xff, 0xff, 0x7a, 0x7a, 0x7a, 0x00, 0x00, 0x00, 0x00, 0x00, 0x00,
0x00, 0x00, 0x00, 0x44, 0x44, 0x44, 0xf9, 0xf9, 0xf9, 0xfc, 0xfc, 0xfc, 0xfb, 0xfb, 0xfb, 0xff, 0xff, 0xff, 0xff, 0xff, 0xff, 0xff, 0xff, 0xff,
0xff, 0xff, 0xff, 0xff, 0xff, 0xff, 0xff, 0xff, 0xff, 0xff, 0xff, 0xff, 0xff, 0xff, 0xff, 0xff, 0xff, 0xff, 0xff, 0xff, 0xff, 0xff, 0xff, 0xff,
0xfc, 0xfc, 0xfa, 0xfc, 0xfc, 0xfa, 0xfb, 0xfb, 0xf9, 0xfa, 0xfa, 0xf8, 0xfa, 0xfa, 0xf8, 0xfa, 0xfa, 0xf8, 0xfc, 0xf9, 0xf8, 0xfc, 0xf9, 0xf8,
0xfe, 0xf9, 0xf8, 0xfe, 0xf9, 0xf8, 0xfe, 0xf9, 0xf8, 0xfe, 0xf9, 0xf8, 0xfe, 0xf9, 0xf8, 0xfe, 0xf9, 0xf8, 0xff, 0xf7, 0xf7, 0xff, 0xf7, 0xf7,
0xfe, 0xf6, 0xf6, 0xfc, 0xf4, 0xf4, 0xfd, 0xf3, 0xf3, 0xfd, 0xf3, 0xf3, 0xfd, 0xf3, 0xf3, 0xfd, 0xf3, 0xf3, 0xfc, 0xf2, 0xf2, 0xfc, 0xf2, 0xf2,
0xfa, 0xf0, 0xf0, 0xfa, 0xf0, 0xf0, 0xf9, 0xef, 0xef, 0xf9, 0xef, 0xef, 0xf9, 0xef, 0xef, 0xf9, 0xef, 0xef, 0xf9, 0xef, 0xef, 0xf9, 0xef, 0xef,
0xf7, 0xef, 0xf1, 0xf7, 0xef, 0xf1, 0xf5, 0xf0, 0xf1, 0xf5, 0xf0, 0xf1, 0xf5, 0xf0, 0xf1, 0xf5, 0xf0, 0xf1, 0xf7, 0xef, 0xf1, 0xf7, 0xef, 0xf1,
0xf9, 0xef, 0xf1, 0xf9, 0xef, 0xf1, 0xf6, 0xec, 0xee, 0xf5, 0xeb, 0xed, 0xf4, 0xea, 0xec, 0xf3, 0xe9, 0xeb, 0xf0, 0xe6, 0xe8, 0xf0, 0xe6, 0xe8,
0xef, 0xec, 0xed, 0xff, 0xff, 0xff, 0x80, 0x80, 0x80, 0x0a, 0x0a, 0x0a, 0x4f, 0x4f, 0x4f, 0xf5, 0xf5, 0xf5, 0xeb, 0xeb, 0xeb, 0xfd, 0xfd, 0xfd,
0xff, 0xff, 0xff, 0xff, 0xff, 0xff, 0xff, 0xff, 0xff, 0xff, 0xff, 0xff, 0xff, 0xff, 0xff, 0xff, 0xff, 0xff, 0xff, 0xff, 0xff, 0xff, 0xff, 0xff,
0xff, 0xfc, 0xfd, 0xff, 0xfc, 0xfd, 0xff, 0xfc, 0xfd, 0xff, 0xfc, 0xfd, 0xfe, 0xfb, 0xfc, 0xfe, 0xfb, 0xfc, 0xfe, 0xfb, 0xfc, 0xfe, 0xfb, 0xfc,
0xfe, 0xfb, 0xfc, 0xfe, 0xfb, 0xfc, 0xfe, 0xfb, 0xfc, 0xfe, 0xfb, 0xfc, 0xfe, 0xfb, 0xfc, 0xfe, 0xfb, 0xfc, 0xff, 0xfb, 0xfc, 0xff, 0xfb, 0xfc,
0xff, 0xfa, 0xfa, 0xff, 0xfa, 0xfa, 0xff, 0xfa, 0xfa, 0xff, 0xfa, 0xfa, 0xff, 0xf9, 0xf9, 0xff, 0xf9, 0xf9, 0xff, 0xf8, 0xf8, 0xff, 0xf8, 0xf8,
0xff, 0xf8, 0xf8, 0xff, 0xf7, 0xf7, 0xff, 0xf7, 0xf7, 0xff, 0xf7, 0xf7, 0xff, 0xf6, 0xf6, 0xff, 0xf6, 0xf6, 0xff, 0xf6, 0xf6, 0xff, 0xf6, 0xf6,
0xfe, 0xf4, 0xf6, 0xfe, 0xf4, 0xf6, 0xfe, 0xf4, 0xf6, 0xfe, 0xf4, 0xf6, 0xfd, 0xf3, 0xf5, 0xfd, 0xf3, 0xf5, 0xfd, 0xf3, 0xf5, 0xfd, 0xf3, 0xf5,
0xfd, 0xf3, 0xf5, 0xfd, 0xf3, 0xf5, 0xfc, 0xf2, 0xf4, 0xfc, 0xf2, 0xf4, 0xfc, 0xf2, 0xf4, 0xfb, 0xf1, 0xf3, 0xf9, 0xef, 0xf1, 0xf9, 0xef, 0xf1,
0xee, 0xeb, 0xec, 0xee, 0xeb, 0xec, 0xeb, 0xeb, 0xeb, 0xea, 0xea, 0xea, 0xff, 0xff, 0xff, 0xc1, 0xc1, 0xc1, 0x03, 0x03, 0x03, 0x00, 0x00, 0x00,
0x00, 0x00, 0x00, 0xaf, 0xaf, 0xaf, 0xf5, 0xf5, 0xf5, 0xf6, 0xf6, 0xf6, 0xfa, 0xfa, 0xfa, 0xfd, 0xfd, 0xfd, 0xff, 0xff, 0xff, 0xff, 0xff, 0xff,
0xff, 0xff, 0xff, 0xff, 0xff, 0xff, 0xff, 0xff, 0xff, 0xff, 0xff, 0xff, 0xff, 0xff, 0xff, 0xff, 0xff, 0xff, 0xff, 0xff, 0xfd, 0xff, 0xff, 0xfd,
0xfc, 0xfd, 0xf8, 0xfc, 0xfd, 0xf8, 0xfb, 0xfd, 0xf6, 0xfa, 0xfc, 0xf5, 0xfa, 0xfc, 0xf5, 0xfa, 0xfc, 0xf5, 0xfe, 0xfb, 0xf5, 0xfe, 0xfb, 0xf5,
0xff, 0xfa, 0xf5, 0xff, 0xfa, 0xf5, 0xff, 0xf9, 0xf5, 0xff, 0xf9, 0xf5, 0xff, 0xf9, 0xf5, 0xff, 0xf9, 0xf5, 0xff, 0xf8, 0xf4, 0xff, 0xf8, 0xf4,
0xff, 0xf8, 0xf3, 0xff, 0xf6, 0xf1, 0xff, 0xf5, 0xf0, 0xff, 0xf5, 0xf0, 0xff, 0xf5, 0xf0, 0xff, 0xf5, 0xf0, 0xfe, 0xf4, 0xef, 0xfe, 0xf4, 0xef,
0xfc, 0xf2, 0xed, 0xfc, 0xf2, 0xed, 0xfb, 0xf1, 0xec, 0xfb, 0xf1, 0xec, 0xfb, 0xf1, 0xec, 0xfb, 0xf1, 0xec, 0xf9, 0xf0, 0xed, 0xf9, 0xf0, 0xed,
0xf5, 0xf0, 0xef, 0xf5, 0xf0, 0xef, 0xf1, 0xf1, 0xf1, 0xf1, 0xf1, 0xf1, 0xf1, 0xf1, 0xf1, 0xf1, 0xf1, 0xf1, 0xf5, 0xf0, 0xf1, 0xf5, 0xf0, 0xf1,
0xfb, 0xef, 0xf1, 0xfb, 0xef, 0xf1, 0xfc, 0xeb, 0xee, 0xfb, 0xea, 0xed, 0xfa, 0xe9, 0xec, 0xf9, 0xe8, 0xeb, 0xf2, 0xe6, 0xe8, 0xf2, 0xe6, 0xe8,
0xf9, 0xf4, 0xf5, 0xe1, 0xdc, 0xdd, 0xa3, 0xa3, 0xa3, 0x00, 0x00, 0x00, 0x62, 0x62, 0x62, 0xfb, 0xfb, 0xfb, 0xea, 0xea, 0xea, 0xff, 0xff, 0xff,
0xff, 0xff, 0xff, 0xff, 0xff, 0xff, 0xff, 0xff, 0xff, 0xff, 0xff, 0xff, 0xff, 0xff, 0xff, 0xff, 0xff, 0xff, 0xff, 0xff, 0xff, 0xff, 0xff, 0xff,
0xff, 0xfd, 0xff, 0xff, 0xfd, 0xff, 0xff, 0xfb, 0xfd, 0xff, 0xfb, 0xfd, 0xff, 0xfb, 0xfd, 0xff, 0xfb, 0xfd, 0xff, 0xfb, 0xfd, 0xff, 0xfb, 0xfd,
0xff, 0xfb, 0xfd, 0xff, 0xfb, 0xfd, 0xff, 0xfb, 0xfd, 0xff, 0xfb, 0xfd, 0xff, 0xfb, 0xfd, 0xff, 0xfb, 0xfd, 0xff, 0xfb, 0xfb, 0xff, 0xfb, 0xfb,
0xff, 0xfc, 0xf9, 0xff, 0xfc, 0xf9, 0xff, 0xfc, 0xf7, 0xff, 0xfc, 0xf7, 0xff, 0xfc, 0xf7, 0xff, 0xfb, 0xf6, 0xff, 0xfa, 0xf5, 0xff, 0xfa, 0xf5,
0xff, 0xfa, 0xf5, 0xff, 0xf9, 0xf4, 0xff, 0xf9, 0xf4, 0xff, 0xf9, 0xf4, 0xff, 0xf8, 0xf3, 0xff, 0xf8, 0xf3, 0xff, 0xf6, 0xf4, 0xff, 0xf6, 0xf4,
0xff, 0xf3, 0xf4, 0xff, 0xf3, 0xf4, 0xff, 0xf3, 0xf6, 0xff, 0xf3, 0xf6, 0xff, 0xf3, 0xf6, 0xff, 0xf3, 0xf6, 0xff, 0xf3, 0xf6, 0xff, 0xf3, 0xf6,
0xff, 0xf3, 0xf6, 0xff, 0xf3, 0xf6, 0xff, 0xf2, 0xf5, 0xff, 0xf2, 0xf5, 0xff, 0xf1, 0xf4, 0xff, 0xf0, 0xf3, 0xfc, 0xf0, 0xf2, 0xfb, 0xef, 0xf1,
0xf2, 0xed, 0xee, 0xf1, 0xec, 0xed, 0xed, 0xed, 0xed, 0xec, 0xec, 0xec, 0xf6, 0xf6, 0xf6, 0xc8, 0xc8, 0xc8, 0x0a, 0x0a, 0x0a, 0x00, 0x00, 0x00,
0x00, 0x00, 0x00, 0xc2, 0xc2, 0xc2, 0xf9, 0xf9, 0xf9, 0xf4, 0xf4, 0xf4, 0xfa, 0xfa, 0xfa, 0xfd, 0xfd, 0xfd, 0xff, 0xff, 0xff, 0xff, 0xff, 0xff,
0xff, 0xff, 0xff, 0xff, 0xff, 0xff, 0xff, 0xff, 0xff, 0xff, 0xff, 0xff, 0xff, 0xff, 0xff, 0xff, 0xff, 0xff, 0xff, 0xff, 0xfe, 0xff, 0xff, 0xfd,
0xfc, 0xfd, 0xf8, 0xfc, 0xfd, 0xf8, 0xfb, 0xfd, 0xf6, 0xfa, 0xfc, 0xf5, 0xfa, 0xfc, 0xf5, 0xfa, 0xfc, 0xf5, 0xfe, 0xfb, 0xf5, 0xfe, 0xfb, 0xf5,
0xff, 0xfa, 0xf5, 0xff, 0xfa, 0xf5, 0xff, 0xf9, 0xf5, 0xff, 0xf9, 0xf5, 0xff, 0xf9, 0xf5, 0xff, 0xf9, 0xf5, 0xff, 0xf8, 0xf4, 0xff, 0xf8, 0xf4,
0xff, 0xf8, 0xf3, 0xff, 0xf6, 0xf1, 0xff, 0xf5, 0xf0, 0xff, 0xf5, 0xf0, 0xff, 0xf5, 0xf0, 0xff, 0xf5, 0xf0, 0xfe, 0xf4, 0xef, 0xfe, 0xf4, 0xef,
0xfc, 0xf2, 0xed, 0xfc, 0xf2, 0xed, 0xfb, 0xf1, 0xec, 0xfb, 0xf1, 0xec, 0xfb, 0xf1, 0xec, 0xfb, 0xf1, 0xec, 0xf9, 0xf0, 0xed, 0xf9, 0xf0, 0xed,
0xf5, 0xf0, 0xef, 0xf5, 0xf0, 0xef, 0xf1, 0xf1, 0xf1, 0xf1, 0xf1, 0xf1, 0xf1, 0xf1, 0xf1, 0xf1, 0xf1, 0xf1, 0xf5, 0xf0, 0xf1, 0xf5, 0xf0, 0xf1,
0xfb, 0xef, 0xf1, 0xfb, 0xef, 0xf1, 0xfc, 0xeb, 0xee, 0xfb, 0xea, 0xed, 0xfa, 0xe9, 0xec, 0xf9, 0xe8, 0xeb, 0xf2, 0xe6, 0xe8, 0xf2, 0xe6, 0xe8,
0xfa, 0xf5, 0xf6, 0xe4, 0xdf, 0xe0, 0xb3, 0xb3, 0xb3, 0x03, 0x03, 0x03, 0x89, 0x89, 0x89, 0xfc, 0xfc, 0xfc, 0xef, 0xef, 0xef, 0xff, 0xff, 0xff,
0xff, 0xff, 0xff, 0xff, 0xff, 0xff, 0xff, 0xff, 0xff, 0xff, 0xff, 0xff, 0xff, 0xff, 0xff, 0xff, 0xff, 0xff, 0xff, 0xff, 0xff, 0xff, 0xff, 0xff,
0xff, 0xfd, 0xff, 0xff, 0xfd, 0xff, 0xff, 0xfd, 0xff, 0xff, 0xfd, 0xff, 0xff, 0xfb, 0xfd, 0xff, 0xfb, 0xfd, 0xff, 0xfb, 0xfd, 0xff, 0xfb, 0xfd,
0xff, 0xfb, 0xfd, 0xff, 0xfb, 0xfd, 0xff, 0xfb, 0xfd, 0xff, 0xfb, 0xfd, 0xff, 0xfb, 0xfd, 0xff, 0xfb, 0xfd, 0xff, 0xfb, 0xfb, 0xff, 0xfb, 0xfb,
0xff, 0xfc, 0xf9, 0xff, 0xfc, 0xf9, 0xff, 0xfd, 0xf8, 0xff, 0xfd, 0xf8, 0xff, 0xfc, 0xf7, 0xff, 0xfc, 0xf7, 0xff, 0xfb, 0xf6, 0xff, 0xfb, 0xf6,
0xff, 0xfb, 0xf6, 0xff, 0xfa, 0xf5, 0xff, 0xfa, 0xf5, 0xff, 0xfa, 0xf5, 0xff, 0xf9, 0xf4, 0xff, 0xf9, 0xf4, 0xff, 0xf7, 0xf5, 0xff, 0xf7, 0xf5,
0xff, 0xf5, 0xf6, 0xff, 0xf5, 0xf6, 0xff, 0xf5, 0xf8, 0xff, 0xf5, 0xf8, 0xff, 0xf3, 0xf6, 0xff, 0xf3, 0xf6, 0xff, 0xf3, 0xf6, 0xff, 0xf3, 0xf6,
0xff, 0xf3, 0xf6, 0xff, 0xf3, 0xf6, 0xff, 0xf2, 0xf5, 0xff, 0xf2, 0xf5, 0xff, 0xf2, 0xf5, 0xff, 0xf0, 0xf3, 0xfc, 0xf0, 0xf2, 0xfc, 0xf0, 0xf2,
0xf3, 0xee, 0xef, 0xf2, 0xed, 0xee, 0xed, 0xed, 0xed, 0xed, 0xed, 0xed, 0xf4, 0xf4, 0xf4, 0xdd, 0xdd, 0xdd, 0x1f, 0x1f, 0x1f, 0x00, 0x00, 0x00,
0x22, 0x22, 0x22, 0xe7, 0xe7, 0xe7, 0xfc, 0xfc, 0xfc, 0xed, 0xed, 0xed, 0xfa, 0xfa, 0xfa, 0xfd, 0xfd, 0xfd, 0xff, 0xff, 0xff, 0xff, 0xff, 0xff,
0xff, 0xff, 0xff, 0xff, 0xff, 0xff, 0xff, 0xff, 0xff, 0xff, 0xff, 0xff, 0xff, 0xff, 0xff, 0xff, 0xff, 0xff, 0xff, 0xff, 0xfe, 0xff, 0xff, 0xfd,
0xfc, 0xfe, 0xf7, 0xfc, 0xfe, 0xf7, 0xfb, 0xfe, 0xf4, 0xfa, 0xfd, 0xf3, 0xfa, 0xfd, 0xf3, 0xfa, 0xfd, 0xf3, 0xff, 0xfb, 0xf3, 0xff, 0xfb, 0xf3,
0xff, 0xfa, 0xf3, 0xff, 0xfa, 0xf3, 0xff, 0xf9, 0xf3, 0xff, 0xf9, 0xf3, 0xff, 0xf9, 0xf3, 0xff, 0xf9, 0xf3, 0xff, 0xf8, 0xf2, 0xff, 0xf8, 0xf2,
0xff, 0xf6, 0xef, 0xff, 0xf5, 0xee, 0xfe, 0xf5, 0xed, 0xfe, 0xf5, 0xed, 0xfe, 0xf5, 0xed, 0xfe, 0xf5, 0xed, 0xfe, 0xf5, 0xed, 0xfe, 0xf5, 0xed,
0xfc, 0xf3, 0xeb, 0xfc, 0xf3, 0xeb, 0xfb, 0xf2, 0xea, 0xfb, 0xf2, 0xea, 0xf8, 0xef, 0xe7, 0xf9, 0xf0, 0xe8, 0xf9, 0xf1, 0xec, 0xf9, 0xf1, 0xec,
0xf3, 0xf0, 0xef, 0xf3, 0xf0, 0xef, 0xee, 0xf1, 0xf1, 0xee, 0xf1, 0xf1, 0xee, 0xf1, 0xf1, 0xee, 0xf1, 0xf1, 0xf5, 0xf0, 0xf1, 0xf5, 0xf0, 0xf1,
0xfb, 0xef, 0xf1, 0xfb, 0xef, 0xf1, 0xfe, 0xea, 0xee, 0xfd, 0xe9, 0xed, 0xfc, 0xe8, 0xec, 0xfb, 0xe7, 0xeb, 0xf7, 0xe8, 0xeb, 0xf7, 0xe8, 0xeb,
0xf1, 0xec, 0xed, 0xeb, 0xe6, 0xe7, 0xd6, 0xd6, 0xd6, 0x33, 0x33, 0x33, 0xb0, 0xb0, 0xb0, 0xff, 0xff, 0xff, 0xfc, 0xfc, 0xfc, 0xff, 0xff, 0xff,
0xff, 0xff, 0xff, 0xff, 0xff, 0xff, 0xff, 0xff, 0xff, 0xff, 0xff, 0xff, 0xff, 0xff, 0xff, 0xff, 0xff, 0xff, 0xff, 0xff, 0xff, 0xff, 0xff, 0xff,
0xff, 0xfd, 0xff, 0xff, 0xfd, 0xff, 0xff, 0xfd, 0xff, 0xff, 0xfd, 0xff, 0xff, 0xfb, 0xfd, 0xff, 0xfb, 0xfd, 0xff, 0xfb, 0xfd, 0xff, 0xfb, 0xfd,
0xff, 0xfb, 0xfd, 0xff, 0xfb, 0xfd, 0xff, 0xfb, 0xfd, 0xff, 0xfb, 0xfd, 0xff, 0xfb, 0xfd, 0xff, 0xfb, 0xfd, 0xff, 0xfb, 0xfb, 0xff, 0xfb, 0xfb,
0xff, 0xff, 0xfa, 0xff, 0xfd, 0xf8, 0xff, 0xfd, 0xf5, 0xff, 0xfd, 0xf5, 0xff, 0xfa, 0xf2, 0xff, 0xfa, 0xf2, 0xff, 0xf7, 0xef, 0xff, 0xf7, 0xef,
0xff, 0xf7, 0xef, 0xff, 0xf6, 0xee, 0xff, 0xf6, 0xee, 0xff, 0xf7, 0xef, 0xff, 0xf6, 0xee, 0xff, 0xf7, 0xef, 0xff, 0xf7, 0xf3, 0xff, 0xf7, 0xf3,
0xff, 0xf5, 0xf6, 0xff, 0xf5, 0xf6, 0xff, 0xf4, 0xf8, 0xff, 0xf4, 0xf8, 0xff, 0xf2, 0xf6, 0xff, 0xf2, 0xf6, 0xff, 0xf2, 0xf6, 0xff, 0xf2, 0xf6,
0xff, 0xf2, 0xf6, 0xff, 0xf2, 0xf6, 0xff, 0xf2, 0xf6, 0xff, 0xf2, 0xf6, 0xff, 0xf2, 0xf6, 0xff, 0xf0, 0xf4, 0xff, 0xf0, 0xf3, 0xfe, 0xef, 0xf2,
0xf6, 0xf1, 0xf2, 0xf6, 0xf1, 0xf2, 0xf1, 0xf1, 0xf1, 0xf1, 0xf1, 0xf1, 0xf2, 0xf2, 0xf2, 0xff, 0xff, 0xff, 0x49, 0x49, 0x49, 0x00, 0x00, 0x00,
0x3c, 0x3c, 0x3c, 0xfb, 0xfb, 0xfb, 0xff, 0xff, 0xff, 0xed, 0xed, 0xed, 0xfa, 0xfa, 0xfa, 0xff, 0xff, 0xff, 0xff, 0xff, 0xff, 0xff, 0xff, 0xff,
0xff, 0xff, 0xff, 0xff, 0xff, 0xff, 0xff, 0xff, 0xff, 0xff, 0xff, 0xff, 0xff, 0xff, 0xff, 0xff, 0xff, 0xff, 0xff, 0xff, 0xfe, 0xff, 0xff, 0xfd,
0xfc, 0xfe, 0xf7, 0xfc, 0xfe, 0xf7, 0xfb, 0xfe, 0xf4, 0xfa, 0xfd, 0xf3, 0xfa, 0xfd, 0xf3, 0xfa, 0xfd, 0xf3, 0xff, 0xfb, 0xf3, 0xff, 0xfb, 0xf3,
0xff, 0xfa, 0xf3, 0xff, 0xfa, 0xf3, 0xff, 0xf9, 0xf3, 0xff, 0xf9, 0xf3, 0xff, 0xf9, 0xf3, 0xff, 0xf9, 0xf3, 0xff, 0xf9, 0xf3, 0xff, 0xf8, 0xf2,
0xff, 0xf6, 0xef, 0xff, 0xf4, 0xed, 0xfd, 0xf4, 0xec, 0xfd, 0xf4, 0xec, 0xfd, 0xf4, 0xec, 0xfd, 0xf4, 0xec, 0xfe, 0xf5, 0xed, 0xfe, 0xf5, 0xed,
0xfc, 0xf3, 0xeb, 0xfc, 0xf3, 0xeb, 0xfb, 0xf2, 0xea, 0xfb, 0xf2, 0xea, 0xf7, 0xee, 0xe6, 0xf9, 0xf0, 0xe8, 0xf9, 0xf1, 0xec, 0xf9, 0xf1, 0xec,
0xf3, 0xf0, 0xef, 0xf3, 0xf0, 0xef, 0xee, 0xf1, 0xf1, 0xee, 0xf1, 0xf1, 0xee, 0xf1, 0xf1, 0xee, 0xf1, 0xf1, 0xf5, 0xf0, 0xf1, 0xf5, 0xf0, 0xf1,
0xfb, 0xef, 0xf1, 0xfb, 0xef, 0xf1, 0xfe, 0xea, 0xee, 0xfd, 0xe9, 0xed, 0xfc, 0xe8, 0xec, 0xfb, 0xe7, 0xeb, 0xf7, 0xe8, 0xeb, 0xf7, 0xe8, 0xeb,
0xe9, 0xe4, 0xe5, 0xf1, 0xec, 0xed, 0xc2, 0xc2, 0xc2, 0x4a, 0x4a, 0x4a, 0xb2, 0xb2, 0xb2, 0xff, 0xff, 0xff, 0xfd, 0xfd, 0xfd, 0xff, 0xff, 0xff,
0xff, 0xff, 0xff, 0xff, 0xff, 0xff, 0xff, 0xff, 0xff, 0xff, 0xff, 0xff, 0xff, 0xff, 0xff, 0xff, 0xff, 0xff, 0xff, 0xff, 0xff, 0xff, 0xff, 0xff,
0xff, 0xfd, 0xff, 0xff, 0xfd, 0xff, 0xff, 0xfd, 0xff, 0xff, 0xfd, 0xff, 0xff, 0xfb, 0xfd, 0xff, 0xfb, 0xfd, 0xff, 0xfb, 0xfd, 0xff, 0xfb, 0xfd,
0xff, 0xfb, 0xfd, 0xff, 0xfb, 0xfd, 0xff, 0xfb, 0xfd, 0xff, 0xfb, 0xfd, 0xff, 0xfb, 0xfd, 0xff, 0xfb, 0xfd, 0xff, 0xfb, 0xfb, 0xff, 0xfb, 0xfb,
0xff, 0xff, 0xfc, 0xff, 0xfd, 0xf8, 0xff, 0xfe, 0xf6, 0xff, 0xfd, 0xf5, 0xff, 0xf9, 0xf1, 0xff, 0xf7, 0xef, 0xfe, 0xf5, 0xed, 0xfd, 0xf4, 0xec,
0xfd, 0xf4, 0xec, 0xfc, 0xf3, 0xeb, 0xfd, 0xf4, 0xec, 0xfe, 0xf5, 0xed, 0xfe, 0xf5, 0xed, 0xff, 0xf7, 0xef, 0xff, 0xf8, 0xf4, 0xff, 0xf8, 0xf4,
0xff, 0xf6, 0xf7, 0xff, 0xf6, 0xf7, 0xff, 0xf5, 0xf9, 0xff, 0xf5, 0xf9, 0xff, 0xf4, 0xf8, 0xff, 0xf4, 0xf8, 0xff, 0xf4, 0xf8, 0xff, 0xf4, 0xf8,
0xff, 0xf4, 0xf8, 0xff, 0xf4, 0xf8, 0xff, 0xf4, 0xf8, 0xff, 0xf4, 0xf8, 0xff, 0xf4, 0xf8, 0xff, 0xf1, 0xf5, 0xff, 0xf1, 0xf4, 0xff, 0xf0, 0xf3,
0xf8, 0xf3, 0xf4, 0xf8, 0xf3, 0xf4, 0xf3, 0xf3, 0xf3, 0xf3, 0xf3, 0xf3, 0xef, 0xef, 0xef, 0xff, 0xff, 0xff, 0x5e, 0x5e, 0x5e, 0x00, 0x00, 0x00,
0x79, 0x79, 0x79, 0xff, 0xff, 0xff, 0xff, 0xff, 0xff, 0xee, 0xee, 0xee, 0xf9, 0xf9, 0xf9, 0xff, 0xff, 0xff, 0xff, 0xff, 0xff, 0xff, 0xff, 0xff,
0xff, 0xff, 0xff, 0xff, 0xff, 0xff, 0xff, 0xff, 0xff, 0xff, 0xff, 0xff, 0xff, 0xff, 0xff, 0xff, 0xff, 0xff, 0xff, 0xff, 0xfe, 0xff, 0xff, 0xfd,
0xfc, 0xfe, 0xf7, 0xfc, 0xfe, 0xf7, 0xfb, 0xfe, 0xf4, 0xfa, 0xfd, 0xf3, 0xfa, 0xfd, 0xf3, 0xfa, 0xfd, 0xf3, 0xff, 0xfb, 0xf3, 0xff, 0xfb, 0xf3,
0xff, 0xfa, 0xf3, 0xff, 0xfa, 0xf3, 0xff, 0xf9, 0xf3, 0xff, 0xf9, 0xf3, 0xff, 0xf8, 0xf2, 0xff, 0xf7, 0xf1, 0xff, 0xf5, 0xef, 0xff, 0xf5, 0xef,
0xff, 0xf6, 0xef, 0xff, 0xf6, 0xef, 0xff, 0xf6, 0xee, 0xff, 0xf6, 0xee, 0xff, 0xf6, 0xee, 0xff, 0xf6, 0xee, 0xf7, 0xee, 0xe6, 0xf5, 0xec, 0xe4,
0xf0, 0xe7, 0xdf, 0xed, 0xe4, 0xdc, 0xef, 0xe6, 0xde, 0xef, 0xe6, 0xde, 0xf7, 0xee, 0xe6, 0xf9, 0xf0, 0xe8, 0xf9, 0xf1, 0xec, 0xf9, 0xf1, 0xec,
0xf3, 0xf0, 0xef, 0xf3, 0xf0, 0xef, 0xee, 0xf1, 0xf1, 0xee, 0xf1, 0xf1, 0xee, 0xf1, 0xf1, 0xee, 0xf1, 0xf1, 0xf5, 0xf0, 0xf1, 0xf5, 0xf0, 0xf1,
0xfb, 0xef, 0xf1, 0xfb, 0xef, 0xf1, 0xfe, 0xea, 0xee, 0xfd, 0xe9, 0xed, 0xfc, 0xe8, 0xec, 0xfb, 0xe7, 0xeb, 0xf4, 0xe5, 0xe8, 0xf4, 0xe5, 0xe8,
0xe7, 0xe2, 0xe3, 0xf5, 0xf0, 0xf1, 0xde, 0xde, 0xde, 0xb3, 0xb3, 0xb3, 0xdc, 0xdc, 0xdc, 0xff, 0xff, 0xff, 0xff, 0xff, 0xff, 0xff, 0xff, 0xff,
0xff, 0xff, 0xff, 0xff, 0xff, 0xff, 0xff, 0xff, 0xff, 0xff, 0xff, 0xff, 0xff, 0xff, 0xff, 0xff, 0xff, 0xff, 0xff, 0xff, 0xff, 0xff, 0xff, 0xff,
0xff, 0xfe, 0xff, 0xff, 0xfe, 0xff, 0xff, 0xfe, 0xff, 0xff, 0xfe, 0xff, 0xff, 0xfd, 0xff, 0xff, 0xfd, 0xff, 0xff, 0xfd, 0xff, 0xff, 0xfd, 0xff,
0xff, 0xfd, 0xff, 0xff, 0xfd, 0xff, 0xff, 0xfd, 0xff, 0xff, 0xfd, 0xff, 0xff, 0xfd, 0xff, 0xff, 0xfd, 0xff, 0xff, 0xfe, 0xfe, 0xff, 0xfe, 0xfe,
0xff, 0xfd, 0xf8, 0xff, 0xff, 0xfc, 0xff, 0xfc, 0xf4, 0xff, 0xfb, 0xf3, 0xff, 0xf6, 0xee, 0xfe, 0xf5, 0xed, 0xfc, 0xf3, 0xeb, 0xf9, 0xf0, 0xe8,
0xf9, 0xf0, 0xe8, 0xf9, 0xf0, 0xe8, 0xfb, 0xf2, 0xea, 0xfb, 0xf2, 0xea, 0xfc, 0xf3, 0xeb, 0xff, 0xf6, 0xee, 0xff, 0xf7, 0xf3, 0xff, 0xf7, 0xf3,
0xff, 0xf6, 0xf7, 0xff, 0xf5, 0xf6, 0xff, 0xf4, 0xf8, 0xff, 0xf4, 0xf8, 0xff, 0xf4, 0xf8, 0xff, 0xf4, 0xf8, 0xff, 0xf4, 0xf8, 0xff, 0xf4, 0xf8,
0xff, 0xf4, 0xf8, 0xff, 0xf4, 0xf8, 0xff, 0xf2, 0xf6, 0xff, 0xf2, 0xf6, 0xff, 0xf2, 0xf6, 0xff, 0xf2, 0xf6, 0xff, 0xf5, 0xf8, 0xff, 0xf5, 0xf8,
0xf9, 0xf4, 0xf5, 0xf9, 0xf4, 0xf5, 0xf5, 0xf5, 0xf5, 0xf4, 0xf4, 0xf4, 0xef, 0xef, 0xef, 0xff, 0xff, 0xff, 0xb3, 0xb3, 0xb3, 0x00, 0x00, 0x00,
0x79, 0x79, 0x79, 0xff, 0xff, 0xff, 0xfd, 0xfd, 0xfd, 0xf2, 0xf2, 0xf2, 0xf9, 0xf9, 0xf9, 0xfd, 0xfd, 0xfd, 0xff, 0xff, 0xff, 0xff, 0xff, 0xff,
0xff, 0xff, 0xff, 0xff, 0xff, 0xff, 0xff, 0xff, 0xff, 0xff, 0xff, 0xff, 0xff, 0xff, 0xff, 0xff, 0xff, 0xff, 0xff, 0xff, 0xfe, 0xff, 0xff, 0xfd,
0xfc, 0xfe, 0xf7, 0xfc, 0xfe, 0xf7, 0xfb, 0xfe, 0xf4, 0xfa, 0xfd, 0xf3, 0xfa, 0xfd, 0xf3, 0xfa, 0xfd, 0xf3, 0xff, 0xfb, 0xf3, 0xff, 0xfb, 0xf3,
0xff, 0xfa, 0xf3, 0xff, 0xfa, 0xf3, 0xff, 0xfa, 0xf4, 0xff, 0xfa, 0xf4, 0xff, 0xf9, 0xf3, 0xff, 0xf8, 0xf2, 0xff, 0xf8, 0xf2, 0xff, 0xf9, 0xf3,
0xff, 0xfb, 0xf4, 0xff, 0xfc, 0xf5, 0xff, 0xfe, 0xf6, 0xff, 0xff, 0xf8, 0xff, 0xff, 0xf8, 0xff, 0xff, 0xf8, 0xff, 0xfd, 0xf5, 0xff, 0xfc, 0xf4,
0xff, 0xf9, 0xf1, 0xff, 0xf7, 0xef, 0xfe, 0xf5, 0xed, 0xfd, 0xf4, 0xec, 0xf5, 0xec, 0xe4, 0xf8, 0xef, 0xe7, 0xf7, 0xef, 0xea, 0xf9, 0xf1, 0xec,
0xf3, 0xf0, 0xef, 0xf3, 0xf0, 0xef, 0xee, 0xf1, 0xf1, 0xee, 0xf1, 0xf1, 0xee, 0xf1, 0xf1, 0xee, 0xf1, 0xf1, 0xf5, 0xf0, 0xf1, 0xf5, 0xf0, 0xf1,
0xfb, 0xef, 0xf1, 0xfb, 0xef, 0xf1, 0xfe, 0xea, 0xee, 0xfd, 0xe9, 0xed, 0xfc, 0xe8, 0xec, 0xfb, 0xe7, 0xeb, 0xf4, 0xe5, 0xe8, 0xf4, 0xe5, 0xe8,
0xe4, 0xdf, 0xe0, 0xf5, 0xf0, 0xf1, 0xde, 0xde, 0xde, 0xb3, 0xb3, 0xb3, 0xec, 0xec, 0xec, 0xfd, 0xfd, 0xfd, 0xfd, 0xfd, 0xfd, 0xff, 0xff, 0xff,
0xff, 0xff, 0xff, 0xff, 0xff, 0xff, 0xff, 0xff, 0xff, 0xff, 0xff, 0xff, 0xff, 0xff, 0xff, 0xff, 0xff, 0xff, 0xff, 0xff, 0xff, 0xff, 0xff, 0xff,
0xff, 0xfd, 0xff, 0xff, 0xfe, 0xff, 0xff, 0xfe, 0xff, 0xff, 0xfe, 0xff, 0xff, 0xfd, 0xff, 0xff, 0xfd, 0xff, 0xff, 0xfd, 0xff, 0xff, 0xfd, 0xff,
0xff, 0xfd, 0xff, 0xff, 0xfd, 0xff, 0xff, 0xfd, 0xff, 0xff, 0xfd, 0xff, 0xff, 0xfd, 0xff, 0xff, 0xfa, 0xfc, 0xff, 0xf9, 0xf9, 0xff, 0xf7, 0xf7,
0xff, 0xfa, 0xf5, 0xfd, 0xf3, 0xee, 0xfc, 0xf3, 0xeb, 0xfb, 0xf2, 0xea, 0xfb, 0xf2, 0xea, 0xfc, 0xf3, 0xeb, 0xfc, 0xf3, 0xeb, 0xfd, 0xf4, 0xec,
0xfd, 0xf4, 0xec, 0xfd, 0xf4, 0xec, 0xfc, 0xf3, 0xeb, 0xfb, 0xf2, 0xea, 0xf9, 0xf0, 0xe8, 0xfb, 0xf2, 0xea, 0xff, 0xf2, 0xee, 0xff, 0xf2, 0xee,
0xff, 0xf1, 0xf2, 0xff, 0xf1, 0xf2, 0xff, 0xf0, 0xf4, 0xff, 0xf0, 0xf4, 0xff, 0xef, 0xf3, 0xff, 0xef, 0xf3, 0xff, 0xef, 0xf3, 0xff, 0xef, 0xf3,
0xff, 0xef, 0xf3, 0xff, 0xef, 0xf3, 0xff, 0xef, 0xf3, 0xff, 0xef, 0xf3, 0xff, 0xef, 0xf3, 0xff, 0xef, 0xf3, 0xff, 0xf1, 0xf4, 0xff, 0xf1, 0xf4,
0xf6, 0xf1, 0xf2, 0xf6, 0xf1, 0xf2, 0xf2, 0xf2, 0xf2, 0xf2, 0xf2, 0xf2, 0xef, 0xef, 0xef, 0xff, 0xff, 0xff, 0xb3, 0xb3, 0xb3, 0x00, 0x00, 0x00,
0x79, 0x79, 0x79, 0xff, 0xff, 0xff, 0xfc, 0xfc, 0xfc, 0xf4, 0xf4, 0xf4, 0xf8, 0xf8, 0xf8, 0xfc, 0xfc, 0xfc, 0xff, 0xff, 0xff, 0xff, 0xff, 0xff,
0xff, 0xff, 0xff, 0xff, 0xff, 0xff, 0xff, 0xff, 0xff, 0xff, 0xff, 0xff, 0xff, 0xff, 0xff, 0xff, 0xff, 0xff, 0xff, 0xff, 0xfe, 0xff, 0xff, 0xfd,
0xff, 0xfc, 0xf7, 0xff, 0xfc, 0xf7, 0xff, 0xfc, 0xf4, 0xff, 0xfb, 0xf3, 0xff, 0xfb, 0xf3, 0xff, 0xfb, 0xf3, 0xff, 0xf9, 0xf3, 0xff, 0xf9, 0xf3,
0xff, 0xf8, 0xf3, 0xff, 0xf8, 0xf3, 0xff, 0xf9, 0xf5, 0xff, 0xfa, 0xf6, 0xff, 0xfe, 0xfa, 0xff, 0xff, 0xfb, 0xff, 0xff, 0xfd, 0xff, 0xf7, 0xf2,
0xf8, 0xde, 0xd9, 0xed, 0xd3, 0xce, 0xe9, 0xd4, 0xce, 0xe9, 0xd4, 0xce, 0xe9, 0xd4, 0xce, 0xe9, 0xd4, 0xce, 0xeb, 0xd6, 0xd0, 0xec, 0xd7, 0xd1,
0xf0, 0xdb, 0xd5, 0xf1, 0xdc, 0xd6, 0xf7, 0xe2, 0xdc, 0xfa, 0xe5, 0xdf, 0xfe, 0xe9, 0xe3, 0xff, 0xec, 0xe6, 0xfd, 0xee, 0xea, 0xff, 0xf0, 0xec,
0xfd, 0xec, 0xed, 0xff, 0xee, 0xef, 0xf9, 0xef, 0xf1, 0xf9, 0xef, 0xf1, 0xf9, 0xef, 0xf1, 0xf7, 0xed, 0xef, 0xfd, 0xec, 0xef, 0xff, 0xee, 0xf1,
0xff, 0xee, 0xf1, 0xff, 0xee, 0xf1, 0xfe, 0xea, 0xee, 0xfd, 0xe9, 0xed, 0xfc, 0xe8, 0xec, 0xfb, 0xe7, 0xeb, 0xf4, 0xe5, 0xe8, 0xf4, 0xe5, 0xe8,
0xe5, 0xe0, 0xe1, 0xf3, 0xee, 0xef, 0xe1, 0xe1, 0xe1, 0xba, 0xba, 0xba, 0xfd, 0xfd, 0xfd, 0xfb, 0xfb, 0xfb, 0xfc, 0xfc, 0xfc, 0xfd, 0xfd, 0xfd,
0xfd, 0xfd, 0xfd, 0xfd, 0xfd, 0xfd, 0xfd, 0xfd, 0xfd, 0xfd, 0xfd, 0xfd, 0xfd, 0xfd, 0xfd, 0xfd, 0xfd, 0xfd, 0xff, 0xfe, 0xff, 0xff, 0xfe, 0xff,
0xff, 0xfb, 0xfd, 0xff, 0xfd, 0xff, 0xff, 0xfb, 0xfd, 0xff, 0xfb, 0xfd, 0xff, 0xfb, 0xfd, 0xff, 0xfb, 0xfd, 0xff, 0xf9, 0xfc, 0xff, 0xf9, 0xfc,
0xff, 0xfb, 0xff, 0xff, 0xf7, 0xfb, 0xff, 0xfb, 0xff, 0xff, 0xfb, 0xff, 0xff, 0xfb, 0xff, 0xff, 0xf8, 0xfc, 0xff, 0xf7, 0xf9, 0xff, 0xf5, 0xf7,
0xff, 0xf1, 0xef, 0xff, 0xf0, 0xee, 0xfe, 0xe9, 0xe3, 0xf9, 0xe4, 0xde, 0xe6, 0xd1, 0xcb, 0xe4, 0xcf, 0xc9, 0xe0, 0xcb, 0xc5, 0xdd, 0xc8, 0xc2,
0xdd, 0xc8, 0xc2, 0xdd, 0xc8, 0xc2, 0xe2, 0xcd, 0xc7, 0xe4, 0xcf, 0xc9, 0xeb, 0xd6, 0xd0, 0xfa, 0xe5, 0xdf, 0xff, 0xeb, 0xe8, 0xff, 0xec, 0xe9,
0xff, 0xe9, 0xed, 0xff, 0xe9, 0xed, 0xff, 0xe9, 0xef, 0xff, 0xe9, 0xef, 0xff, 0xe9, 0xef, 0xff, 0xe9, 0xef, 0xff, 0xe9, 0xef, 0xff, 0xe9, 0xef,
0xff, 0xe9, 0xed, 0xff, 0xe9, 0xed, 0xfd, 0xe9, 0xed, 0xfc, 0xe8, 0xec, 0xfc, 0xe8, 0xec, 0xfc, 0xe8, 0xec, 0xf9, 0xea, 0xed, 0xf9, 0xea, 0xed,
0xf0, 0xeb, 0xec, 0xf0, 0xeb, 0xec, 0xec, 0xec, 0xec, 0xec, 0xec, 0xec, 0xea, 0xea, 0xea, 0xff, 0xff, 0xff, 0xb5, 0xb5, 0xb5, 0x00, 0x00, 0x00,
0x79, 0x79, 0x79, 0xff, 0xff, 0xff, 0xfb, 0xfb, 0xfb, 0xf6, 0xf6, 0xf6, 0xf8, 0xf8, 0xf8, 0xfc, 0xfc, 0xfc, 0xff, 0xff, 0xff, 0xff, 0xff, 0xff,
0xff, 0xff, 0xff, 0xff, 0xff, 0xff, 0xff, 0xff, 0xff, 0xff, 0xff, 0xff, 0xff, 0xff, 0xff, 0xff, 0xff, 0xff, 0xff, 0xff, 0xfe, 0xff, 0xff, 0xfd,
0xff, 0xfc, 0xf7, 0xff, 0xfc, 0xf7, 0xff, 0xfd, 0xf5, 0xff, 0xfc, 0xf4, 0xff, 0xfc, 0xf4, 0xff, 0xfb, 0xf3, 0xff, 0xf9, 0xf3, 0xff, 0xf9, 0xf3,
0xff, 0xf8, 0xf3, 0xff, 0xf8, 0xf3, 0xff, 0xf0, 0xec, 0xff, 0xee, 0xea, 0xdf, 0xc0, 0xbc, 0xdd, 0xbe, 0xba, 0xd2, 0xb8, 0xb3, 0xcb, 0xb1, 0xac,
0xbe, 0xa4, 0x9f, 0xb7, 0x9d, 0x98, 0xb3, 0x9e, 0x98, 0xb3, 0x9e, 0x98, 0xb3, 0x9e, 0x98, 0xb3, 0x9e, 0x98, 0xb8, 0xa3, 0x9d, 0xbb, 0xa6, 0xa0,
0xc0, 0xab, 0xa5, 0xc2, 0xad, 0xa7, 0xcf, 0xba, 0xb4, 0xd1, 0xbc, 0xb6, 0xfb, 0xe6, 0xe0, 0xff, 0xeb, 0xe5, 0xfd, 0xee, 0xea, 0xfd, 0xee, 0xea,
0xfb, 0xea, 0xeb, 0xff, 0xee, 0xef, 0xf9, 0xef, 0xf1, 0xf9, 0xef, 0xf1, 0xf9, 0xef, 0xf1, 0xf6, 0xec, 0xee, 0xfd, 0xec, 0xef, 0xff, 0xee, 0xf1,
0xff, 0xee, 0xf1, 0xff, 0xee, 0xf1, 0xfe, 0xea, 0xee, 0xfd, 0xe9, 0xed, 0xfc, 0xe8, 0xec, 0xfb, 0xe7, 0xeb, 0xf4, 0xe5, 0xe8, 0xf4, 0xe5, 0xe8,
0xe5, 0xe0, 0xe1, 0xf3, 0xee, 0xef, 0xe4, 0xe4, 0xe4, 0xbc, 0xbc, 0xbc, 0xf9, 0xf9, 0xf9, 0xfa, 0xfa, 0xfa, 0xfb, 0xfb, 0xfb, 0xfd, 0xfd, 0xfd,
0xfd, 0xfd, 0xfd, 0xfd, 0xfd, 0xfd, 0xfd, 0xfd, 0xfd, 0xfd, 0xfd, 0xfd, 0xfd, 0xfd, 0xfd, 0xfd, 0xfd, 0xfd, 0xff, 0xfe, 0xff, 0xff, 0xfe, 0xff,
0xff, 0xfb, 0xfd, 0xff, 0xfb, 0xfd, 0xff, 0xfb, 0xfd, 0xff, 0xfb, 0xfd, 0xff, 0xfa, 0xfc, 0xff, 0xfa, 0xfc, 0xff, 0xf8, 0xfb, 0xff, 0xf8, 0xfb,
0xff, 0xfb, 0xff, 0xff, 0xf6, 0xfa, 0xff, 0xfb, 0xff, 0xff, 0xfb, 0xff, 0xff, 0xfb, 0xff, 0xff, 0xfb, 0xff, 0xff, 0xfb, 0xfd, 0xff, 0xfb, 0xfd,
0xaf, 0x96, 0x94, 0xaf, 0x96, 0x94, 0xac, 0x97, 0x91, 0xab, 0x96, 0x90, 0xaa, 0x95, 0x8f, 0xa9, 0x94, 0x8e, 0xa7, 0x92, 0x8c, 0xa7, 0x92, 0x8c,
0xa7, 0x92, 0x8c, 0xa7, 0x92, 0x8c, 0xa7, 0x92, 0x8c, 0xa7, 0x92, 0x8c, 0xc2, 0xad, 0xa7, 0xdb, 0xc6, 0xc0, 0xf2, 0xdc, 0xd9, 0xf7, 0xe1, 0xde,
0xff, 0xdf, 0xe3, 0xff, 0xe0, 0xe4, 0xff, 0xe0, 0xe6, 0xff, 0xe0, 0xe6, 0xff, 0xe0, 0xe6, 0xff, 0xe0, 0xe6, 0xff, 0xe7, 0xed, 0xff, 0xe5, 0xeb,
0xfc, 0xe4, 0xe8, 0xfc, 0xe4, 0xe8, 0xf7, 0xe3, 0xe7, 0xf7, 0xe3, 0xe7, 0xf7, 0xe3, 0xe7, 0xf7, 0xe3, 0xe7, 0xf3, 0xe4, 0xe7, 0xf3, 0xe4, 0xe7,
0xeb, 0xe6, 0xe7, 0xeb, 0xe6, 0xe7, 0xe7, 0xe7, 0xe7, 0xe7, 0xe7, 0xe7, 0xe7, 0xe7, 0xe7, 0xff, 0xff, 0xff, 0xb6, 0xb6, 0xb6, 0x01, 0x01, 0x01,
0x79, 0x79, 0x79, 0xff, 0xff, 0xff, 0xfb, 0xfb, 0xfb, 0xf6, 0xf6, 0xf6, 0xf8, 0xf8, 0xf8, 0xfc, 0xfc, 0xfc, 0xff, 0xff, 0xff, 0xff, 0xff, 0xff,
0xff, 0xff, 0xff, 0xff, 0xff, 0xff, 0xff, 0xff, 0xff, 0xff, 0xff, 0xff, 0xff, 0xff, 0xff, 0xff, 0xff, 0xff, 0xff, 0xfe, 0xfe, 0xff, 0xfd, 0xfd,
0xff, 0xfa, 0xf7, 0xff, 0xfa, 0xf7, 0xff, 0xf8, 0xf4, 0xff, 0xf7, 0xf3, 0xff, 0xf8, 0xf4, 0xff, 0xfe, 0xfa, 0xff, 0xff, 0xff, 0xff, 0xff, 0xff,
0xff, 0xdf, 0xdd, 0xf0, 0xc5, 0xc3, 0xdc, 0xaa, 0xa9, 0xc2, 0x90, 0x8f, 0xc2, 0x90, 0x8f, 0xc2, 0x90, 0x8f, 0xc8, 0x8f, 0x8f, 0xc8, 0x8f, 0x8f,
0xc8, 0x8f, 0x8f, 0xc8, 0x8f, 0x8f, 0xc7, 0x89, 0x8a, 0xc6, 0x88, 0x89, 0xc1, 0x83, 0x84, 0xbf, 0x81, 0x82, 0xbd, 0x7f, 0x80, 0xbb, 0x7d, 0x7e,
0xbb, 0x7d, 0x7e, 0xbb, 0x7d, 0x7e, 0xbb, 0x7d, 0x7e, 0xbb, 0x7d, 0x7e, 0xd3, 0x95, 0x96, 0xed, 0xaf, 0xb0, 0xff, 0xd9, 0xdc, 0xff, 0xe9, 0xec,
0xff, 0xe8, 0xec, 0xff, 0xe2, 0xe6, 0xff, 0xe3, 0xe8, 0xfe, 0xe1, 0xe6, 0xff, 0xe5, 0xea, 0xff, 0xe9, 0xee, 0xff, 0xeb, 0xef, 0xff, 0xed, 0xf1,
0xff, 0xed, 0xf1, 0xff, 0xed, 0xf1, 0xfe, 0xea, 0xee, 0xfd, 0xe9, 0xed, 0xfc, 0xe8, 0xec, 0xfb, 0xe7, 0xeb, 0xf6, 0xe7, 0xea, 0xf4, 0xe5, 0xe8,
0xe8, 0xe3, 0xe4, 0xf0, 0xeb, 0xec, 0xe6, 0xe6, 0xe6, 0xe5, 0xe5, 0xe5, 0xf6, 0xf6, 0xf6, 0xf8, 0xf8, 0xf8, 0xfa, 0xfa, 0xfa, 0xfb, 0xfb, 0xfb,
0xfb, 0xfb, 0xfb, 0xfb, 0xfb, 0xfb, 0xfb, 0xfb, 0xfb, 0xfb, 0xfb, 0xfb, 0xfb, 0xfb, 0xfb, 0xfb, 0xfb, 0xfb, 0xfd, 0xfa, 0xfb, 0xfc, 0xf9, 0xfa,
0xff, 0xf9, 0xfb, 0xff, 0xfa, 0xfc, 0xff, 0xf9, 0xfb, 0xff, 0xf9, 0xfb, 0xff, 0xf9, 0xfb, 0xff, 0xf9, 0xfb, 0xff, 0xf6, 0xfa, 0xff, 0xf6, 0xfa,
0xff, 0xee, 0xf4, 0xff, 0xf2, 0xf8, 0xff, 0xea, 0xf2, 0xff, 0xea, 0xf2, 0xe6, 0xba, 0xc2, 0xcc, 0xa0, 0xa8, 0xba, 0x85, 0x8c, 0xb7, 0x82, 0x89,
0xba, 0x82, 0x85, 0xb9, 0x81, 0x84, 0xbf, 0x81, 0x82, 0xbf, 0x81, 0x82, 0xbf, 0x81, 0x82, 0xbf, 0x81, 0x82, 0xba, 0x7c, 0x7d, 0xb9, 0x7b, 0x7c,
0xb4, 0x76, 0x77, 0xb2, 0x74, 0x75, 0xb0, 0x72, 0x73, 0xaf, 0x71, 0x72, 0xaf, 0x71, 0x72, 0xaf, 0x71, 0x72, 0xaf, 0x70, 0x74, 0xaf, 0x70, 0x74,
0xee, 0xbb, 0xc2, 0xff, 0xd7, 0xde, 0xff, 0xf2, 0xfb, 0xff, 0xf4, 0xfd, 0xff, 0xf6, 0xff, 0xff, 0xf2, 0xfb, 0xff, 0xe6, 0xed, 0xff, 0xe5, 0xec,
0xfe, 0xe3, 0xe8, 0xfd, 0xe2, 0xe7, 0xf6, 0xe2, 0xe6, 0xf5, 0xe1, 0xe5, 0xf5, 0xe1, 0xe5, 0xf5, 0xe1, 0xe5, 0xf1, 0xe2, 0xe5, 0xf1, 0xe2, 0xe5,
0xe9, 0xe4, 0xe5, 0xe9, 0xe4, 0xe5, 0xe5, 0xe5, 0xe5, 0xe5, 0xe5, 0xe5, 0xe3, 0xe3, 0xe3, 0xfb, 0xfb, 0xfb, 0xba, 0xba, 0xba, 0x05, 0x05, 0x05,
0x79, 0x79, 0x79, 0xff, 0xff, 0xff, 0xfb, 0xfb, 0xfb, 0xf6, 0xf6, 0xf6, 0xf8, 0xf8, 0xf8, 0xfc, 0xfc, 0xfc, 0xff, 0xff, 0xff, 0xff, 0xff, 0xff,
0xff, 0xff, 0xff, 0xff, 0xff, 0xff, 0xff, 0xff, 0xff, 0xff, 0xff, 0xff, 0xff, 0xff, 0xff, 0xff, 0xff, 0xff, 0xff, 0xfe, 0xfe, 0xff, 0xfd, 0xfd,
0xff, 0xf9, 0xf6, 0xff, 0xf9, 0xf6, 0xff, 0xf8, 0xf4, 0xff, 0xf7, 0xf3, 0xff, 0xf3, 0xef, 0xff, 0xef, 0xeb, 0xff, 0xe7, 0xe4, 0xff, 0xe3, 0xe0,
0xe1, 0xb6, 0xb4, 0xc6, 0x9b, 0x99, 0xb3, 0x81, 0x80, 0xac, 0x7a, 0x79, 0xa9, 0x77, 0x76, 0xaa, 0x78, 0x77, 0xb0, 0x77, 0x77, 0xb0, 0x77, 0x77,
0xb0, 0x77, 0x77, 0xb0, 0x77, 0x77, 0xb0, 0x72, 0x73, 0xaf, 0x71, 0x72, 0xaa, 0x6c, 0x6d, 0xa8, 0x6a, 0x6b, 0xa5, 0x67, 0x68, 0xa4, 0x66, 0x67,
0xa4, 0x66, 0x67, 0xa4, 0x66, 0x67, 0xa4, 0x66, 0x67, 0xa4, 0x66, 0x67, 0xb0, 0x72, 0x73, 0xc1, 0x83, 0x84, 0xcf, 0x95, 0x98, 0xe9, 0xaf, 0xb2,
0xff, 0xee, 0xf2, 0xff, 0xf2, 0xf6, 0xff, 0xf4, 0xf9, 0xff, 0xf7, 0xfc, 0xff, 0xf3, 0xf8, 0xff, 0xea, 0xef, 0xff, 0xeb, 0xef, 0xff, 0xed, 0xf1,
0xff, 0xed, 0xf1, 0xff, 0xed, 0xf1, 0xfe, 0xea, 0xee, 0xfd, 0xe9, 0xed, 0xfc, 0xe8, 0xec, 0xfb, 0xe7, 0xeb, 0xf6, 0xe7, 0xea, 0xf4, 0xe5, 0xe8,
0xe9, 0xe4, 0xe5, 0xef, 0xea, 0xeb, 0xe8, 0xe8, 0xe8, 0xe7, 0xe7, 0xe7, 0xf5, 0xf5, 0xf5, 0xf6, 0xf6, 0xf6, 0xf9, 0xf9, 0xf9, 0xfa, 0xfa, 0xfa,
0xfa, 0xfa, 0xfa, 0xfa, 0xfa, 0xfa, 0xfa, 0xfa, 0xfa, 0xfa, 0xfa, 0xfa, 0xfa, 0xfa, 0xfa, 0xfa, 0xfa, 0xfa, 0xfc, 0xf9, 0xfa, 0xfc, 0xf9, 0xfa,
0xff, 0xf8, 0xfa, 0xff, 0xf9, 0xfb, 0xff, 0xf8, 0xfa, 0xff, 0xf8, 0xfa, 0xff, 0xf8, 0xfa, 0xff, 0xf8, 0xfa, 0xff, 0xf6, 0xfa, 0xff, 0xf6, 0xfa,
0xff, 0xff, 0xff, 0xff, 0xec, 0xf2, 0xec, 0xc0, 0xc8, 0xd7, 0xab, 0xb3, 0xb2, 0x86, 0x8e, 0xad, 0x81, 0x89, 0xb4, 0x7f, 0x86, 0xb4, 0x7f, 0x86,
0xb8, 0x80, 0x83, 0xb9, 0x81, 0x84, 0xbf, 0x81, 0x82, 0xbf, 0x81, 0x82, 0xbf, 0x81, 0x82, 0xbf, 0x81, 0x82, 0xba, 0x7c, 0x7d, 0xb9, 0x7b, 0x7c,
0xb4, 0x76, 0x77, 0xb2, 0x74, 0x75, 0xb0, 0x72, 0x73, 0xaf, 0x71, 0x72, 0xaf, 0x71, 0x72, 0xaf, 0x71, 0x72, 0xaf, 0x70, 0x74, 0xaf, 0x70, 0x74,
0xad, 0x7a, 0x81, 0xc9, 0x96, 0x9d, 0xe4, 0xb1, 0xba, 0xff, 0xcd, 0xd6, 0xff, 0xe1, 0xea, 0xff, 0xe4, 0xed, 0xff, 0xe6, 0xed, 0xff, 0xeb, 0xf2,
0xfd, 0xe2, 0xe7, 0xfd, 0xe2, 0xe7, 0xf6, 0xe2, 0xe6, 0xf6, 0xe2, 0xe6, 0xf6, 0xe2, 0xe6, 0xf6, 0xe2, 0xe6, 0xf2, 0xe3, 0xe6, 0xf2, 0xe3, 0xe6,
0xea, 0xe5, 0xe6, 0xea, 0xe5, 0xe6, 0xe6, 0xe6, 0xe6, 0xe6, 0xe6, 0xe6, 0xdf, 0xdf, 0xdf, 0xfa, 0xfa, 0xfa, 0xbb, 0xbb, 0xbb, 0x08, 0x08, 0x08,
0x79, 0x79, 0x79, 0xff, 0xff, 0xff, 0xfb, 0xfb, 0xfb, 0xf5, 0xf5, 0xf5, 0xf6, 0xf6, 0xf6, 0xfa, 0xfa, 0xfa, 0xfb, 0xfb, 0xfb, 0xfd, 0xfd, 0xfd,
0xfd, 0xfd, 0xfd, 0xfd, 0xfd, 0xfd, 0xfd, 0xfd, 0xfd, 0xfd, 0xfd, 0xfd, 0xfd, 0xfd, 0xfd, 0xfd, 0xfd, 0xfd, 0xff, 0xfa, 0xfa, 0xff, 0xfa, 0xfa,
0xff, 0xf7, 0xf6, 0xff, 0xf8, 0xf7, 0xff, 0xf5, 0xf3, 0xff, 0xf5, 0xf3, 0xff, 0xe2, 0xe0, 0xfa, 0xd1, 0xcf, 0xdd, 0xad, 0xac, 0xcd, 0x9d, 0x9c,
0xcc, 0x95, 0x95, 0xc5, 0x8e, 0x8e, 0xc5, 0x87, 0x88, 0xc0, 0x82, 0x83, 0xc0, 0x82, 0x83, 0xc0, 0x82, 0x83, 0xc2, 0x82, 0x83, 0xc2, 0x82, 0x83,
0xc8, 0x80, 0x83, 0xc8, 0x80, 0x83, 0xc5, 0x7b, 0x7e, 0xc4, 0x7a, 0x7d, 0xc0, 0x76, 0x79, 0xbd, 0x73, 0x76, 0xbb, 0x71, 0x74, 0xba, 0x70, 0x73,
0xba, 0x70, 0x73, 0xba, 0x70, 0x73, 0xb9, 0x6f, 0x72, 0xb7, 0x6d, 0x70, 0xba, 0x70, 0x73, 0xb9, 0x6f, 0x72, 0xb2, 0x71, 0x75, 0xc3, 0x82, 0x86,
0xee, 0xbb, 0xc2, 0xff, 0xcc, 0xd3, 0xff, 0xf1, 0xf8, 0xff, 0xff, 0xff, 0xff, 0xea, 0xf1, 0xff, 0xea, 0xf1, 0xff, 0xeb, 0xf1, 0xff, 0xec, 0xf2,
0xff, 0xec, 0xf1, 0xff, 0xec, 0xf1, 0xfe, 0xea, 0xee, 0xfd, 0xe9, 0xed, 0xfc, 0xe8, 0xec, 0xfb, 0xe7, 0xeb, 0xf6, 0xe7, 0xea, 0xf4, 0xe5, 0xe8,
0xea, 0xe5, 0xe6, 0xee, 0xe9, 0xea, 0xea, 0xea, 0xea, 0xeb, 0xeb, 0xeb, 0xf4, 0xf4, 0xf4, 0xf5, 0xf5, 0xf5, 0xf8, 0xf8, 0xf8, 0xf9, 0xf9, 0xf9,
0xf9, 0xf9, 0xf9, 0xf9, 0xf9, 0xf9, 0xf9, 0xf9, 0xf9, 0xf9, 0xf9, 0xf9, 0xf9, 0xf9, 0xf9, 0xf9, 0xf9, 0xf9, 0xfb, 0xf8, 0xf9, 0xfb, 0xf8, 0xf9,
0xff, 0xf7, 0xf9, 0xff, 0xf8, 0xfa, 0xff, 0xf8, 0xfa, 0xff, 0xf8, 0xfa, 0xff, 0xf9, 0xfb, 0xff, 0xf7, 0xf9, 0xff, 0xf5, 0xf9, 0xff, 0xf5, 0xf9,
0xff, 0xd5, 0xdd, 0xec, 0xc0, 0xc8, 0xcc, 0x94, 0x9e, 0xb7, 0x7f, 0x89, 0xb1, 0x79, 0x83, 0xb8, 0x80, 0x8a, 0xbd, 0x81, 0x89, 0xbd, 0x81, 0x89,
0xc8, 0x82, 0x87, 0xca, 0x84, 0x89, 0xca, 0x80, 0x83, 0xca, 0x80, 0x83, 0xca, 0x80, 0x83, 0xcb, 0x81, 0x84, 0xc9, 0x7f, 0x82, 0xc8, 0x7e, 0x81,
0xc3, 0x79, 0x7c, 0xc1, 0x77, 0x7a, 0xbe, 0x74, 0x77, 0xbe, 0x74, 0x77, 0xbc, 0x72, 0x75, 0xbb, 0x71, 0x74, 0xb7, 0x6e, 0x74, 0xb5, 0x6c, 0x72,
0xac, 0x69, 0x72, 0xab, 0x68, 0x71, 0xab, 0x6c, 0x77, 0xbe, 0x7f, 0x8a, 0xee, 0xaf, 0xba, 0xfe, 0xbf, 0xca, 0xff, 0xe4, 0xed, 0xff, 0xf6, 0xff,
0xff, 0xe4, 0xea, 0xff, 0xe0, 0xe6, 0xf6, 0xe2, 0xe6, 0xf6, 0xe2, 0xe6, 0xf6, 0xe2, 0xe6, 0xf6, 0xe2, 0xe6, 0xf2, 0xe3, 0xe6, 0xf2, 0xe3, 0xe6,
0xea, 0xe5, 0xe6, 0xea, 0xe5, 0xe6, 0xe6, 0xe6, 0xe6, 0xe6, 0xe6, 0xe6, 0xdd, 0xdd, 0xdd, 0xf9, 0xf9, 0xf9, 0xbc, 0xbc, 0xbc, 0x0a, 0x0a, 0x0a,
0x79, 0x79, 0x79, 0xff, 0xff, 0xff, 0xfb, 0xfb, 0xfb, 0xf5, 0xf5, 0xf5, 0xf5, 0xf5, 0xf5, 0xf9, 0xf9, 0xf9, 0xfa, 0xfa, 0xfa, 0xfc, 0xfc, 0xfc,
0xfc, 0xfc, 0xfc, 0xfc, 0xfc, 0xfc, 0xfc, 0xfc, 0xfc, 0xfc, 0xfc, 0xfc, 0xfc, 0xfc, 0xfc, 0xfc, 0xfc, 0xfc, 0xff, 0xfa, 0xfa, 0xff, 0xf9, 0xf9,
0xff, 0xf7, 0xf6, 0xff, 0xf8, 0xf7, 0xff, 0xf5, 0xf3, 0xff, 0xf5, 0xf3, 0xff, 0xda, 0xd8, 0xec, 0xc3, 0xc1, 0xc2, 0x92, 0x91, 0xaa, 0x7a, 0x79,
0xbe, 0x87, 0x87, 0xbc, 0x85, 0x85, 0xc2, 0x84, 0x85, 0xc2, 0x84, 0x85, 0xc2, 0x84, 0x85, 0xc4, 0x86, 0x87, 0xc7, 0x87, 0x88, 0xc8, 0x88, 0x89,
0xcf, 0x87, 0x8a, 0xd0, 0x88, 0x8b, 0xcf, 0x85, 0x88, 0xcf, 0x85, 0x88, 0xca, 0x80, 0x83, 0xc8, 0x7e, 0x81, 0xc5, 0x7b, 0x7e, 0xc4, 0x7a, 0x7d,
0xc4, 0x7a, 0x7d, 0xc1, 0x77, 0x7a, 0xbd, 0x73, 0x76, 0xbb, 0x71, 0x74, 0xbb, 0x71, 0x74, 0xb7, 0x6d, 0x70, 0xac, 0x6b, 0x6f, 0xaf, 0x6e, 0x72,
0xb5, 0x82, 0x89, 0xce, 0x9b, 0xa2, 0xf5, 0xcc, 0xd3, 0xff, 0xe4, 0xeb, 0xff, 0xea, 0xf1, 0xff, 0xed, 0xf4, 0xff, 0xed, 0xf3, 0xff, 0xed, 0xf3,
0xff, 0xed, 0xf2, 0xff, 0xed, 0xf2, 0xff, 0xeb, 0xef, 0xfd, 0xe9, 0xed, 0xfc, 0xe8, 0xec, 0xfb, 0xe7, 0xeb, 0xf6, 0xe7, 0xea, 0xf4, 0xe5, 0xe8,
0xec, 0xe7, 0xe8, 0xec, 0xe7, 0xe8, 0xec, 0xec, 0xec, 0xee, 0xee, 0xee, 0xf3, 0xf3, 0xf3, 0xf4, 0xf4, 0xf4, 0xf6, 0xf6, 0xf6, 0xf9, 0xf9, 0xf9,
0xf9, 0xf9, 0xf9, 0xf9, 0xf9, 0xf9, 0xf9, 0xf9, 0xf9, 0xf9, 0xf9, 0xf9, 0xf9, 0xf9, 0xf9, 0xf9, 0xf9, 0xf9, 0xfb, 0xf8, 0xf9, 0xfb, 0xf8, 0xf9,
0xff, 0xf7, 0xf9, 0xff, 0xf7, 0xf9, 0xff, 0xf9, 0xfb, 0xff, 0xf9, 0xfb, 0xff, 0xf9, 0xfb, 0xff, 0xf7, 0xf9, 0xff, 0xf5, 0xf9, 0xff, 0xf5, 0xf9,
0xc2, 0x96, 0x9e, 0xc2, 0x96, 0x9e, 0xc4, 0x8c, 0x96, 0xc6, 0x8e, 0x98, 0xc1, 0x89, 0x93, 0xbe, 0x86, 0x90, 0xc0, 0x84, 0x8c, 0xc0, 0x84, 0x8c,
0xca, 0x84, 0x89, 0xca, 0x84, 0x89, 0xca, 0x80, 0x83, 0xca, 0x80, 0x83, 0xce, 0x84, 0x87, 0xcf, 0x85, 0x88, 0xc9, 0x7f, 0x82, 0xc8, 0x7e, 0x81,
0xc3, 0x79, 0x7c, 0xc1, 0x77, 0x7a, 0xbe, 0x74, 0x77, 0xc4, 0x7a, 0x7d, 0xc1, 0x77, 0x7a, 0xbc, 0x72, 0x75, 0xb7, 0x6e, 0x74, 0xb3, 0x6a, 0x70,
0xab, 0x68, 0x71, 0xa8, 0x65, 0x6e, 0x9d, 0x5e, 0x69, 0x99, 0x5a, 0x65, 0xd5, 0x96, 0xa1, 0xee, 0xaf, 0xba, 0xff, 0xe1, 0xea, 0xff, 0xf8, 0xff,
0xff, 0xe7, 0xed, 0xff, 0xdf, 0xe5, 0xf6, 0xe2, 0xe6, 0xf6, 0xe2, 0xe6, 0xf6, 0xe2, 0xe6, 0xf6, 0xe2, 0xe6, 0xf2, 0xe3, 0xe6, 0xf2, 0xe3, 0xe6,
0xea, 0xe5, 0xe6, 0xea, 0xe5, 0xe6, 0xe6, 0xe6, 0xe6, 0xe6, 0xe6, 0xe6, 0xda, 0xda, 0xda, 0xf8, 0xf8, 0xf8, 0xbd, 0xbd, 0xbd, 0x0d, 0x0d, 0x0d,
0x79, 0x79, 0x79, 0xff, 0xff, 0xff, 0xfb, 0xfb, 0xfb, 0xf5, 0xf5, 0xf5, 0xf4, 0xf4, 0xf4, 0xf6, 0xf6, 0xf6, 0xf8, 0xf8, 0xf8, 0xf8, 0xf8, 0xf8,
0xf8, 0xf8, 0xf8, 0xf8, 0xf8, 0xf8, 0xf8, 0xf8, 0xf8, 0xf8, 0xf8, 0xf8, 0xf8, 0xf8, 0xf8, 0xf8, 0xf8, 0xf8, 0xff, 0xf6, 0xf6, 0xff, 0xf6, 0xf6,
0xf1, 0xd1, 0xd0, 0xff, 0xf9, 0xf8, 0xff, 0xf3, 0xf1, 0xdf, 0xb6, 0xb4, 0xe6, 0xbd, 0xbb, 0xc2, 0x99, 0x97, 0xaf, 0x7f, 0x7e, 0xab, 0x7b, 0x7a,
0xb5, 0x7e, 0x7e, 0xb8, 0x81, 0x81, 0xbe, 0x80, 0x81, 0xbe, 0x80, 0x81, 0xbe, 0x80, 0x81, 0xbf, 0x81, 0x82, 0xc3, 0x83, 0x84, 0xc4, 0x84, 0x85,
0xcd, 0x85, 0x88, 0xcf, 0x87, 0x8a, 0xd2, 0x88, 0x8b, 0xd3, 0x89, 0x8c, 0xd3, 0x89, 0x8c, 0xd3, 0x89, 0x8c, 0xce, 0x84, 0x87, 0xcb, 0x81, 0x84,
0xc4, 0x7a, 0x7d, 0xc1, 0x77, 0x7a, 0xbe, 0x74, 0x77, 0xbc, 0x72, 0x75, 0xba, 0x70, 0x73, 0xb6, 0x6c, 0x6f, 0xad, 0x6c, 0x70, 0xac, 0x6b, 0x6f,
0x9e, 0x6b, 0x72, 0x9e, 0x6b, 0x72, 0x96, 0x6d, 0x74, 0x96, 0x6d, 0x74, 0xff, 0xec, 0xf3, 0xff, 0xeb, 0xf2, 0xff, 0xec, 0xf2, 0xff, 0xec, 0xf2,
0xff, 0xec, 0xf1, 0xff, 0xec, 0xf1, 0xfe, 0xea, 0xee, 0xfd, 0xe9, 0xed, 0xfc, 0xe8, 0xec, 0xfb, 0xe7, 0xeb, 0xf6, 0xe7, 0xea, 0xf4, 0xe5, 0xe8,
0xec, 0xe7, 0xe8, 0xec, 0xe7, 0xe8, 0xec, 0xec, 0xec, 0xee, 0xee, 0xee, 0xf3, 0xf3, 0xf3, 0xf4, 0xf4, 0xf4, 0xf6, 0xf6, 0xf6, 0xf9, 0xf9, 0xf9,
0xf9, 0xf9, 0xf9, 0xf9, 0xf9, 0xf9, 0xf9, 0xf9, 0xf9, 0xf9, 0xf9, 0xf9, 0xf9, 0xf9, 0xf9, 0xf9, 0xf9, 0xf9, 0xfb, 0xf8, 0xf9, 0xfb, 0xf8, 0xf9,
0xff, 0xf7, 0xf9, 0xff, 0xf7, 0xf9, 0xff, 0xf8, 0xfa, 0xff, 0xf9, 0xfb, 0xff, 0xfd, 0xff, 0xff, 0xff, 0xff, 0xd4, 0xbc, 0xc0, 0x90, 0x78, 0x7c,
0xb2, 0x86, 0x8e, 0xb2, 0x86, 0x8e, 0xbf, 0x87, 0x91, 0xbc, 0x84, 0x8e, 0xbc, 0x84, 0x8e, 0xbc, 0x84, 0x8e, 0xbd, 0x81, 0x89, 0xbc, 0x80, 0x88,
0xc3, 0x7d, 0x82, 0xc1, 0x7b, 0x80, 0xcb, 0x81, 0x84, 0xcb, 0x81, 0x84, 0xcb, 0x81, 0x84, 0xcc, 0x82, 0x85, 0xcf, 0x85, 0x88, 0xd1, 0x87, 0x8a,
0xd1, 0x87, 0x8a, 0xd1, 0x87, 0x8a, 0xcc, 0x82, 0x85, 0xc3, 0x79, 0x7c, 0xc1, 0x77, 0x7a, 0xbd, 0x73, 0x76, 0xb9, 0x70, 0x76, 0xb8, 0x6f, 0x75,
0xab, 0x68, 0x71, 0xaa, 0x67, 0x70, 0xa7, 0x68, 0x73, 0xa6, 0x67, 0x72, 0x8b, 0x4c, 0x57, 0xa3, 0x64, 0x6f, 0xc9, 0x96, 0x9f, 0xe0, 0xad, 0xb6,
0xff, 0xe7, 0xed, 0xff, 0xe1, 0xe7, 0xf6, 0xe2, 0xe6, 0xf6, 0xe2, 0xe6, 0xf6, 0xe2, 0xe6, 0xf6, 0xe2, 0xe6, 0xf2, 0xe3, 0xe6, 0xf2, 0xe3, 0xe6,
0xea, 0xe5, 0xe6, 0xea, 0xe5, 0xe6, 0xe6, 0xe6, 0xe6, 0xe6, 0xe6, 0xe6, 0xda, 0xda, 0xda, 0xf8, 0xf8, 0xf8, 0xbd, 0xbd, 0xbd, 0x0d, 0x0d, 0x0d,
0x79, 0x79, 0x79, 0xff, 0xff, 0xff, 0xfb, 0xfb, 0xfb, 0xf4, 0xf4, 0xf4, 0xf3, 0xf3, 0xf3, 0xf5, 0xf5, 0xf5, 0xf5, 0xf5, 0xf5, 0xf5, 0xf5, 0xf5,
0xf5, 0xf5, 0xf5, 0xf5, 0xf5, 0xf5, 0xf5, 0xf5, 0xf5, 0xf5, 0xf5, 0xf5, 0xf4, 0xf4, 0xf4, 0xf8, 0xf8, 0xf8, 0xff, 0xf9, 0xf9, 0xff, 0xfa, 0xfa,
0xff, 0xfd, 0xfc, 0xff, 0xfe, 0xfd, 0xe9, 0xc0, 0xbe, 0xa1, 0x78, 0x76, 0xc2, 0x99, 0x97, 0xad, 0x84, 0x82, 0xac, 0x7c, 0x7b, 0xaa, 0x7a, 0x79,
0xb4, 0x7d, 0x7d, 0xb3, 0x7c, 0x7c, 0xba, 0x7c, 0x7d, 0xba, 0x7c, 0x7d, 0xba, 0x7c, 0x7d, 0xba, 0x7c, 0x7d, 0xbb, 0x7b, 0x7c, 0xbb, 0x7b, 0x7c,
0xc0, 0x78, 0x7b, 0xbf, 0x77, 0x7a, 0xc0, 0x76, 0x79, 0xc0, 0x76, 0x79, 0xc0, 0x76, 0x79, 0xc0, 0x76, 0x79, 0xbe, 0x74, 0x77, 0xbd, 0x73, 0x76,
0xbc, 0x72, 0x75, 0xbc, 0x72, 0x75, 0xbc, 0x72, 0x75, 0xbb, 0x71, 0x74, 0xbb, 0x71, 0x74, 0xb9, 0x6f, 0x72, 0xad, 0x6c, 0x70, 0xaf, 0x6e, 0x72,
0x9f, 0x6c, 0x73, 0x9f, 0x6c, 0x73, 0x99, 0x70, 0x77, 0x99, 0x70, 0x77, 0xeb, 0xc2, 0xc9, 0xff, 0xe3, 0xea, 0xff, 0xe6, 0xec, 0xff, 0xe7, 0xed,
0xff, 0xe6, 0xeb, 0xff, 0xe7, 0xec, 0xfc, 0xe8, 0xec, 0xfc, 0xe8, 0xec, 0xfb, 0xe7, 0xeb, 0xfb, 0xe7, 0xeb, 0xf6, 0xe7, 0xea, 0xf4, 0xe5, 0xe8,
0xeb, 0xe6, 0xe7, 0xeb, 0xe6, 0xe7, 0xeb, 0xeb, 0xeb, 0xed, 0xed, 0xed, 0xf2, 0xf2, 0xf2, 0xf3, 0xf3, 0xf3, 0xf5, 0xf5, 0xf5, 0xf8, 0xf8, 0xf8,
0xf8, 0xf8, 0xf8, 0xf8, 0xf8, 0xf8, 0xf8, 0xf8, 0xf8, 0xf8, 0xf8, 0xf8, 0xf8, 0xf8, 0xf8, 0xf9, 0xf9, 0xf9, 0xfb, 0xf8, 0xf9, 0xfb, 0xf8, 0xf9,
0xff, 0xf7, 0xf9, 0xff, 0xf9, 0xfb, 0xff, 0xf8, 0xfa, 0xff, 0xf8, 0xfa, 0xff, 0xff, 0xff, 0xd2, 0xc6, 0xc8, 0xa4, 0x8c, 0x90, 0xa6, 0x8e, 0x92,
0xb5, 0x89, 0x91, 0xb4, 0x88, 0x90, 0xbe, 0x86, 0x90, 0xb9, 0x81, 0x8b, 0xba, 0x82, 0x8c, 0xbe, 0x86, 0x90, 0xc3, 0x87, 0x8f, 0xc4, 0x88, 0x90,
0xd1, 0x8b, 0x90, 0xd2, 0x8c, 0x91, 0xc9, 0x7f, 0x82, 0xc8, 0x7e, 0x81, 0xc5, 0x7b, 0x7e, 0xc4, 0x7a, 0x7d, 0xc1, 0x77, 0x7a, 0xbd, 0x73, 0x76,
0xbd, 0x73, 0x76, 0xbd, 0x73, 0x76, 0xbd, 0x73, 0x76, 0xc1, 0x77, 0x7a, 0xbe, 0x74, 0x77, 0xbc, 0x72, 0x75, 0xb9, 0x70, 0x76, 0xb7, 0x6e, 0x74,
0xac, 0x69, 0x72, 0xaa, 0x67, 0x70, 0xa4, 0x65, 0x70, 0xa2, 0x63, 0x6e, 0x92, 0x53, 0x5e, 0x9d, 0x5e, 0x69, 0xb8, 0x85, 0x8e, 0xc9, 0x96, 0x9f,
0xff, 0xe1, 0xe7, 0xff, 0xe7, 0xed, 0xf6, 0xe2, 0xe6, 0xf6, 0xe2, 0xe6, 0xf6, 0xe2, 0xe6, 0xf6, 0xe2, 0xe6, 0xf2, 0xe3, 0xe6, 0xf2, 0xe3, 0xe6,
0xea, 0xe5, 0xe6, 0xea, 0xe5, 0xe6, 0xe6, 0xe6, 0xe6, 0xe6, 0xe6, 0xe6, 0xda, 0xda, 0xda, 0xf8, 0xf8, 0xf8, 0xbd, 0xbd, 0xbd, 0x0d, 0x0d, 0x0d,
0x79, 0x79, 0x79, 0xff, 0xff, 0xff, 0xfb, 0xfb, 0xfb, 0xf4, 0xf4, 0xf4, 0xf2, 0xf2, 0xf2, 0xf4, 0xf4, 0xf4, 0xf4, 0xf4, 0xf4, 0xf4, 0xf4, 0xf4,
0xf4, 0xf4, 0xf4, 0xf4, 0xf4, 0xf4, 0xf6, 0xf3, 0xf4, 0xf6, 0xf3, 0xf4, 0xf9, 0xef, 0xf1, 0xff, 0xf6, 0xf8, 0xff, 0xef, 0xf1, 0xff, 0xef, 0xf1,
0xff, 0xff, 0xff, 0xfe, 0xd4, 0xd5, 0xbe, 0x8c, 0x8b, 0x9a, 0x68, 0x67, 0xb1, 0x7f, 0x7e, 0xad, 0x7b, 0x7a, 0xae, 0x79, 0x79, 0xae, 0x79, 0x79,
0xb2, 0x79, 0x79, 0xb2, 0x79, 0x79, 0xb4, 0x78, 0x79, 0xb4, 0x78, 0x79, 0xb4, 0x78, 0x79, 0xb4, 0x78, 0x79, 0xb6, 0x78, 0x79, 0xb6, 0x78, 0x79,
0xbc, 0x77, 0x79, 0xbc, 0x77, 0x79, 0xbe, 0x76, 0x79, 0xbe, 0x76, 0x79, 0xbe, 0x76, 0x79, 0xbe, 0x76, 0x79, 0xb9, 0x71, 0x74, 0xb7, 0x6f, 0x72,
0xb2, 0x6d, 0x6f, 0xb5, 0x70, 0x72, 0xb6, 0x71, 0x73, 0xb7, 0x72, 0x74, 0xb7, 0x72, 0x74, 0xb7, 0x72, 0x74, 0xaa, 0x6b, 0x6f, 0xb1, 0x72, 0x76,
0xa6, 0x6a, 0x72, 0xa7, 0x6b, 0x73, 0xa9, 0x71, 0x7b, 0xa9, 0x71, 0x7b, 0xa5, 0x6d, 0x77, 0xff, 0xc9, 0xd3, 0xff, 0xd4, 0xdc, 0xff, 0xd7, 0xdf,
0xff, 0xe1, 0xe7, 0xff, 0xe2, 0xe8, 0xfc, 0xe6, 0xea, 0xfd, 0xe7, 0xeb, 0xfd, 0xe7, 0xeb, 0xfc, 0xe6, 0xea, 0xfa, 0xe6, 0xea, 0xf8, 0xe4, 0xe8,
0xed, 0xe5, 0xe7, 0xec, 0xe4, 0xe6, 0xed, 0xea, 0xeb, 0xef, 0xec, 0xed, 0xf3, 0xf0, 0xf1, 0xf5, 0xf2, 0xf3, 0xf7, 0xf4, 0xf5, 0xfa, 0xf7, 0xf8,
0xf8, 0xf5, 0xf6, 0xf8, 0xf5, 0xf6, 0xfa, 0xf7, 0xf8, 0xfa, 0xf7, 0xf8, 0xfa, 0xf7, 0xf8, 0xfa, 0xf7, 0xf8, 0xfc, 0xf7, 0xf8, 0xfd, 0xf8, 0xf9,
0xff, 0xf5, 0xf9, 0xff, 0xf8, 0xfc, 0xff, 0xf4, 0xf9, 0xff, 0xf4, 0xf9, 0xd6, 0xbb, 0xc0, 0xa6, 0x8b, 0x90, 0x92, 0x6e, 0x74, 0xa5, 0x81, 0x87,
0xb8, 0x85, 0x8e, 0xb8, 0x85, 0x8e, 0xbe, 0x84, 0x8e, 0xb9, 0x7f, 0x89, 0xba, 0x80, 0x8a, 0xbc, 0x82, 0x8c, 0xbf, 0x80, 0x89, 0xbe, 0x7f, 0x88,
0xc1, 0x7d, 0x82, 0xbf, 0x7b, 0x80, 0xbf, 0x7a, 0x7c, 0xbd, 0x78, 0x7a, 0xbc, 0x77, 0x79, 0xba, 0x75, 0x77, 0xb9, 0x74, 0x76, 0xb9, 0x74, 0x76,
0xb9, 0x74, 0x76, 0xb9, 0x74, 0x76, 0xb9, 0x74, 0x76, 0xb9, 0x74, 0x76, 0xb9, 0x74, 0x76, 0xb8, 0x73, 0x75, 0xb5, 0x71, 0x76, 0xb3, 0x6f, 0x74,
0xae, 0x6b, 0x74, 0xa8, 0x65, 0x6e, 0xa3, 0x62, 0x6d, 0xa1, 0x60, 0x6b, 0x98, 0x57, 0x62, 0x9c, 0x5b, 0x66, 0x9b, 0x61, 0x6b, 0x9f, 0x65, 0x6f,
0xed, 0xba, 0xc3, 0xff, 0xeb, 0xf4, 0xff, 0xe0, 0xe6, 0xff, 0xe0, 0xe6, 0xf8, 0xe2, 0xe6, 0xf8, 0xe2, 0xe6, 0xee, 0xe4, 0xe6, 0xee, 0xe4, 0xe6,
0xea, 0xe5, 0xe6, 0xea, 0xe5, 0xe6, 0xe6, 0xe6, 0xe6, 0xe6, 0xe6, 0xe6, 0xda, 0xda, 0xda, 0xf8, 0xf8, 0xf8, 0xbd, 0xbd, 0xbd, 0x0d, 0x0d, 0x0d,
0x79, 0x79, 0x79, 0xff, 0xff, 0xff, 0xfb, 0xfb, 0xfb, 0xf4, 0xf4, 0xf4, 0xf2, 0xf2, 0xf2, 0xf3, 0xf3, 0xf3, 0xf3, 0xf3, 0xf3, 0xf3, 0xf3, 0xf3,
0xf3, 0xf3, 0xf3, 0xf3, 0xf3, 0xf3, 0xf5, 0xf2, 0xf3, 0xf5, 0xf2, 0xf3, 0xf6, 0xec, 0xee, 0xff, 0xf7, 0xf9, 0xff, 0xef, 0xf1, 0xff, 0xef, 0xf1,
0xff, 0xdf, 0xe0, 0xc1, 0x97, 0x98, 0xa5, 0x73, 0x72, 0xb6, 0x84, 0x83, 0xad, 0x7b, 0x7a, 0xaa, 0x78, 0x77, 0xae, 0x79, 0x79, 0xae, 0x79, 0x79,
0xb2, 0x79, 0x79, 0xb0, 0x77, 0x77, 0xb4, 0x78, 0x79, 0xb4, 0x78, 0x79, 0xb4, 0x78, 0x79, 0xb4, 0x78, 0x79, 0xb6, 0x78, 0x79, 0xb6, 0x78, 0x79,
0x67, 0x22, 0x24, 0x67, 0x22, 0x24, 0x69, 0x21, 0x24, 0x69, 0x21, 0x24, 0x69, 0x21, 0x24, 0x69, 0x21, 0x24, 0x69, 0x21, 0x24, 0x69, 0x21, 0x24,
0x81, 0x3c, 0x3e, 0x96, 0x51, 0x53, 0xab, 0x66, 0x68, 0xb0, 0x6b, 0x6d, 0xb0, 0x6b, 0x6d, 0xb0, 0x6b, 0x6d, 0xa6, 0x67, 0x6b, 0xa9, 0x6a, 0x6e,
0xa4, 0x68, 0x70, 0xa4, 0x68, 0x70, 0xa2, 0x6a, 0x74, 0xa2, 0x6a, 0x74, 0x80, 0x48, 0x52, 0xd8, 0xa0, 0xaa, 0xf0, 0xc2, 0xca, 0xf9, 0xcb, 0xd3,
0xff, 0xe0, 0xe6, 0xff, 0xe0, 0xe6, 0xfa, 0xe4, 0xe8, 0xfc, 0xe6, 0xea, 0xfc, 0xe6, 0xea, 0xfc, 0xe6, 0xea, 0xfa, 0xe6, 0xea, 0xf8, 0xe4, 0xe8,
0xec, 0xe4, 0xe6, 0xeb, 0xe3, 0xe5, 0xec, 0xe9, 0xea, 0xee, 0xeb, 0xec, 0xf1, 0xee, 0xef, 0xf4, 0xf1, 0xf2, 0xf6, 0xf3, 0xf4, 0xf8, 0xf5, 0xf6,
0xf7, 0xf4, 0xf5, 0xf7, 0xf4, 0xf5, 0xf8, 0xf5, 0xf6, 0xf8, 0xf5, 0xf6, 0xf8, 0xf5, 0xf6, 0xfa, 0xf7, 0xf8, 0xfc, 0xf7, 0xf8, 0xfc, 0xf7, 0xf8,
0xff, 0xf5, 0xf9, 0xff, 0xf9, 0xfd, 0xff, 0xf4, 0xf9, 0xff, 0xf4, 0xf9, 0x92, 0x77, 0x7c, 0xac, 0x91, 0x96, 0xa5, 0x81, 0x87, 0x7c, 0x58, 0x5e,
0xb3, 0x80, 0x89, 0xb4, 0x81, 0x8a, 0xbb, 0x81, 0x8b, 0xb7, 0x7d, 0x87, 0xb8, 0x7e, 0x88, 0xbe, 0x84, 0x8e, 0xc2, 0x83, 0x8c, 0xb5, 0x76, 0x7f,
0xa0, 0x5c, 0x61, 0x92, 0x4e, 0x53, 0x8d, 0x48, 0x4a, 0x8b, 0x46, 0x48, 0x6e, 0x29, 0x2b, 0x6b, 0x26, 0x28, 0x68, 0x23, 0x25, 0x64, 0x1f, 0x21,
0x64, 0x1f, 0x21, 0x64, 0x1f, 0x21, 0x64, 0x1f, 0x21, 0x64, 0x1f, 0x21, 0xb9, 0x74, 0x76, 0xb8, 0x73, 0x75, 0xb5, 0x71, 0x76, 0xb3, 0x6f, 0x74,
0xae, 0x6b, 0x74, 0xa7, 0x64, 0x6d, 0xa2, 0x61, 0x6c, 0x9e, 0x5d, 0x68, 0x9a, 0x59, 0x64, 0x9b, 0x5a, 0x65, 0x8a, 0x50, 0x5a, 0x87, 0x4d, 0x57,
0xc3, 0x90, 0x99, 0xff, 0xde, 0xe7, 0xff, 0xe0, 0xe6, 0xff, 0xe1, 0xe7, 0xf8, 0xe2, 0xe6, 0xf8, 0xe2, 0xe6, 0xee, 0xe4, 0xe6, 0xee, 0xe4, 0xe6,
0xea, 0xe5, 0xe6, 0xea, 0xe5, 0xe6, 0xe6, 0xe6, 0xe6, 0xe6, 0xe6, 0xe6, 0xda, 0xda, 0xda, 0xf8, 0xf8, 0xf8, 0xbd, 0xbd, 0xbd, 0x0d, 0x0d, 0x0d,
0x79, 0x79, 0x79, 0xff, 0xff, 0xff, 0xfb, 0xfb, 0xfb, 0xf4, 0xf4, 0xf4, 0xf2, 0xf2, 0xf2, 0xf3, 0xf3, 0xf3, 0xf0, 0xf3, 0xf3, 0xf0, 0xf3, 0xf3,
0xf0, 0xf3, 0xf3, 0xf0, 0xf3, 0xf3, 0xf9, 0xf1, 0xf3, 0xf9, 0xf1, 0xf3, 0xff, 0xe6, 0xec, 0xff, 0xf3, 0xf9, 0xff, 0xe7, 0xed, 0xe7, 0xb9, 0xbf,
0xc6, 0x8e, 0x91, 0xa6, 0x6e, 0x71, 0xb1, 0x6e, 0x70, 0xb1, 0x6e, 0x70, 0xb6, 0x73, 0x75, 0xb7, 0x74, 0x76, 0xb4, 0x76, 0x77, 0xb6, 0x78, 0x79,
0xaf, 0x73, 0x74, 0xaf, 0x73, 0x74, 0xa9, 0x72, 0x72, 0xa9, 0x72, 0x72, 0x79, 0x42, 0x42, 0x5f, 0x28, 0x28, 0x46, 0x0d, 0x0d, 0x44, 0x0b, 0x0b,
0x49, 0x09, 0x0a, 0x48, 0x08, 0x09, 0x4a, 0x07, 0x09, 0x4a, 0x07, 0x09, 0x4a, 0x07, 0x09, 0x4a, 0x07, 0x09, 0x4d, 0x0a, 0x0c, 0x4d, 0x0a, 0x0c,
0x52, 0x12, 0x13, 0x63, 0x23, 0x24, 0x7c, 0x3c, 0x3d, 0x92, 0x52, 0x53, 0xba, 0x7a, 0x7b, 0xb4, 0x74, 0x75, 0xa6, 0x5d, 0x63, 0xa7, 0x5e, 0x64,
0xae, 0x5f, 0x6a, 0xae, 0x5f, 0x6a, 0xb3, 0x61, 0x6f, 0xb8, 0x66, 0x74, 0x9d, 0x4b, 0x59, 0x8c, 0x3a, 0x48, 0xb3, 0x6b, 0x77, 0xf5, 0xad, 0xb9,
0xff, 0xdd, 0xe4, 0xff, 0xdd, 0xe4, 0xfe, 0xe1, 0xe6, 0xff, 0xe2, 0xe7, 0xff, 0xe2, 0xe7, 0xff, 0xe2, 0xe7, 0xfa, 0xe2, 0xe6, 0xf8, 0xe0, 0xe4,
0xf0, 0xe1, 0xe4, 0xf0, 0xe1, 0xe4, 0xef, 0xe5, 0xe7, 0xf2, 0xe8, 0xea, 0xf6, 0xec, 0xee, 0xf9, 0xef, 0xf1, 0xfa, 0xf0, 0xf2, 0xfd, 0xf3, 0xf5,
0xfc, 0xf2, 0xf4, 0xfc, 0xf2, 0xf4, 0xfc, 0xf2, 0xf4, 0xfc, 0xf2, 0xf4, 0xfd, 0xf3, 0xf5, 0xfe, 0xf4, 0xf6, 0xff, 0xf2, 0xf6, 0xff, 0xf4, 0xf8,
0xff, 0xe0, 0xe8, 0xff, 0xf7, 0xff, 0xff, 0xea, 0xf3, 0xad, 0x78, 0x81, 0xad, 0x78, 0x81, 0xad, 0x78, 0x81, 0xac, 0x72, 0x7c, 0xab, 0x71, 0x7b,
0xb4, 0x75, 0x80, 0xb4, 0x75, 0x80, 0xb8, 0x77, 0x82, 0xb9, 0x78, 0x83, 0xb7, 0x76, 0x81, 0xb7, 0x76, 0x81, 0xa3, 0x64, 0x6d, 0x93, 0x54, 0x5d,
0x6e, 0x31, 0x35, 0x5a, 0x1d, 0x21, 0x46, 0x0a, 0x0b, 0x36, 0x00, 0x00, 0x40, 0x04, 0x05, 0x41, 0x05, 0x06, 0x40, 0x04, 0x05, 0x41, 0x05, 0x06,
0x3f, 0x03, 0x04, 0x3c, 0x00, 0x01, 0x38, 0x00, 0x00, 0x38, 0x00, 0x00, 0x4b, 0x0f, 0x10, 0x69, 0x2d, 0x2e, 0x9e, 0x5f, 0x63, 0xb3, 0x74, 0x78,
0xa5, 0x5f, 0x69, 0xa6, 0x60, 0x6a, 0xa4, 0x5c, 0x68, 0xa2, 0x5a, 0x66, 0xa0, 0x58, 0x64, 0xa0, 0x58, 0x64, 0x9b, 0x55, 0x61, 0x9b, 0x55, 0x61,
0xac, 0x53, 0x62, 0xaf, 0x56, 0x65, 0xe0, 0x9f, 0xaa, 0xff, 0xe1, 0xec, 0xfa, 0xe2, 0xe6, 0xfa, 0xe2, 0xe6, 0xf0, 0xe4, 0xe6, 0xf0, 0xe4, 0xe6,
0xe8, 0xe5, 0xe6, 0xe8, 0xe5, 0xe6, 0xe6, 0xe6, 0xe6, 0xe6, 0xe6, 0xe6, 0xda, 0xda, 0xda, 0xf8, 0xf8, 0xf8, 0xbd, 0xbd, 0xbd, 0x0d, 0x0d, 0x0d,
0x79, 0x79, 0x79, 0xff, 0xff, 0xff, 0xfb, 0xfb, 0xfb, 0xf4, 0xf4, 0xf4, 0xf2, 0xf2, 0xf2, 0xf3, 0xf3, 0xf3, 0xf0, 0xf3, 0xf3, 0xf0, 0xf3, 0xf3,
0xf0, 0xf3, 0xf3, 0xf0, 0xf3, 0xf3, 0xf9, 0xf1, 0xf3, 0xf9, 0xf1, 0xf3, 0xff, 0xe6, 0xec, 0xff, 0xf3, 0xf9, 0xff, 0xd4, 0xda, 0xcd, 0x9f, 0xa5,
0xa6, 0x6e, 0x71, 0xa3, 0x6b, 0x6e, 0xaf, 0x6c, 0x6e, 0xb0, 0x6d, 0x6f, 0xb5, 0x72, 0x74, 0xb6, 0x73, 0x75, 0xb4, 0x76, 0x77, 0xb6, 0x78, 0x79,
0xc2, 0x86, 0x87, 0xad, 0x71, 0x72, 0x7f, 0x48, 0x48, 0x6a, 0x33, 0x33, 0x44, 0x0d, 0x0d, 0x40, 0x09, 0x09, 0x41, 0x08, 0x08, 0x41, 0x08, 0x08,
0x47, 0x07, 0x08, 0x48, 0x08, 0x09, 0x4a, 0x07, 0x09, 0x4a, 0x07, 0x09, 0x4a, 0x07, 0x09, 0x4a, 0x07, 0x09, 0x4a, 0x07, 0x09, 0x49, 0x06, 0x08,
0x49, 0x09, 0x0a, 0x4f, 0x0f, 0x10, 0x56, 0x16, 0x17, 0x6a, 0x2a, 0x2b, 0x82, 0x42, 0x43, 0x91, 0x51, 0x52, 0x9d, 0x54, 0x5a, 0x9e, 0x55, 0x5b,
0xaa, 0x5b, 0x66, 0xaa, 0x5b, 0x66, 0xa5, 0x53, 0x61, 0xa9, 0x57, 0x65, 0xa2, 0x50, 0x5e, 0x95, 0x43, 0x51, 0xb0, 0x68, 0x74, 0xd6, 0x8e, 0x9a,
0xff, 0xdc, 0xe3, 0xff, 0xdc, 0xe3, 0xfd, 0xe0, 0xe5, 0xfe, 0xe1, 0xe6, 0xff, 0xe2, 0xe7, 0xfe, 0xe1, 0xe6, 0xf9, 0xe1, 0xe5, 0xf8, 0xe0, 0xe4,
0xf0, 0xe1, 0xe4, 0xef, 0xe0, 0xe3, 0xef, 0xe5, 0xe7, 0xf2, 0xe8, 0xea, 0xf5, 0xeb, 0xed, 0xf7, 0xed, 0xef, 0xfa, 0xf0, 0xf2, 0xfc, 0xf2, 0xf4,
0xfb, 0xf1, 0xf3, 0xfb, 0xf1, 0xf3, 0xfc, 0xf2, 0xf4, 0xfc, 0xf2, 0xf4, 0xfc, 0xf2, 0xf4, 0xfd, 0xf3, 0xf5, 0xff, 0xf1, 0xf5, 0xff, 0xf2, 0xf6,
0xff, 0xf1, 0xf9, 0xff, 0xf5, 0xfd, 0xf5, 0xc0, 0xc9, 0x9e, 0x69, 0x72, 0x9e, 0x69, 0x72, 0x9e, 0x69, 0x72, 0xa5, 0x6b, 0x75, 0xa7, 0x6d, 0x77,
0xb0, 0x71, 0x7c, 0xb1, 0x72, 0x7d, 0xb8, 0x77, 0x82, 0xb8, 0x77, 0x82, 0xb0, 0x6f, 0x7a, 0x9f, 0x5e, 0x69, 0x83, 0x44, 0x4d, 0x72, 0x33, 0x3c,
0x51, 0x14, 0x18, 0x40, 0x03, 0x07, 0x2f, 0x00, 0x00, 0x32, 0x00, 0x00, 0x3a, 0x00, 0x00, 0x43, 0x07, 0x08, 0x4f, 0x13, 0x14, 0x4c, 0x10, 0x11,
0x47, 0x0b, 0x0c, 0x45, 0x09, 0x0a, 0x41, 0x05, 0x06, 0x3f, 0x03, 0x04, 0x3f, 0x03, 0x04, 0x44, 0x08, 0x09, 0x4d, 0x0e, 0x12, 0x6b, 0x2c, 0x30,
0x95, 0x4f, 0x59, 0xa2, 0x5c, 0x66, 0xa3, 0x5b, 0x67, 0xa2, 0x5a, 0x66, 0xa0, 0x58, 0x64, 0x9e, 0x56, 0x62, 0x9c, 0x56, 0x62, 0x9e, 0x58, 0x64,
0xae, 0x55, 0x64, 0xaa, 0x51, 0x60, 0xce, 0x8d, 0x98, 0xff, 0xca, 0xd5, 0xfa, 0xe2, 0xe6, 0xfa, 0xe2, 0xe6, 0xf0, 0xe4, 0xe6, 0xf0, 0xe4, 0xe6,
0xe8, 0xe5, 0xe6, 0xe8, 0xe5, 0xe6, 0xe6, 0xe6, 0xe6, 0xe6, 0xe6, 0xe6, 0xda, 0xda, 0xda, 0xf8, 0xf8, 0xf8, 0xbd, 0xbd, 0xbd, 0x0d, 0x0d, 0x0d,
0x79, 0x79, 0x79, 0xff, 0xff, 0xff, 0xfb, 0xfb, 0xfb, 0xf4, 0xf4, 0xf4, 0xf2, 0xf2, 0xf2, 0xf3, 0xf3, 0xf3, 0xee, 0xf3, 0xf3, 0xee, 0xf3, 0xf3,
0xf0, 0xf3, 0xf3, 0xf0, 0xf3, 0xf3, 0xfb, 0xf1, 0xf3, 0xfb, 0xf1, 0xf3, 0xff, 0xe7, 0xee, 0xff, 0xee, 0xf5, 0xe2, 0xad, 0xb4, 0x9f, 0x6a, 0x71,
0xac, 0x6b, 0x6f, 0xa8, 0x67, 0x6b, 0xb3, 0x69, 0x6c, 0xb4, 0x6a, 0x6d, 0xba, 0x70, 0x73, 0xbc, 0x72, 0x75, 0xba, 0x77, 0x79, 0xba, 0x77, 0x79,
0x98, 0x5c, 0x5d, 0x83, 0x47, 0x48, 0x53, 0x1e, 0x1e, 0x3e, 0x09, 0x09, 0x38, 0x03, 0x03, 0x3f, 0x0a, 0x0a, 0x42, 0x0b, 0x0b, 0x42, 0x0b, 0x0b,
0x47, 0x09, 0x0a, 0x48, 0x0a, 0x0b, 0x4b, 0x0b, 0x0c, 0x4b, 0x0b, 0x0c, 0x4c, 0x0c, 0x0d, 0x4c, 0x0c, 0x0d, 0x49, 0x0b, 0x0c, 0x49, 0x0b, 0x0c,
0x45, 0x0c, 0x0c, 0x43, 0x0a, 0x0a, 0x40, 0x09, 0x09, 0x47, 0x10, 0x10, 0x44, 0x0d, 0x0d, 0x5b, 0x24, 0x24, 0x82, 0x41, 0x45, 0x9a, 0x59, 0x5d,
0xaa, 0x53, 0x60, 0xac, 0x55, 0x62, 0xb1, 0x51, 0x61, 0xb1, 0x51, 0x61, 0xa8, 0x48, 0x58, 0xb9, 0x59, 0x69, 0xb5, 0x61, 0x6f, 0xa6, 0x52, 0x60,
0xff, 0xd9, 0xe1, 0xff, 0xd9, 0xe1, 0xfe, 0xde, 0xe4, 0xff, 0xdf, 0xe5, 0xff, 0xe0, 0xe6, 0xff, 0xe0, 0xe6, 0xfb, 0xe0, 0xe5, 0xfa, 0xdf, 0xe4,
0xf1, 0xe0, 0xe3, 0xef, 0xde, 0xe1, 0xf0, 0xe4, 0xe6, 0xf2, 0xe6, 0xe8, 0xf6, 0xea, 0xec, 0xf8, 0xec, 0xee, 0xfb, 0xef, 0xf1, 0xfd, 0xf1, 0xf3,
0xfc, 0xf0, 0xf2, 0xfc, 0xf0, 0xf2, 0xfd, 0xf1, 0xf3, 0xfd, 0xf1, 0xf3, 0xfd, 0xf1, 0xf3, 0xfe, 0xf2, 0xf4, 0xff, 0xf0, 0xf5, 0xff, 0xf1, 0xf6,
0xff, 0xff, 0xff, 0xff, 0xdf, 0xe8, 0xce, 0x8b, 0x96, 0xab, 0x68, 0x73, 0xa6, 0x63, 0x6e, 0xac, 0x69, 0x74, 0xad, 0x6a, 0x75, 0xaf, 0x6c, 0x77,
0xb2, 0x6f, 0x7a, 0xb2, 0x6f, 0x7a, 0xb6, 0x73, 0x7e, 0xb1, 0x6e, 0x79, 0x7c, 0x39, 0x44, 0x6c, 0x29, 0x34, 0x50, 0x0f, 0x18, 0x4a, 0x09, 0x12,
0x41, 0x07, 0x0a, 0x3e, 0x04, 0x07, 0x3f, 0x08, 0x08, 0x3d, 0x06, 0x06, 0x43, 0x0c, 0x0c, 0x48, 0x11, 0x11, 0x49, 0x12, 0x12, 0x48, 0x11, 0x11,
0x46, 0x0f, 0x0f, 0x43, 0x0c, 0x0c, 0x41, 0x0a, 0x0a, 0x40, 0x09, 0x09, 0x3f, 0x08, 0x08, 0x3c, 0x05, 0x05, 0x3d, 0x00, 0x04, 0x44, 0x07, 0x0b,
0x68, 0x22, 0x2c, 0x91, 0x4b, 0x55, 0xa2, 0x57, 0x64, 0xa5, 0x5a, 0x67, 0xa3, 0x58, 0x65, 0xa3, 0x58, 0x65, 0xa5, 0x5a, 0x67, 0xa5, 0x5a, 0x67,
0xc9, 0x5d, 0x6f, 0xbc, 0x50, 0x62, 0xbb, 0x6c, 0x79, 0xea, 0x9b, 0xa8, 0xfa, 0xe2, 0xe6, 0xfa, 0xe2, 0xe6, 0xe3, 0xe6, 0xe6, 0xe3, 0xe6, 0xe6,
0xe6, 0xe6, 0xe6, 0xe6, 0xe6, 0xe6, 0xe6, 0xe6, 0xe6, 0xe6, 0xe6, 0xe6, 0xda, 0xda, 0xda, 0xf8, 0xf8, 0xf8, 0xbd, 0xbd, 0xbd, 0x0d, 0x0d, 0x0d,
0x79, 0x79, 0x79, 0xff, 0xff, 0xff, 0xfb, 0xfb, 0xfb, 0xf4, 0xf4, 0xf4, 0xf2, 0xf2, 0xf2, 0xf3, 0xf3, 0xf3, 0xee, 0xf3, 0xf3, 0xee, 0xf3, 0xf3,
0xf0, 0xf3, 0xf3, 0xf0, 0xf3, 0xf3, 0xfa, 0xf0, 0xf2, 0xfa, 0xf0, 0xf2, 0xff, 0xea, 0xf1, 0xff, 0xe8, 0xef, 0xd0, 0x9b, 0xa2, 0x84, 0x4f, 0x56,
0xaa, 0x69, 0x6d, 0xa7, 0x66, 0x6a, 0xb2, 0x68, 0x6b, 0xb3, 0x69, 0x6c, 0xba, 0x70, 0x73, 0xbb, 0x71, 0x74, 0xba, 0x77, 0x79, 0xba, 0x77, 0x79,
0x59, 0x1d, 0x1e, 0x59, 0x1d, 0x1e, 0x4c, 0x17, 0x17, 0x4d, 0x18, 0x18, 0x48, 0x13, 0x13, 0x45, 0x10, 0x10, 0x46, 0x0f, 0x0f, 0x44, 0x0d, 0x0d,
0x4a, 0x0c, 0x0d, 0x4a, 0x0c, 0x0d, 0x4f, 0x0f, 0x10, 0x4f, 0x0f, 0x10, 0x4c, 0x0c, 0x0d, 0x4c, 0x0c, 0x0d, 0x4a, 0x0c, 0x0d, 0x4a, 0x0c, 0x0d,
0x46, 0x0d, 0x0d, 0x45, 0x0c, 0x0c, 0x42, 0x0b, 0x0b, 0x48, 0x11, 0x11, 0x2a, 0x00, 0x00, 0x3d, 0x06, 0x06, 0x67, 0x26, 0x2a, 0x84, 0x43, 0x47,
0xa0, 0x49, 0x56, 0xa5, 0x4e, 0x5b, 0xb1, 0x51, 0x61, 0xae, 0x4e, 0x5e, 0xa5, 0x45, 0x55, 0xc9, 0x69, 0x79, 0xb3, 0x5f, 0x6d, 0x8b, 0x37, 0x45,
0xff, 0xd8, 0xe0, 0xff, 0xd8, 0xe0, 0xfd, 0xdd, 0xe3, 0xfe, 0xde, 0xe4, 0xff, 0xdf, 0xe5, 0xff, 0xdf, 0xe5, 0xfb, 0xe0, 0xe5, 0xfa, 0xdf, 0xe4,
0xef, 0xde, 0xe1, 0xee, 0xdd, 0xe0, 0xef, 0xe3, 0xe5, 0xf1, 0xe5, 0xe7, 0xf5, 0xe9, 0xeb, 0xf8, 0xec, 0xee, 0xf9, 0xed, 0xef, 0xfd, 0xf1, 0xf3,
0xfb, 0xef, 0xf1, 0xfb, 0xef, 0xf1, 0xfc, 0xf0, 0xf2, 0xfc, 0xf0, 0xf2, 0xfd, 0xf1, 0xf3, 0xfe, 0xf2, 0xf4, 0xff, 0xf0, 0xf5, 0xff, 0xf1, 0xf6,
0xff, 0xff, 0xff, 0xea, 0xb5, 0xbe, 0xaa, 0x67, 0x72, 0xac, 0x69, 0x74, 0xb4, 0x71, 0x7c, 0xad, 0x6a, 0x75, 0xae, 0x6b, 0x76, 0xb1, 0x6e, 0x79,
0xaf, 0x6c, 0x77, 0xa6, 0x63, 0x6e, 0x9c, 0x59, 0x64, 0x9a, 0x57, 0x62, 0x65, 0x22, 0x2d, 0x52, 0x0f, 0x1a, 0x3b, 0x00, 0x03, 0x3b, 0x00, 0x03,
0x3b, 0x01, 0x04, 0x3d, 0x03, 0x06, 0x41, 0x0a, 0x0a, 0x46, 0x0f, 0x0f, 0x4a, 0x13, 0x13, 0x4b, 0x14, 0x14, 0x49, 0x12, 0x12, 0x49, 0x12, 0x12,
0x46, 0x0f, 0x0f, 0x43, 0x0c, 0x0c, 0x41, 0x0a, 0x0a, 0x40, 0x09, 0x09, 0x40, 0x09, 0x09, 0x3f, 0x08, 0x08, 0x43, 0x06, 0x0a, 0x46, 0x09, 0x0d,
0x42, 0x00, 0x06, 0x68, 0x22, 0x2c, 0x99, 0x4e, 0x5b, 0xa9, 0x5e, 0x6b, 0xa9, 0x5e, 0x6b, 0xa9, 0x5e, 0x6b, 0xaa, 0x5f, 0x6c, 0xa7, 0x5c, 0x69,
0xca, 0x5e, 0x70, 0xbc, 0x50, 0x62, 0xaf, 0x60, 0x6d, 0xd8, 0x89, 0x96, 0xfa, 0xe2, 0xe6, 0xfa, 0xe2, 0xe6, 0xe3, 0xe6, 0xe6, 0xe3, 0xe6, 0xe6,
0xe6, 0xe6, 0xe6, 0xe6, 0xe6, 0xe6, 0xe6, 0xe6, 0xe6, 0xe6, 0xe6, 0xe6, 0xda, 0xda, 0xda, 0xf8, 0xf8, 0xf8, 0xbd, 0xbd, 0xbd, 0x0d, 0x0d, 0x0d,
0x79, 0x79, 0x79, 0xff, 0xff, 0xff, 0xfb, 0xfb, 0xfb, 0xf4, 0xf4, 0xf4, 0xf2, 0xf2, 0xf2, 0xf3, 0xf3, 0xf3, 0xee, 0xf3, 0xf3, 0xee, 0xf3, 0xf3,
0xf0, 0xf3, 0xf3, 0xf0, 0xf3, 0xf3, 0xfb, 0xf1, 0xf3, 0xfb, 0xf1, 0xf3, 0xff, 0xe8, 0xef, 0xec, 0xc3, 0xca, 0xaa, 0x75, 0x7c, 0x84, 0x4f, 0x56,
0xaa, 0x69, 0x6d, 0xa7, 0x66, 0x6a, 0xb0, 0x66, 0x69, 0xb2, 0x68, 0x6b, 0xb9, 0x6f, 0x72, 0xce, 0x84, 0x87, 0x9e, 0x5b, 0x5d, 0x5f, 0x1c, 0x1e,
0x48, 0x0c, 0x0d, 0x48, 0x0c, 0x0d, 0x47, 0x12, 0x12, 0x47, 0x12, 0x12, 0x46, 0x11, 0x11, 0x45, 0x10, 0x10, 0x46, 0x0f, 0x0f, 0x44, 0x0d, 0x0d,
0x4a, 0x0c, 0x0d, 0x4a, 0x0c, 0x0d, 0x4e, 0x0e, 0x0f, 0x4f, 0x0f, 0x10, 0x56, 0x16, 0x17, 0x5e, 0x1e, 0x1f, 0x42, 0x0d, 0x0d, 0x2e, 0x00, 0x00,
0x1f, 0x00, 0x00, 0x11, 0x00, 0x00, 0x14, 0x00, 0x00, 0x38, 0x1b, 0x17, 0x07, 0x00, 0x00, 0x23, 0x06, 0x02, 0x3e, 0x10, 0x11, 0x31, 0x03, 0x04,
0xab, 0x5c, 0x67, 0xb7, 0x68, 0x73, 0xb1, 0x51, 0x61, 0xae, 0x4e, 0x5e, 0xa9, 0x49, 0x59, 0xaf, 0x4f, 0x5f, 0xae, 0x5a, 0x68, 0xa8, 0x54, 0x62,
0xb7, 0x8b, 0x93, 0xff, 0xd8, 0xe0, 0xfd, 0xdd, 0xe3, 0xfe, 0xde, 0xe4, 0xff, 0xdf, 0xe5, 0xff, 0xdf, 0xe5, 0xfb, 0xe0, 0xe5, 0xfa, 0xdf, 0xe4,
0xef, 0xde, 0xe1, 0xee, 0xdd, 0xe0, 0xef, 0xe3, 0xe5, 0xf1, 0xe5, 0xe7, 0xf5, 0xe9, 0xeb, 0xf8, 0xec, 0xee, 0xf9, 0xed, 0xef, 0xfd, 0xf1, 0xf3,
0xfb, 0xef, 0xf1, 0xfb, 0xef, 0xf1, 0xfc, 0xf0, 0xf2, 0xfc, 0xf0, 0xf2, 0xfd, 0xf1, 0xf3, 0xfe, 0xf2, 0xf4, 0xff, 0xf0, 0xf5, 0xff, 0xf1, 0xf6,
0xff, 0xcf, 0xd8, 0xb4, 0x7f, 0x88, 0x9e, 0x5b, 0x66, 0xab, 0x68, 0x73, 0xa8, 0x65, 0x70, 0xae, 0x6b, 0x76, 0xae, 0x6b, 0x76, 0xaf, 0x6c, 0x77,
0xae, 0x6b, 0x76, 0xb1, 0x6e, 0x79, 0x84, 0x41, 0x4c, 0x51, 0x0e, 0x19, 0x51, 0x0e, 0x19, 0x51, 0x0e, 0x19, 0x4f, 0x0e, 0x17, 0x4f, 0x0e, 0x17,
0x4b, 0x11, 0x14, 0x4b, 0x11, 0x14, 0x49, 0x12, 0x12, 0x49, 0x12, 0x12, 0x49, 0x12, 0x12, 0x49, 0x12, 0x12, 0x46, 0x0f, 0x0f, 0x46, 0x0f, 0x0f,
0x3f, 0x08, 0x08, 0x38, 0x01, 0x01, 0x33, 0x00, 0x00, 0x35, 0x00, 0x00, 0x26, 0x00, 0x00, 0x29, 0x00, 0x00, 0x41, 0x04, 0x08, 0x44, 0x07, 0x0b,
0x4d, 0x07, 0x11, 0x4d, 0x07, 0x11, 0x57, 0x0c, 0x19, 0x67, 0x1c, 0x29, 0xb3, 0x68, 0x75, 0xb1, 0x66, 0x73, 0xab, 0x60, 0x6d, 0xa9, 0x5e, 0x6b,
0xca, 0x5e, 0x70, 0xc0, 0x54, 0x66, 0xad, 0x5e, 0x6b, 0xab, 0x5c, 0x69, 0xd2, 0xba, 0xbe, 0xf1, 0xd9, 0xdd, 0xe3, 0xe6, 0xe6, 0xe3, 0xe6, 0xe6,
0xe6, 0xe6, 0xe6, 0xe6, 0xe6, 0xe6, 0xe6, 0xe6, 0xe6, 0xe6, 0xe6, 0xe6, 0xda, 0xda, 0xda, 0xf8, 0xf8, 0xf8, 0xbd, 0xbd, 0xbd, 0x0d, 0x0d, 0x0d,
0x79, 0x79, 0x79, 0xff, 0xff, 0xff, 0xfb, 0xfb, 0xfb, 0xf4, 0xf4, 0xf4, 0xf2, 0xf2, 0xf2, 0xf3, 0xf3, 0xf3, 0xee, 0xf3, 0xf3, 0xee, 0xf3, 0xf3,
0xf0, 0xf3, 0xf3, 0xf0, 0xf3, 0xf3, 0xfb, 0xf1, 0xf3, 0xfb, 0xf1, 0xf3, 0xff, 0xd6, 0xdd, 0xc6, 0x9d, 0xa4, 0x97, 0x62, 0x69, 0x84, 0x4f, 0x56,
0xa5, 0x64, 0x68, 0xa5, 0x64, 0x68, 0xaf, 0x65, 0x68, 0xb0, 0x66, 0x69, 0xb9, 0x6f, 0x72, 0xb9, 0x6f, 0x72, 0x89, 0x46, 0x48, 0x5f, 0x1c, 0x1e,
0x48, 0x0c, 0x0d, 0x48, 0x0c, 0x0d, 0x47, 0x12, 0x12, 0x46, 0x11, 0x11, 0x47, 0x12, 0x12, 0x45, 0x10, 0x10, 0x46, 0x0f, 0x0f, 0x44, 0x0d, 0x0d,
0x4a, 0x0c, 0x0d, 0x4a, 0x0c, 0x0d, 0x4e, 0x0e, 0x0f, 0x4e, 0x0e, 0x0f, 0x33, 0x00, 0x00, 0x47, 0x07, 0x08, 0x54, 0x1f, 0x1f, 0x56, 0x21, 0x21,
0x72, 0x49, 0x47, 0x88, 0x5f, 0x5d, 0x69, 0x4c, 0x48, 0x3e, 0x21, 0x1d, 0x1f, 0x02, 0x00, 0x24, 0x07, 0x03, 0x26, 0x00, 0x00, 0x1e, 0x00, 0x00,
0x76, 0x27, 0x32, 0x98, 0x49, 0x54, 0xab, 0x4b, 0x5b, 0xb1, 0x51, 0x61, 0xad, 0x4d, 0x5d, 0xb1, 0x51, 0x61, 0xac, 0x58, 0x66, 0xa8, 0x54, 0x62,
0x98, 0x6c, 0x74, 0xde, 0xb2, 0xba, 0xfb, 0xdb, 0xe1, 0xfe, 0xde, 0xe4, 0xff, 0xdf, 0xe5, 0xff, 0xdf, 0xe5, 0xfb, 0xe0, 0xe5, 0xfa, 0xdf, 0xe4,
0xef, 0xde, 0xe1, 0xee, 0xdd, 0xe0, 0xef, 0xe3, 0xe5, 0xf1, 0xe5, 0xe7, 0xf5, 0xe9, 0xeb, 0xf8, 0xec, 0xee, 0xf9, 0xed, 0xef, 0xfd, 0xf1, 0xf3,
0xfb, 0xef, 0xf1, 0xfb, 0xef, 0xf1, 0xfc, 0xf0, 0xf2, 0xfc, 0xf0, 0xf2, 0xfd, 0xf1, 0xf3, 0xfe, 0xf2, 0xf4, 0xff, 0xf0, 0xf5, 0xff, 0xf1, 0xf6,
0xdc, 0xa7, 0xb0, 0xa3, 0x6e, 0x77, 0xa7, 0x64, 0x6f, 0xa8, 0x65, 0x70, 0xa8, 0x65, 0x70, 0xab, 0x68, 0x73, 0xac, 0x69, 0x74, 0xad, 0x6a, 0x75,
0xb1, 0x6e, 0x79, 0x98, 0x55, 0x60, 0x65, 0x22, 0x2d, 0x43, 0x00, 0x0b, 0x43, 0x00, 0x0b, 0x43, 0x00, 0x0b, 0x41, 0x00, 0x09, 0x41, 0x00, 0x09,
0x3d, 0x03, 0x06, 0x3d, 0x03, 0x06, 0x3b, 0x04, 0x04, 0x3b, 0x04, 0x04, 0x3b, 0x04, 0x04, 0x3b, 0x04, 0x04, 0x42, 0x0b, 0x0b, 0x42, 0x0b, 0x0b,
0x4f, 0x18, 0x18, 0x29, 0x00, 0x00, 0x47, 0x10, 0x10, 0x8b, 0x54, 0x54, 0xbf, 0x88, 0x88, 0x9f, 0x68, 0x68, 0x64, 0x27, 0x2b, 0x45, 0x08, 0x0c,
0x4b, 0x05, 0x0f, 0x3f, 0x00, 0x03, 0x39, 0x00, 0x00, 0x51, 0x06, 0x13, 0x9c, 0x51, 0x5e, 0x9f, 0x54, 0x61, 0xa5, 0x5a, 0x67, 0xac, 0x61, 0x6e,
0xcc, 0x60, 0x72, 0xc6, 0x5a, 0x6c, 0xb1, 0x62, 0x6f, 0xaf, 0x60, 0x6d, 0xb3, 0x9b, 0x9f, 0xe6, 0xce, 0xd2, 0xe3, 0xe6, 0xe6, 0xe3, 0xe6, 0xe6,
0xe6, 0xe6, 0xe6, 0xe6, 0xe6, 0xe6, 0xe6, 0xe6, 0xe6, 0xe6, 0xe6, 0xe6, 0xda, 0xda, 0xda, 0xf8, 0xf8, 0xf8, 0xbd, 0xbd, 0xbd, 0x0d, 0x0d, 0x0d,
0x81, 0x77, 0x79, 0xff, 0xff, 0xff, 0xff, 0xf9, 0xfb, 0xfc, 0xf2, 0xf4, 0xfa, 0xf0, 0xf2, 0xfb, 0xf1, 0xf3, 0xf9, 0xf1, 0xf3, 0xf9, 0xf1, 0xf3,
0xec, 0xf4, 0xf3, 0xec, 0xf4, 0xf3, 0xfd, 0xf1, 0xf3, 0xfd, 0xf1, 0xf3, 0xf6, 0xc1, 0xca, 0xaa, 0x75, 0x7e, 0x8c, 0x4d, 0x56, 0x93, 0x54, 0x5d,
0xaa, 0x61, 0x67, 0xab, 0x62, 0x68, 0xaf, 0x65, 0x68, 0xb0, 0x66, 0x69, 0xb9, 0x6f, 0x72, 0x8f, 0x45, 0x48, 0x5f, 0x1c, 0x1e, 0x59, 0x16, 0x18,
0x47, 0x0b, 0x0c, 0x47, 0x0b, 0x0c, 0x45, 0x10, 0x10, 0x44, 0x0f, 0x0f, 0x45, 0x10, 0x10, 0x45, 0x10, 0x10, 0x46, 0x0f, 0x0f, 0x46, 0x0f, 0x0f,
0x48, 0x0c, 0x0d, 0x48, 0x0c, 0x0d, 0x4a, 0x0c, 0x0d, 0x4a, 0x0c, 0x0d, 0x41, 0x0c, 0x0c, 0x2a, 0x00, 0x00, 0x86, 0x5d, 0x5b, 0xff, 0xdc, 0xda,
0xff, 0xff, 0xff, 0xff, 0xff, 0xff, 0xff, 0xff, 0xff, 0xeb, 0xdd, 0xd6, 0x62, 0x4a, 0x45, 0x1b, 0x03, 0x00, 0x1b, 0x00, 0x00, 0x24, 0x00, 0x00,
0x39, 0x00, 0x00, 0x57, 0x14, 0x1d, 0x9c, 0x48, 0x56, 0xbb, 0x67, 0x75, 0xad, 0x4f, 0x5f, 0xaf, 0x51, 0x61, 0xb0, 0x55, 0x64, 0xae, 0x53, 0x62,
0x89, 0x51, 0x5b, 0xc1, 0x89, 0x93, 0xff, 0xd8, 0xe0, 0xff, 0xdd, 0xe5, 0xfe, 0xe1, 0xe6, 0xfe, 0xe1, 0xe6, 0xf7, 0xe1, 0xe5, 0xf6, 0xe0, 0xe4,
0xef, 0xde, 0xe1, 0xee, 0xdd, 0xe0, 0xef, 0xe3, 0xe5, 0xf1, 0xe5, 0xe7, 0xf5, 0xe9, 0xeb, 0xf8, 0xec, 0xee, 0xf9, 0xed, 0xef, 0xfd, 0xf1, 0xf3,
0xfb, 0xef, 0xf1, 0xfb, 0xef, 0xf1, 0xfc, 0xf0, 0xf2, 0xfc, 0xf0, 0xf2, 0xf9, 0xed, 0xef, 0xfe, 0xf2, 0xf4, 0xff, 0xf0, 0xf5, 0xff, 0xf1, 0xf6,
0xba, 0x7e, 0x88, 0x98, 0x5c, 0x66, 0xac, 0x61, 0x6e, 0xad, 0x62, 0x6f, 0xae, 0x63, 0x70, 0xb0, 0x65, 0x72, 0xaf, 0x67, 0x73, 0xaf, 0x67, 0x73,
0x82, 0x41, 0x4c, 0x63, 0x22, 0x2d, 0x51, 0x15, 0x1f, 0x43, 0x07, 0x11, 0x43, 0x07, 0x11, 0x44, 0x08, 0x12, 0x44, 0x08, 0x10, 0x45, 0x09, 0x11,
0x41, 0x09, 0x0c, 0x41, 0x09, 0x0c, 0x41, 0x0a, 0x0a, 0x41, 0x0a, 0x0a, 0x41, 0x0a, 0x0a, 0x41, 0x0a, 0x0a, 0x40, 0x0e, 0x0d, 0x40, 0x0e, 0x0d,
0x23, 0x00, 0x00, 0x5c, 0x31, 0x2f, 0xe6, 0xbb, 0xb9, 0xff, 0xff, 0xff, 0xff, 0xff, 0xff, 0xff, 0xf5, 0xf3, 0xe7, 0xb4, 0xb6, 0xc8, 0x95, 0x97,
0x46, 0x0e, 0x16, 0x2a, 0x00, 0x00, 0x39, 0x00, 0x05, 0x4b, 0x0c, 0x17, 0x62, 0x23, 0x2e, 0x72, 0x33, 0x3e, 0x98, 0x59, 0x64, 0xa7, 0x68, 0x73,
0xca, 0x60, 0x72, 0xc6, 0x5c, 0x6e, 0xbc, 0x61, 0x70, 0xbb, 0x60, 0x6f, 0x93, 0x6f, 0x75, 0xdc, 0xb8, 0xbe, 0xee, 0xe4, 0xe6, 0xee, 0xe4, 0xe6,
0xe6, 0xe6, 0xe6, 0xe6, 0xe6, 0xe6, 0xe6, 0xe6, 0xe6, 0xe6, 0xe6, 0xe6, 0xda, 0xda, 0xda, 0xf8, 0xf8, 0xf8, 0xbd, 0xbd, 0xbd, 0x0d, 0x0d, 0x0d,
0x81, 0x77, 0x79, 0xff, 0xff, 0xff, 0xff, 0xf9, 0xfb, 0xfc, 0xf2, 0xf4, 0xfa, 0xf0, 0xf2, 0xfb, 0xf1, 0xf3, 0xf9, 0xf1, 0xf3, 0xf9, 0xf1, 0xf3,
0xec, 0xf4, 0xf3, 0xec, 0xf4, 0xf3, 0xfd, 0xf1, 0xf3, 0xfd, 0xf1, 0xf3, 0xd0, 0x9b, 0xa4, 0xa3, 0x6e, 0x77, 0x9b, 0x5c, 0x65, 0x9b, 0x5c, 0x65,
0xa9, 0x60, 0x66, 0xaa, 0x61, 0x67, 0xaf, 0x65, 0x68, 0xb3, 0x69, 0x6c, 0xb9, 0x6f, 0x72, 0x7a, 0x30, 0x33, 0x4a, 0x07, 0x09, 0x55, 0x12, 0x14,
0x48, 0x0c, 0x0d, 0x48, 0x0c, 0x0d, 0x42, 0x0d, 0x0d, 0x41, 0x0c, 0x0c, 0x44, 0x0f, 0x0f, 0x45, 0x10, 0x10, 0x47, 0x10, 0x10, 0x46, 0x0f, 0x0f,
0x4a, 0x0e, 0x0f, 0x48, 0x0c, 0x0d, 0x4a, 0x0c, 0x0d, 0x4a, 0x0c, 0x0d, 0x1b, 0x00, 0x00, 0x96, 0x61, 0x61, 0xff, 0xf3, 0xf1, 0xff, 0xff, 0xff,
0xff, 0xff, 0xfc, 0xff, 0xed, 0xe7, 0xff, 0xff, 0xfc, 0xff, 0xff, 0xff, 0xd8, 0xc0, 0xbb, 0x43, 0x2b, 0x26, 0x21, 0x00, 0x00, 0x3a, 0x0e, 0x0f,
0x2d, 0x00, 0x00, 0x39, 0x00, 0x00, 0x7a, 0x26, 0x34, 0xaf, 0x5b, 0x69, 0xb0, 0x52, 0x62, 0xb0, 0x52, 0x62, 0xae, 0x53, 0x62, 0xae, 0x53, 0x62,
0x8c, 0x54, 0x5e, 0xa2, 0x6a, 0x74, 0xde, 0xb2, 0xba, 0xff, 0xdd, 0xe5, 0xff, 0xe3, 0xe8, 0xff, 0xe2, 0xe7, 0xf8, 0xe2, 0xe6, 0xf6, 0xe0, 0xe4,
0xef, 0xde, 0xe1, 0xee, 0xdd, 0xe0, 0xef, 0xe3, 0xe5, 0xf1, 0xe5, 0xe7, 0xf5, 0xe9, 0xeb, 0xf8, 0xec, 0xee, 0xf9, 0xed, 0xef, 0xfd, 0xf1, 0xf3,
0xfb, 0xef, 0xf1, 0xfb, 0xef, 0xf1, 0xfc, 0xf0, 0xf2, 0xfc, 0xf0, 0xf2, 0xf8, 0xec, 0xee, 0xfe, 0xf2, 0xf4, 0xff, 0xf0, 0xf5, 0xff, 0xf1, 0xf6,
0xa9, 0x6d, 0x77, 0x9a, 0x5e, 0x68, 0xaa, 0x5f, 0x6c, 0xad, 0x62, 0x6f, 0xae, 0x63, 0x70, 0xae, 0x63, 0x70, 0xaf, 0x67, 0x73, 0xaf, 0x67, 0x73,
0x4f, 0x0e, 0x19, 0x41, 0x00, 0x0b, 0x43, 0x07, 0x11, 0x4a, 0x0e, 0x18, 0x4a, 0x0e, 0x18, 0x4a, 0x0e, 0x18, 0x4a, 0x0e, 0x16, 0x4a, 0x0e, 0x16,
0x48, 0x10, 0x13, 0x48, 0x10, 0x13, 0x48, 0x11, 0x11, 0x48, 0x11, 0x11, 0x48, 0x11, 0x11, 0x48, 0x11, 0x11, 0x44, 0x12, 0x11, 0x44, 0x12, 0x11,
0x5c, 0x31, 0x2f, 0xd0, 0xa5, 0xa3, 0xff, 0xf6, 0xf4, 0xff, 0xd5, 0xd3, 0xf6, 0xcb, 0xc9, 0xff, 0xd5, 0xd3, 0xff, 0xe8, 0xea, 0xff, 0xf3, 0xf5,
0x94, 0x5c, 0x64, 0x46, 0x0e, 0x16, 0x3d, 0x00, 0x09, 0x4f, 0x10, 0x1b, 0x4a, 0x0b, 0x16, 0x62, 0x23, 0x2e, 0x95, 0x56, 0x61, 0xa9, 0x6a, 0x75,
0xcb, 0x61, 0x73, 0xcb, 0x61, 0x73, 0xbe, 0x63, 0x72, 0xbe, 0x63, 0x72, 0x91, 0x6d, 0x73, 0xbd, 0x99, 0x9f, 0xda, 0xd0, 0xd2, 0xeb, 0xe1, 0xe3,
0xe6, 0xe6, 0xe6, 0xe6, 0xe6, 0xe6, 0xe6, 0xe6, 0xe6, 0xe6, 0xe6, 0xe6, 0xda, 0xda, 0xda, 0xf8, 0xf8, 0xf8, 0xbd, 0xbd, 0xbd, 0x0d, 0x0d, 0x0d,
0x85, 0x76, 0x79, 0xff, 0xff, 0xff, 0xff, 0xf8, 0xfb, 0xff, 0xf1, 0xf4, 0xfe, 0xef, 0xf2, 0xff, 0xf0, 0xf3, 0xfd, 0xf1, 0xf3, 0xfd, 0xf1, 0xf3,
0xea, 0xf4, 0xf3, 0xea, 0xf4, 0xf3, 0xff, 0xf0, 0xf3, 0xff, 0xf0, 0xf3, 0xd2, 0x8f, 0x9a, 0xac, 0x69, 0x74, 0xb6, 0x53, 0x62, 0xb9, 0x56, 0x65,
0xa9, 0x60, 0x66, 0xab, 0x62, 0x68, 0xae, 0x64, 0x67, 0xb0, 0x66, 0x69, 0x89, 0x3f, 0x42, 0x54, 0x0a, 0x0d, 0x4b, 0x08, 0x0a, 0x52, 0x0f, 0x11,
0x46, 0x0a, 0x0b, 0x46, 0x0a, 0x0b, 0x41, 0x0c, 0x0c, 0x41, 0x0c, 0x0c, 0x44, 0x0f, 0x0f, 0x45, 0x10, 0x10, 0x45, 0x10, 0x10, 0x44, 0x0f, 0x0f,
0x4a, 0x0e, 0x0f, 0x48, 0x0c, 0x0d, 0x46, 0x0d, 0x0d, 0x46, 0x0d, 0x0d, 0x3e, 0x15, 0x13, 0xff, 0xd9, 0xd7, 0xff, 0xfe, 0xf8, 0xff, 0xff, 0xf9,
0xff, 0xff, 0xfa, 0xff, 0xff, 0xf9, 0xff, 0xff, 0xf9, 0xff, 0xff, 0xf9, 0xff, 0xff, 0xff, 0xa1, 0x89, 0x84, 0x0d, 0x00, 0x00, 0x32, 0x0d, 0x0d,
0x26, 0x00, 0x00, 0x24, 0x00, 0x00, 0x61, 0x19, 0x25, 0xa0, 0x58, 0x64, 0xac, 0x53, 0x62, 0xac, 0x53, 0x62, 0xb0, 0x52, 0x62, 0xb0, 0x52, 0x62,
0xad, 0x4d, 0x5d, 0xb8, 0x58, 0x68, 0xbc, 0x79, 0x84, 0xff, 0xdb, 0xe6, 0xfe, 0xe3, 0xe8, 0xfd, 0xe2, 0xe7, 0xf6, 0xe2, 0xe6, 0xf4, 0xe0, 0xe4,
0xef, 0xde, 0xe1, 0xee, 0xdd, 0xe0, 0xef, 0xe3, 0xe5, 0xf1, 0xe5, 0xe7, 0xf5, 0xe9, 0xeb, 0xf8, 0xec, 0xee, 0xf9, 0xed, 0xef, 0xfd, 0xf1, 0xf3,
0xfb, 0xef, 0xf1, 0xfb, 0xef, 0xf1, 0xfb, 0xef, 0xf1, 0xfc, 0xf0, 0xf2, 0xf5, 0xe9, 0xeb, 0xfe, 0xf2, 0xf4, 0xff, 0xef, 0xf5, 0x9b, 0x7b, 0x81,
0xa4, 0x65, 0x70, 0x9d, 0x5e, 0x69, 0xb1, 0x5f, 0x6d, 0xb3, 0x61, 0x6f, 0xb4, 0x62, 0x70, 0xb6, 0x64, 0x72, 0xaf, 0x67, 0x73, 0x83, 0x3b, 0x47,
0x4b, 0x0f, 0x19, 0x3d, 0x01, 0x0b, 0x3d, 0x08, 0x11, 0x44, 0x0f, 0x18, 0x44, 0x0f, 0x18, 0x44, 0x0f, 0x18, 0x46, 0x0e, 0x16, 0x46, 0x0e, 0x16,
0x48, 0x10, 0x13, 0x48, 0x10, 0x13, 0x48, 0x11, 0x11, 0x48, 0x11, 0x11, 0x48, 0x11, 0x11, 0x48, 0x11, 0x11, 0x42, 0x12, 0x11, 0x42, 0x12, 0x11,
0xd2, 0xae, 0xab, 0xff, 0xeb, 0xe8, 0xff, 0xed, 0xe8, 0xff, 0xed, 0xe8, 0xff, 0xf0, 0xeb, 0xff, 0xf3, 0xee, 0xff, 0xf8, 0xf6, 0xff, 0xf8, 0xf6,
0xda, 0xae, 0xb4, 0x3a, 0x0e, 0x14, 0x19, 0x00, 0x00, 0x43, 0x17, 0x1f, 0x14, 0x00, 0x00, 0x57, 0x2b, 0x33, 0x83, 0x57, 0x5f, 0x74, 0x48, 0x50,
0xc5, 0x5e, 0x6f, 0xc5, 0x5e, 0x6f, 0xd2, 0x5c, 0x70, 0xd2, 0x5c, 0x70, 0xc0, 0x65, 0x74, 0xb5, 0x5a, 0x69, 0xe3, 0xc1, 0xc7, 0xfb, 0xd9, 0xdf,
0xe6, 0xe6, 0xe6, 0xe6, 0xe6, 0xe6, 0xe6, 0xe6, 0xe6, 0xe6, 0xe6, 0xe6, 0xda, 0xda, 0xda, 0xf8, 0xf8, 0xf8, 0xbd, 0xbd, 0xbd, 0x0d, 0x0d, 0x0d,
0x85, 0x76, 0x79, 0xff, 0xff, 0xff, 0xff, 0xf8, 0xfb, 0xff, 0xf1, 0xf4, 0xfe, 0xef, 0xf2, 0xff, 0xf0, 0xf3, 0xfd, 0xf1, 0xf3, 0xfd, 0xf1, 0xf3,
0xea, 0xf4, 0xf3, 0xea, 0xf4, 0xf3, 0xff, 0xf0, 0xf3, 0xff, 0xf0, 0xf3, 0xbf, 0x7c, 0x87, 0xab, 0x68, 0x73, 0xbd, 0x5a, 0x69, 0xbd, 0x5a, 0x69,
0xaa, 0x61, 0x67, 0xac, 0x63, 0x69, 0xad, 0x63, 0x66, 0xa7, 0x5d, 0x60, 0x6f, 0x25, 0x28, 0x50, 0x06, 0x09, 0x49, 0x06, 0x08, 0x4c, 0x09, 0x0b,
0x44, 0x08, 0x09, 0x45, 0x09, 0x0a, 0x41, 0x0c, 0x0c, 0x41, 0x0c, 0x0c, 0x44, 0x0f, 0x0f, 0x45, 0x10, 0x10, 0x45, 0x10, 0x10, 0x44, 0x0f, 0x0f,
0x4a, 0x0e, 0x0f, 0x48, 0x0c, 0x0d, 0x46, 0x0d, 0x0d, 0x46, 0x0d, 0x0d, 0x69, 0x40, 0x3e, 0xff, 0xef, 0xed, 0xff, 0xf7, 0xf1, 0xff, 0xfb, 0xf5,
0xff, 0xff, 0xf8, 0xff, 0xfd, 0xf5, 0xff, 0xff, 0xf8, 0xff, 0xfd, 0xf5, 0xff, 0xff, 0xff, 0xd1, 0xb9, 0xb4, 0x30, 0x0b, 0x0b, 0x29, 0x04, 0x04,
0x2b, 0x00, 0x00, 0x28, 0x00, 0x00, 0x52, 0x0a, 0x16, 0x86, 0x3e, 0x4a, 0xac, 0x53, 0x62, 0xac, 0x53, 0x62, 0xb0, 0x52, 0x62, 0xb0, 0x52, 0x62,
0xaa, 0x4a, 0x5a, 0xb8, 0x58, 0x68, 0xbc, 0x79, 0x84, 0xff, 0xdd, 0xe8, 0xfe, 0xe3, 0xe8, 0xfd, 0xe2, 0xe7, 0xf6, 0xe2, 0xe6, 0xf4, 0xe0, 0xe4,
0xef, 0xde, 0xe1, 0xee, 0xdd, 0xe0, 0xef, 0xe3, 0xe5, 0xf1, 0xe5, 0xe7, 0xf5, 0xe9, 0xeb, 0xf8, 0xec, 0xee, 0xf9, 0xed, 0xef, 0xfd, 0xf1, 0xf3,
0xfb, 0xef, 0xf1, 0xfb, 0xef, 0xf1, 0xfb, 0xef, 0xf1, 0xfc, 0xf0, 0xf2, 0xf4, 0xe8, 0xea, 0xfe, 0xf2, 0xf4, 0xff, 0xef, 0xf5, 0x9b, 0x7b, 0x81,
0xa1, 0x62, 0x6d, 0x9d, 0x5e, 0x69, 0xb1, 0x5f, 0x6d, 0xb4, 0x62, 0x70, 0xb6, 0x64, 0x72, 0xb6, 0x64, 0x72, 0x99, 0x51, 0x5d, 0x68, 0x20, 0x2c,
0x4b, 0x0f, 0x19, 0x3d, 0x01, 0x0b, 0x3d, 0x08, 0x11, 0x44, 0x0f, 0x18, 0x44, 0x0f, 0x18, 0x44, 0x0f, 0x18, 0x46, 0x0e, 0x16, 0x46, 0x0e, 0x16,
0x47, 0x0f, 0x12, 0x47, 0x0f, 0x12, 0x47, 0x10, 0x10, 0x48, 0x11, 0x11, 0x48, 0x11, 0x11, 0x48, 0x11, 0x11, 0x42, 0x12, 0x11, 0x42, 0x12, 0x11,
0xff, 0xeb, 0xe8, 0xff, 0xed, 0xea, 0xff, 0xeb, 0xe6, 0xff, 0xef, 0xea, 0xff, 0xf2, 0xed, 0xff, 0xf3, 0xee, 0xff, 0xf5, 0xf3, 0xff, 0xf5, 0xf3,
0xf3, 0xc7, 0xcd, 0x4a, 0x1e, 0x24, 0x19, 0x00, 0x00, 0x3f, 0x13, 0x1b, 0x1f, 0x00, 0x00, 0x4c, 0x20, 0x28, 0x7c, 0x50, 0x58, 0x85, 0x59, 0x61,
0xc3, 0x5c, 0x6d, 0xc5, 0x5e, 0x6f, 0xd1, 0x5b, 0x6f, 0xd1, 0x5b, 0x6f, 0xc2, 0x67, 0x76, 0xb5, 0x5a, 0x69, 0xe3, 0xc1, 0xc7, 0xfa, 0xd8, 0xde,
0xe6, 0xe6, 0xe6, 0xe6, 0xe6, 0xe6, 0xe6, 0xe6, 0xe6, 0xe6, 0xe6, 0xe6, 0xda, 0xda, 0xda, 0xf8, 0xf8, 0xf8, 0xbd, 0xbd, 0xbd, 0x0d, 0x0d, 0x0d,
0x8d, 0x75, 0x79, 0xff, 0xff, 0xff, 0xff, 0xf7, 0xfb, 0xff, 0xf0, 0xf4, 0xff, 0xee, 0xf2, 0xff, 0xef, 0xf3, 0xff, 0xef, 0xf3, 0xff, 0xef, 0xf3,
0xe5, 0xf4, 0xf2, 0xe5, 0xf4, 0xf2, 0xff, 0xf2, 0xf5, 0xf9, 0xe8, 0xeb, 0xb6, 0x67, 0x74, 0xb0, 0x61, 0x6e, 0xc8, 0x59, 0x6a, 0xc8, 0x59, 0x6a,
0xa6, 0x5b, 0x61, 0xae, 0x63, 0x69, 0xa8, 0x5e, 0x61, 0x99, 0x4f, 0x52, 0x54, 0x0a, 0x0d, 0x4d, 0x03, 0x06, 0x46, 0x03, 0x05, 0x47, 0x04, 0x06,
0x41, 0x05, 0x06, 0x44, 0x08, 0x09, 0x40, 0x0b, 0x0b, 0x41, 0x0c, 0x0c, 0x44, 0x0f, 0x0f, 0x45, 0x10, 0x10, 0x45, 0x10, 0x10, 0x44, 0x0f, 0x0f,
0x48, 0x0f, 0x0f, 0x46, 0x0d, 0x0d, 0x44, 0x0d, 0x0d, 0x44, 0x0d, 0x0d, 0x73, 0x56, 0x52, 0xff, 0xf7, 0xf3, 0xfc, 0xf5, 0xed, 0xff, 0xfd, 0xf5,
0xff, 0xff, 0xf6, 0xfe, 0xfe, 0xf5, 0xff, 0xfe, 0xf6, 0xff, 0xfd, 0xf5, 0xff, 0xff, 0xfd, 0xfe, 0xdd, 0xd9, 0x53, 0x27, 0x28, 0x26, 0x00, 0x00,
0x27, 0x00, 0x00, 0x25, 0x00, 0x00, 0x3f, 0x03, 0x0d, 0x61, 0x25, 0x2f, 0xaa, 0x53, 0x62, 0xaa, 0x53, 0x62, 0xb6, 0x51, 0x62, 0xb5, 0x50, 0x61,
0xb4, 0x48, 0x5a, 0xc1, 0x55, 0x67, 0xbf, 0x70, 0x7d, 0xff, 0xd7, 0xe4, 0xfc, 0xe4, 0xe8, 0xfb, 0xe3, 0xe7, 0xe3, 0xe6, 0xe6, 0xe1, 0xe4, 0xe4,
0xeb, 0xdf, 0xe1, 0xea, 0xde, 0xe0, 0xef, 0xe3, 0xe5, 0xf1, 0xe5, 0xe7, 0xf5, 0xe9, 0xeb, 0xf8, 0xec, 0xee, 0xf9, 0xed, 0xef, 0xfd, 0xf1, 0xf3,
0xfb, 0xef, 0xf1, 0xfb, 0xef, 0xf1, 0xfb, 0xef, 0xf1, 0xfc, 0xf0, 0xf2, 0xf5, 0xe9, 0xeb, 0xff, 0xf9, 0xfb, 0xff, 0xe8, 0xee, 0x98, 0x78, 0x7e,
0xa6, 0x60, 0x6c, 0xa6, 0x60, 0x6c, 0xb8, 0x5f, 0x6e, 0xb9, 0x60, 0x6f, 0xb9, 0x60, 0x6f, 0xbd, 0x64, 0x73, 0x87, 0x3a, 0x47, 0x52, 0x05, 0x12,
0x44, 0x0a, 0x14, 0x36, 0x00, 0x06, 0x32, 0x04, 0x0c, 0x39, 0x0b, 0x13, 0x39, 0x0b, 0x13, 0x3a, 0x0c, 0x14, 0x3c, 0x0c, 0x12, 0x3e, 0x0e, 0x14,
0x41, 0x0b, 0x0e, 0x41, 0x0b, 0x0e, 0x43, 0x0c, 0x0c, 0x43, 0x0c, 0x0c, 0x43, 0x0c, 0x0c, 0x43, 0x0c, 0x0c, 0x39, 0x0e, 0x0c, 0x39, 0x0e, 0x0c,
0xff, 0xef, 0xea, 0xff, 0xeb, 0xe6, 0xf9, 0xed, 0xe6, 0xff, 0xfd, 0xf6, 0xff, 0xf3, 0xec, 0xff, 0xfa, 0xf3, 0xff, 0xf1, 0xee, 0xff, 0xf1, 0xee,
0xff, 0xfa, 0xfd, 0x5f, 0x44, 0x47, 0x0f, 0x00, 0x00, 0x33, 0x13, 0x19, 0x2a, 0x0a, 0x10, 0x2d, 0x0d, 0x13, 0x5d, 0x3d, 0x43, 0x89, 0x69, 0x6f,
0xbf, 0x5a, 0x6b, 0xc0, 0x5b, 0x6c, 0xd8, 0x56, 0x6c, 0xd8, 0x56, 0x6c, 0xcf, 0x68, 0x79, 0xc1, 0x5a, 0x6b, 0xe6, 0xb8, 0xc0, 0xff, 0xdb, 0xe3,
0xe6, 0xe6, 0xe6, 0xe6, 0xe6, 0xe6, 0xe6, 0xe6, 0xe6, 0xe6, 0xe6, 0xe6, 0xda, 0xda, 0xda, 0xf8, 0xf8, 0xf8, 0xbd, 0xbd, 0xbd, 0x0d, 0x0d, 0x0d,
0x8d, 0x75, 0x79, 0xff, 0xff, 0xff, 0xff, 0xf7, 0xfb, 0xff, 0xf0, 0xf4, 0xff, 0xee, 0xf2, 0xff, 0xef, 0xf3, 0xff, 0xef, 0xf3, 0xff, 0xef, 0xf3,
0xe5, 0xf4, 0xf2, 0xe5, 0xf4, 0xf2, 0xff, 0xf5, 0xf8, 0xf6, 0xe5, 0xe8, 0xb2, 0x63, 0x70, 0xaf, 0x60, 0x6d, 0xc8, 0x59, 0x6a, 0xc9, 0x5a, 0x6b,
0xa4, 0x59, 0x5f, 0xaf, 0x64, 0x6a, 0xa4, 0x5a, 0x5d, 0x80, 0x36, 0x39, 0x51, 0x07, 0x0a, 0x4b, 0x01, 0x04, 0x45, 0x02, 0x04, 0x44, 0x01, 0x03,
0x40, 0x04, 0x05, 0x44, 0x08, 0x09, 0x40, 0x0b, 0x0b, 0x41, 0x0c, 0x0c, 0x44, 0x0f, 0x0f, 0x45, 0x10, 0x10, 0x45, 0x10, 0x10, 0x44, 0x0f, 0x0f,
0x48, 0x0f, 0x0f, 0x46, 0x0d, 0x0d, 0x44, 0x0d, 0x0d, 0x44, 0x0d, 0x0d, 0x82, 0x65, 0x61, 0xff, 0xe9, 0xe5, 0xfa, 0xf3, 0xeb, 0xff, 0xfe, 0xf6,
0xfe, 0xfe, 0xf5, 0xfe, 0xfe, 0xf5, 0xff, 0xfe, 0xf6, 0xff, 0xfe, 0xf6, 0xff, 0xf0, 0xec, 0xff, 0xe2, 0xde, 0x83, 0x57, 0x58, 0x4c, 0x20, 0x21,
0x2a, 0x00, 0x00, 0x28, 0x00, 0x00, 0x3c, 0x00, 0x0a, 0x52, 0x16, 0x20, 0xaa, 0x53, 0x62, 0xaa, 0x53, 0x62, 0xb6, 0x51, 0x62, 0xb5, 0x50, 0x61,
0xb4, 0x48, 0x5a, 0xc1, 0x55, 0x67, 0xbd, 0x6e, 0x7b, 0xff, 0xd4, 0xe1, 0xfc, 0xe4, 0xe8, 0xfb, 0xe3, 0xe7, 0xe3, 0xe6, 0xe6, 0xe1, 0xe4, 0xe4,
0xeb, 0xdf, 0xe1, 0xea, 0xde, 0xe0, 0xef, 0xe3, 0xe5, 0xf1, 0xe5, 0xe7, 0xf5, 0xe9, 0xeb, 0xf8, 0xec, 0xee, 0xf9, 0xed, 0xef, 0xfd, 0xf1, 0xf3,
0xfb, 0xef, 0xf1, 0xfb, 0xef, 0xf1, 0xfb, 0xef, 0xf1, 0xfc, 0xf0, 0xf2, 0xf4, 0xe8, 0xea, 0xff, 0xfb, 0xfd, 0xff, 0xe6, 0xec, 0x97, 0x77, 0x7d,
0xa5, 0x5f, 0x6b, 0xa7, 0x61, 0x6d, 0xb9, 0x60, 0x6f, 0xba, 0x61, 0x70, 0xb9, 0x60, 0x6f, 0xa7, 0x4e, 0x5d, 0x6c, 0x1f, 0x2c, 0x4b, 0x00, 0x0b,
0x43, 0x09, 0x13, 0x35, 0x00, 0x05, 0x31, 0x03, 0x0b, 0x38, 0x0a, 0x12, 0x38, 0x0a, 0x12, 0x39, 0x0b, 0x13, 0x3b, 0x0b, 0x11, 0x3c, 0x0c, 0x12,
0x40, 0x0a, 0x0d, 0x40, 0x0a, 0x0d, 0x41, 0x0a, 0x0a, 0x42, 0x0b, 0x0b, 0x42, 0x0b, 0x0b, 0x42, 0x0b, 0x0b, 0x38, 0x0d, 0x0b, 0x38, 0x0d, 0x0b,
0xfc, 0xe4, 0xdf, 0xff, 0xe9, 0xe4, 0xff, 0xfd, 0xf6, 0xff, 0xff, 0xf9, 0xff, 0xfb, 0xf4, 0xff, 0xff, 0xf9, 0xff, 0xf1, 0xee, 0xff, 0xf1, 0xee,
0xff, 0xff, 0xff, 0x70, 0x55, 0x58, 0x14, 0x00, 0x00, 0x30, 0x10, 0x16, 0x31, 0x11, 0x17, 0x1d, 0x00, 0x03, 0x4c, 0x2c, 0x32, 0x94, 0x74, 0x7a,
0xbd, 0x58, 0x69, 0xbd, 0x58, 0x69, 0xd5, 0x53, 0x69, 0xd5, 0x53, 0x69, 0xd1, 0x6a, 0x7b, 0xc2, 0x5b, 0x6c, 0xe3, 0xb5, 0xbd, 0xff, 0xdd, 0xe5,
0xe6, 0xe6, 0xe6, 0xe6, 0xe6, 0xe6, 0xe6, 0xe6, 0xe6, 0xe6, 0xe6, 0xe6, 0xda, 0xda, 0xda, 0xf8, 0xf8, 0xf8, 0xbd, 0xbd, 0xbd, 0x0d, 0x0d, 0x0d,
0x8d, 0x75, 0x79, 0xff, 0xff, 0xff, 0xff, 0xf7, 0xfb, 0xff, 0xf0, 0xf4, 0xff, 0xee, 0xf2, 0xff, 0xef, 0xf3, 0xff, 0xee, 0xf2, 0xff, 0xef, 0xf3,
0xe5, 0xf4, 0xf2, 0xe4, 0xf3, 0xf1, 0xff, 0xf7, 0xfa, 0xc3, 0xb2, 0xb5, 0xb0, 0x61, 0x6e, 0xad, 0x5e, 0x6b, 0xc7, 0x58, 0x69, 0xc7, 0x58, 0x69,
0x98, 0x4d, 0x53, 0xaf, 0x64, 0x6a, 0xa4, 0x5a, 0x5d, 0x5f, 0x15, 0x18, 0x4f, 0x05, 0x08, 0x4b, 0x01, 0x04, 0x44, 0x01, 0x03, 0x42, 0x00, 0x01,
0x3f, 0x03, 0x04, 0x43, 0x07, 0x08, 0x3f, 0x0a, 0x0a, 0x41, 0x0c, 0x0c, 0x44, 0x0f, 0x0f, 0x45, 0x10, 0x10, 0x45, 0x10, 0x10, 0x44, 0x0f, 0x0f,
0x48, 0x0f, 0x0f, 0x46, 0x0d, 0x0d, 0x44, 0x0d, 0x0d, 0x44, 0x0d, 0x0d, 0x4d, 0x30, 0x2c, 0xff, 0xeb, 0xe7, 0xfa, 0xf3, 0xeb, 0xff, 0xfc, 0xf4,
0xff, 0xff, 0xf6, 0xff, 0xff, 0xf6, 0xff, 0xfe, 0xf6, 0xff, 0xfe, 0xf6, 0xff, 0xff, 0xff, 0xf7, 0xd6, 0xd2, 0x3a, 0x0e, 0x0f, 0x2f, 0x03, 0x04,
0x2f, 0x00, 0x03, 0x2a, 0x00, 0x00, 0x3a, 0x00, 0x08, 0x48, 0x0c, 0x16, 0xaa, 0x53, 0x62, 0xaa, 0x53, 0x62, 0xb5, 0x50, 0x61, 0xb5, 0x50, 0x61,
0xb7, 0x4b, 0x5d, 0xc0, 0x54, 0x66, 0xb5, 0x66, 0x73, 0xff, 0xc2, 0xcf, 0xfc, 0xe4, 0xe8, 0xfb, 0xe3, 0xe7, 0xe3, 0xe6, 0xe6, 0xe1, 0xe4, 0xe4,
0xeb, 0xdf, 0xe1, 0xea, 0xde, 0xe0, 0xef, 0xe3, 0xe5, 0xf1, 0xe5, 0xe7, 0xf5, 0xe9, 0xeb, 0xf8, 0xec, 0xee, 0xf9, 0xed, 0xef, 0xfd, 0xf1, 0xf3,
0xfb, 0xef, 0xf1, 0xfb, 0xef, 0xf1, 0xfb, 0xef, 0xf1, 0xfc, 0xf0, 0xf2, 0xf7, 0xeb, 0xed, 0xff, 0xff, 0xff, 0xf9, 0xd9, 0xdf, 0x94, 0x74, 0x7a,
0xa6, 0x60, 0x6c, 0xa9, 0x63, 0x6f, 0xb8, 0x5f, 0x6e, 0xb8, 0x5f, 0x6e, 0xb7, 0x5e, 0x6d, 0xb7, 0x5e, 0x6d, 0x7c, 0x2f, 0x3c, 0x46, 0x00, 0x06,
0x3f, 0x05, 0x0f, 0x31, 0x00, 0x01, 0x2c, 0x00, 0x06, 0x33, 0x05, 0x0d, 0x33, 0x05, 0x0d, 0x32, 0x04, 0x0c, 0x34, 0x04, 0x0a, 0x33, 0x03, 0x09,
0x3b, 0x05, 0x08, 0x3b, 0x05, 0x08, 0x3d, 0x06, 0x06, 0x3d, 0x06, 0x06, 0x3d, 0x06, 0x06, 0x3d, 0x06, 0x06, 0x33, 0x08, 0x06, 0x33, 0x08, 0x06,
0xf0, 0xd8, 0xd3, 0xff, 0xef, 0xea, 0xff, 0xff, 0xff, 0xff, 0xff, 0xff, 0xff, 0xff, 0xff, 0xff, 0xff, 0xfe, 0xff, 0xf7, 0xf4, 0xfe, 0xec, 0xe9,
0xff, 0xf8, 0xfb, 0x6e, 0x53, 0x56, 0x1f, 0x00, 0x05, 0x17, 0x00, 0x00, 0x31, 0x11, 0x17, 0x17, 0x00, 0x00, 0x3c, 0x1c, 0x22, 0x98, 0x78, 0x7e,
0xbb, 0x56, 0x67, 0xbb, 0x56, 0x67, 0xd3, 0x51, 0x67, 0xd3, 0x51, 0x67, 0xd2, 0x6b, 0x7c, 0xc2, 0x5b, 0x6c, 0xd1, 0xa3, 0xab, 0xff, 0xe5, 0xed,
0xe6, 0xe6, 0xe6, 0xe6, 0xe6, 0xe6, 0xe6, 0xe6, 0xe6, 0xe6, 0xe6, 0xe6, 0xda, 0xda, 0xda, 0xf8, 0xf8, 0xf8, 0xbd, 0xbd, 0xbd, 0x0d, 0x0d, 0x0d,
0x8d, 0x75, 0x79, 0xff, 0xff, 0xff, 0xff, 0xf7, 0xfb, 0xff, 0xf0, 0xf4, 0xff, 0xee, 0xf2, 0xff, 0xef, 0xf3, 0xff, 0xee, 0xf2, 0xff, 0xef, 0xf3,
0xe4, 0xf3, 0xf1, 0xe4, 0xf3, 0xf1, 0xff, 0xf9, 0xfc, 0xbe, 0xad, 0xb0, 0xb1, 0x62, 0x6f, 0xad, 0x5e, 0x6b, 0xc7, 0x58, 0x69, 0xc7, 0x58, 0x69,
0x97, 0x4c, 0x52, 0xb2, 0x67, 0x6d, 0xa4, 0x5a, 0x5d, 0x5d, 0x13, 0x16, 0x50, 0x06, 0x09, 0x4b, 0x01, 0x04, 0x43, 0x00, 0x02, 0x40, 0x00, 0x00,
0x3c, 0x00, 0x01, 0x40, 0x04, 0x05, 0x3e, 0x09, 0x09, 0x40, 0x0b, 0x0b, 0x42, 0x0d, 0x0d, 0x44, 0x0f, 0x0f, 0x44, 0x0f, 0x0f, 0x41, 0x0c, 0x0c,
0x46, 0x0d, 0x0d, 0x45, 0x0c, 0x0c, 0x43, 0x0c, 0x0c, 0x43, 0x0c, 0x0c, 0x1b, 0x00, 0x00, 0xd3, 0xb6, 0xb2, 0xfe, 0xf7, 0xef, 0xed, 0xe6, 0xde,
0xff, 0xff, 0xf6, 0xff, 0xff, 0xf6, 0xff, 0xfe, 0xf6, 0xff, 0xfe, 0xf6, 0xff, 0xff, 0xff, 0xbd, 0x9c, 0x98, 0x21, 0x00, 0x00, 0x41, 0x15, 0x16,
0x37, 0x04, 0x0b, 0x2f, 0x00, 0x03, 0x35, 0x00, 0x03, 0x3e, 0x02, 0x0c, 0xaa, 0x53, 0x62, 0xaa, 0x53, 0x62, 0xb5, 0x50, 0x61, 0xb4, 0x4f, 0x60,
0xb8, 0x4c, 0x5e, 0xc0, 0x54, 0x66, 0xb0, 0x61, 0x6e, 0xff, 0xbd, 0xca, 0xfc, 0xe4, 0xe8, 0xfb, 0xe3, 0xe7, 0xe3, 0xe6, 0xe6, 0xe2, 0xe5, 0xe5,
0xeb, 0xdf, 0xe1, 0xea, 0xde, 0xe0, 0xef, 0xe3, 0xe5, 0xf1, 0xe5, 0xe7, 0xf5, 0xe9, 0xeb, 0xf8, 0xec, 0xee, 0xf9, 0xed, 0xef, 0xfd, 0xf1, 0xf3,
0xfb, 0xef, 0xf1, 0xfb, 0xef, 0xf1, 0xfb, 0xef, 0xf1, 0xfc, 0xf0, 0xf2, 0xf7, 0xeb, 0xed, 0xff, 0xff, 0xff, 0xf3, 0xd3, 0xd9, 0x90, 0x70, 0x76,
0xa8, 0x62, 0x6e, 0xaa, 0x64, 0x70, 0xb6, 0x5d, 0x6c, 0xb5, 0x5c, 0x6b, 0xb2, 0x59, 0x68, 0xb7, 0x5e, 0x6d, 0x7c, 0x2f, 0x3c, 0x43, 0x00, 0x03,
0x3b, 0x01, 0x0b, 0x2d, 0x00, 0x00, 0x29, 0x00, 0x03, 0x30, 0x02, 0x0a, 0x30, 0x02, 0x0a, 0x30, 0x02, 0x0a, 0x32, 0x02, 0x08, 0x32, 0x02, 0x08,
0x39, 0x03, 0x06, 0x39, 0x03, 0x06, 0x3b, 0x04, 0x04, 0x3b, 0x04, 0x04, 0x3b, 0x04, 0x04, 0x3b, 0x04, 0x04, 0x31, 0x06, 0x04, 0x31, 0x06, 0x04,
0xb6, 0x9e, 0x99, 0xff, 0xf9, 0xf4, 0xe1, 0xd5, 0xce, 0xff, 0xfb, 0xf4, 0xff, 0xf6, 0xef, 0xff, 0xff, 0xfa, 0xff, 0xff, 0xff, 0xff, 0xff, 0xff,
0xd6, 0xbb, 0xbe, 0x2a, 0x0f, 0x12, 0x07, 0x00, 0x00, 0x38, 0x18, 0x1e, 0x2a, 0x0a, 0x10, 0x18, 0x00, 0x00, 0x2c, 0x0c, 0x12, 0x7c, 0x5c, 0x62,
0xba, 0x55, 0x66, 0xba, 0x55, 0x66, 0xd2, 0x50, 0x66, 0xd2, 0x50, 0x66, 0xd3, 0x6c, 0x7d, 0xc3, 0x5c, 0x6d, 0xcc, 0x9e, 0xa6, 0xff, 0xea, 0xf2,
0xe5, 0xe5, 0xe5, 0xe5, 0xe5, 0xe5, 0xe5, 0xe5, 0xe5, 0xe5, 0xe5, 0xe5, 0xd9, 0xd9, 0xd9, 0xf6, 0xf6, 0xf6, 0xbc, 0xbc, 0xbc, 0x0c, 0x0c, 0x0c,
0x8b, 0x75, 0x79, 0xff, 0xff, 0xff, 0xff, 0xf7, 0xfb, 0xff, 0xf0, 0xf4, 0xff, 0xee, 0xf2, 0xff, 0xef, 0xf3, 0xff, 0xee, 0xf2, 0xff, 0xef, 0xf3,
0xe6, 0xf2, 0xf1, 0xe4, 0xf0, 0xef, 0xff, 0xf9, 0xfd, 0xbd, 0xa9, 0xad, 0xb3, 0x61, 0x6f, 0xaf, 0x5d, 0x6b, 0xc9, 0x58, 0x69, 0xc9, 0x58, 0x69,
0x9c, 0x49, 0x52, 0xba, 0x67, 0x70, 0x9e, 0x5a, 0x5f, 0x54, 0x10, 0x15, 0x44, 0x07, 0x0b, 0x3f, 0x02, 0x06, 0x3e, 0x00, 0x03, 0x3b, 0x00, 0x00,
0x37, 0x00, 0x00, 0x3d, 0x03, 0x06, 0x3d, 0x07, 0x0a, 0x40, 0x0a, 0x0d, 0x41, 0x0b, 0x0e, 0x41, 0x0b, 0x0e, 0x41, 0x0b, 0x0e, 0x3f, 0x09, 0x0c,
0x43, 0x0b, 0x0e, 0x42, 0x0a, 0x0d, 0x40, 0x0a, 0x0d, 0x40, 0x0a, 0x0d, 0x11, 0x00, 0x00, 0x65, 0x43, 0x42, 0xff, 0xed, 0xea, 0xff, 0xff, 0xfe,
0xff, 0xfc, 0xf8, 0xff, 0xfc, 0xf8, 0xff, 0xfb, 0xf8, 0xff, 0xfb, 0xf8, 0xff, 0xfb, 0xfb, 0x53, 0x2e, 0x2e, 0x26, 0x00, 0x00, 0x3a, 0x0d, 0x10,
0x3c, 0x09, 0x12, 0x39, 0x06, 0x0f, 0x32, 0x00, 0x03, 0x36, 0x00, 0x07, 0xa8, 0x53, 0x63, 0xa8, 0x53, 0x63, 0xb3, 0x4f, 0x62, 0xb2, 0x4e, 0x61,
0xbb, 0x4b, 0x60, 0xc1, 0x51, 0x66, 0xb0, 0x5d, 0x6d, 0xff, 0xb9, 0xc9, 0xfe, 0xe2, 0xe9, 0xfd, 0xe1, 0xe8, 0xe7, 0xe6, 0xe8, 0xe5, 0xe4, 0xe6,
0xeb, 0xdf, 0xe1, 0xea, 0xde, 0xe0, 0xef, 0xe3, 0xe5, 0xf1, 0xe5, 0xe7, 0xf5, 0xe9, 0xeb, 0xf8, 0xec, 0xee, 0xf9, 0xed, 0xef, 0xfd, 0xf1, 0xf3,
0xfb, 0xef, 0xf1, 0xfb, 0xef, 0xf1, 0xfb, 0xef, 0xf1, 0xfc, 0xf0, 0xf2, 0xf6, 0xea, 0xec, 0xff, 0xff, 0xff, 0xe9, 0xce, 0xd3, 0x89, 0x6e, 0x73,
0xb5, 0x5f, 0x72, 0xb8, 0x62, 0x75, 0xb9, 0x57, 0x6c, 0xb6, 0x54, 0x69, 0xaf, 0x54, 0x68, 0xb7, 0x5c, 0x70, 0x78, 0x2e, 0x3f, 0x3e, 0x00, 0x05,
0x38, 0x00, 0x0b, 0x2a, 0x00, 0x00, 0x26, 0x00, 0x02, 0x2d, 0x01, 0x09, 0x2d, 0x01, 0x09, 0x2d, 0x01, 0x09, 0x2f, 0x01, 0x07, 0x2f, 0x01, 0x07,
0x36, 0x02, 0x06, 0x36, 0x02, 0x06, 0x38, 0x02, 0x05, 0x39, 0x03, 0x06, 0x39, 0x03, 0x06, 0x39, 0x03, 0x06, 0x31, 0x05, 0x06, 0x31, 0x05, 0x06,
0x4f, 0x31, 0x30, 0xe8, 0xca, 0xc9, 0xff, 0xf0, 0xed, 0xff, 0xf4, 0xf1, 0xff, 0xf7, 0xf4, 0xff, 0xfe, 0xfb, 0xff, 0xff, 0xff, 0xff, 0xff, 0xff,
0x61, 0x44, 0x49, 0x05, 0x00, 0x00, 0x07, 0x00, 0x00, 0x3b, 0x1a, 0x22, 0x26, 0x05, 0x0d, 0x1a, 0x00, 0x01, 0x24, 0x03, 0x0b, 0x61, 0x40, 0x48,
0xb9, 0x53, 0x66, 0xb9, 0x53, 0x66, 0xd1, 0x4e, 0x66, 0xd1, 0x4e, 0x66, 0xd4, 0x6c, 0x7f, 0xc4, 0x5c, 0x6f, 0xca, 0x9b, 0xa5, 0xff, 0xec, 0xf6,
0xe4, 0xe4, 0xe4, 0xe4, 0xe4, 0xe4, 0xe4, 0xe4, 0xe4, 0xe4, 0xe4, 0xe4, 0xd8, 0xd8, 0xd8, 0xf5, 0xf5, 0xf5, 0xbb, 0xbb, 0xbb, 0x0b, 0x0b, 0x0b,
0x8b, 0x75, 0x79, 0xff, 0xff, 0xff, 0xff, 0xf7, 0xfb, 0xff, 0xf0, 0xf4, 0xff, 0xee, 0xf2, 0xff, 0xef, 0xf3, 0xff, 0xee, 0xf2, 0xff, 0xef, 0xf3,
0xe6, 0xf2, 0xf1, 0xe4, 0xf0, 0xef, 0xff, 0xfb, 0xff, 0xbc, 0xa8, 0xac, 0xb3, 0x61, 0x6f, 0xaf, 0x5d, 0x6b, 0xc9, 0x58, 0x69, 0xc9, 0x58, 0x69,
0x9e, 0x4b, 0x54, 0xbb, 0x68, 0x71, 0x9c, 0x58, 0x5d, 0x51, 0x0d, 0x12, 0x44, 0x07, 0x0b, 0x3f, 0x02, 0x06, 0x3e, 0x00, 0x03, 0x3a, 0x00, 0x00,
0x36, 0x00, 0x00, 0x3d, 0x03, 0x06, 0x3b, 0x05, 0x08, 0x3f, 0x09, 0x0c, 0x40, 0x0a, 0x0d, 0x40, 0x0a, 0x0d, 0x40, 0x0a, 0x0d, 0x3d, 0x07, 0x0a,
0x41, 0x09, 0x0c, 0x41, 0x09, 0x0c, 0x3e, 0x08, 0x0b, 0x3e, 0x08, 0x0b, 0x36, 0x14, 0x13, 0x11, 0x00, 0x00, 0xb3, 0xa1, 0x9e, 0xff, 0xff, 0xff,
0xff, 0xfc, 0xf8, 0xff, 0xfc, 0xf8, 0xff, 0xfb, 0xf8, 0xff, 0xfb, 0xf8, 0x75, 0x50, 0x50, 0x12, 0x00, 0x00, 0x45, 0x18, 0x1b, 0x20, 0x00, 0x00,
0x3c, 0x09, 0x12, 0x3b, 0x08, 0x11, 0x33, 0x00, 0x04, 0x34, 0x00, 0x05, 0xa8, 0x53, 0x63, 0xa8, 0x53, 0x63, 0xb3, 0x4f, 0x62, 0xb2, 0x4e, 0x61,
0xbb, 0x4b, 0x60, 0xc1, 0x51, 0x66, 0xaf, 0x5c, 0x6c, 0xff, 0xb8, 0xc8, 0xfe, 0xe2, 0xe9, 0xfd, 0xe1, 0xe8, 0xe7, 0xe6, 0xe8, 0xe6, 0xe5, 0xe7,
0xeb, 0xdf, 0xe1, 0xea, 0xde, 0xe0, 0xef, 0xe3, 0xe5, 0xf1, 0xe5, 0xe7, 0xf5, 0xe9, 0xeb, 0xf8, 0xec, 0xee, 0xf9, 0xed, 0xef, 0xfd, 0xf1, 0xf3,
0xfb, 0xef, 0xf1, 0xfb, 0xef, 0xf1, 0xfb, 0xef, 0xf1, 0xfc, 0xf0, 0xf2, 0xf5, 0xe9, 0xeb, 0xff, 0xff, 0xff, 0xe7, 0xcc, 0xd1, 0x86, 0x6b, 0x70,
0xb6, 0x60, 0x73, 0xb6, 0x60, 0x73, 0xb8, 0x56, 0x6b, 0xa6, 0x44, 0x59, 0xae, 0x53, 0x67, 0xb7, 0x5c, 0x70, 0x78, 0x2e, 0x3f, 0x3d, 0x00, 0x04,
0x37, 0x00, 0x0a, 0x29, 0x00, 0x00, 0x25, 0x00, 0x01, 0x2c, 0x00, 0x08, 0x2c, 0x00, 0x08, 0x2c, 0x00, 0x08, 0x2e, 0x00, 0x06, 0x2e, 0x00, 0x06,
0x36, 0x02, 0x06, 0x36, 0x02, 0x06, 0x39, 0x03, 0x06, 0x39, 0x03, 0x06, 0x39, 0x03, 0x06, 0x39, 0x03, 0x06, 0x31, 0x05, 0x06, 0x31, 0x05, 0x06,
0x1d, 0x00, 0x00, 0x75, 0x57, 0x56, 0xff, 0xff, 0xff, 0xff, 0xff, 0xff, 0xff, 0xff, 0xff, 0xff, 0xff, 0xff, 0xff, 0xed, 0xed, 0xfc, 0xe2, 0xe2,
0x16, 0x00, 0x00, 0x0e, 0x00, 0x00, 0x1d, 0x00, 0x04, 0x24, 0x03, 0x0b, 0x26, 0x05, 0x0d, 0x1b, 0x00, 0x02, 0x20, 0x00, 0x07, 0x5f, 0x3e, 0x46,
0xb8, 0x52, 0x65, 0xb8, 0x52, 0x65, 0xd0, 0x4d, 0x65, 0xd0, 0x4d, 0x65, 0xd4, 0x6c, 0x7f, 0xc4, 0x5c, 0x6f, 0xc9, 0x9a, 0xa4, 0xff, 0xec, 0xf6,
0xe3, 0xe3, 0xe3, 0xe3, 0xe3, 0xe3, 0xe3, 0xe3, 0xe3, 0xe3, 0xe3, 0xe3, 0xd7, 0xd7, 0xd7, 0xf4, 0xf4, 0xf4, 0xba, 0xba, 0xba, 0x0a, 0x0a, 0x0a,
0x85, 0x76, 0x79, 0xff, 0xff, 0xff, 0xff, 0xf8, 0xfb, 0xff, 0xf1, 0xf4, 0xfe, 0xef, 0xf2, 0xff, 0xf0, 0xf3, 0xfe, 0xef, 0xf2, 0xff, 0xf0, 0xf3,
0xec, 0xf1, 0xf1, 0xea, 0xef, 0xef, 0xff, 0xfa, 0xff, 0xc1, 0xa6, 0xab, 0xb9, 0x60, 0x6f, 0xb5, 0x5c, 0x6b, 0xcf, 0x57, 0x6b, 0xcf, 0x57, 0x6b,
0xad, 0x4a, 0x5b, 0xcb, 0x68, 0x79, 0x8e, 0x56, 0x60, 0x40, 0x08, 0x12, 0x2c, 0x0a, 0x10, 0x27, 0x05, 0x0b, 0x36, 0x00, 0x08, 0x32, 0x00, 0x04,
0x34, 0x00, 0x04, 0x3a, 0x00, 0x0a, 0x3a, 0x02, 0x0c, 0x3e, 0x06, 0x10, 0x3d, 0x05, 0x0f, 0x3b, 0x03, 0x0d, 0x38, 0x03, 0x0c, 0x37, 0x02, 0x0b,
0x37, 0x04, 0x0d, 0x37, 0x04, 0x0d, 0x35, 0x05, 0x0d, 0x35, 0x05, 0x0d, 0x2d, 0x01, 0x09, 0x2d, 0x01, 0x09, 0x27, 0x03, 0x09, 0x27, 0x03, 0x09,
0x97, 0x73, 0x79, 0x89, 0x65, 0x6b, 0x6e, 0x4a, 0x50, 0x59, 0x35, 0x3b, 0x35, 0x09, 0x11, 0x33, 0x07, 0x0f, 0x33, 0x04, 0x0e, 0x35, 0x06, 0x10,
0x3a, 0x07, 0x16, 0x3b, 0x08, 0x17, 0x30, 0x00, 0x0a, 0x2f, 0x00, 0x09, 0xa4, 0x51, 0x68, 0xa4, 0x51, 0x68, 0xaf, 0x4d, 0x67, 0xae, 0x4c, 0x66,
0xc1, 0x47, 0x65, 0xc7, 0x4d, 0x6b, 0xb3, 0x56, 0x6f, 0xff, 0xb2, 0xcb, 0xff, 0xde, 0xee, 0xff, 0xdd, 0xed, 0xeb, 0xe0, 0xe9, 0xea, 0xdf, 0xe8,
0xeb, 0xde, 0xe2, 0xea, 0xdd, 0xe1, 0xef, 0xe3, 0xe5, 0xf1, 0xe5, 0xe7, 0xf5, 0xe9, 0xeb, 0xf8, 0xec, 0xee, 0xf9, 0xed, 0xef, 0xfd, 0xf1, 0xf3,
0xfb, 0xef, 0xf1, 0xfb, 0xef, 0xf1, 0xfb, 0xef, 0xf1, 0xfc, 0xf0, 0xf2, 0xf0, 0xe4, 0xe6, 0xff, 0xff, 0xff, 0xd9, 0xc6, 0xce, 0x7a, 0x67, 0x6f,
0xce, 0x58, 0x77, 0xcb, 0x55, 0x74, 0xc1, 0x4f, 0x72, 0xb8, 0x46, 0x69, 0xac, 0x4f, 0x6f, 0xb5, 0x58, 0x78, 0x72, 0x2c, 0x43, 0x37, 0x00, 0x08,
0x33, 0x00, 0x0c, 0x25, 0x00, 0x00, 0x21, 0x00, 0x01, 0x28, 0x01, 0x08, 0x28, 0x01, 0x08, 0x29, 0x02, 0x09, 0x2c, 0x03, 0x0a, 0x2d, 0x04, 0x0b,
0x33, 0x03, 0x09, 0x33, 0x03, 0x09, 0x36, 0x03, 0x0a, 0x36, 0x03, 0x0a, 0x36, 0x03, 0x0a, 0x36, 0x03, 0x0a, 0x34, 0x04, 0x0a, 0x35, 0x05, 0x0b,
0x29, 0x00, 0x03, 0x42, 0x16, 0x1c, 0x70, 0x47, 0x4c, 0x87, 0x5e, 0x63, 0xc9, 0xa0, 0xa5, 0x9f, 0x76, 0x7b, 0x4c, 0x24, 0x2d, 0x23, 0x00, 0x04,
0x18, 0x00, 0x00, 0x19, 0x00, 0x01, 0x20, 0x00, 0x0c, 0x25, 0x01, 0x11, 0x25, 0x01, 0x11, 0x1e, 0x00, 0x0a, 0x1c, 0x00, 0x08, 0x61, 0x3d, 0x4d,
0xb8, 0x4f, 0x6a, 0xb8, 0x4f, 0x6a, 0xd0, 0x4a, 0x6a, 0xd0, 0x4a, 0x6a, 0xd4, 0x69, 0x84, 0xc4, 0x59, 0x74, 0xc7, 0x96, 0xa5, 0xff, 0xeb, 0xfa,
0xe1, 0xe0, 0xe2, 0xe1, 0xe0, 0xe2, 0xe1, 0xe1, 0xe1, 0xe1, 0xe1, 0xe1, 0xd6, 0xd6, 0xd6, 0xf3, 0xf3, 0xf3, 0xb9, 0xb9, 0xb9, 0x09, 0x09, 0x09,
0x85, 0x76, 0x79, 0xff, 0xff, 0xff, 0xff, 0xf8, 0xfb, 0xff, 0xf1, 0xf4, 0xfe, 0xef, 0xf2, 0xff, 0xf0, 0xf3, 0xfe, 0xef, 0xf2, 0xff, 0xf0, 0xf3,
0xec, 0xf1, 0xf1, 0xea, 0xef, 0xef, 0xff, 0xfa, 0xff, 0xc1, 0xa6, 0xab, 0xb9, 0x60, 0x6f, 0xb5, 0x5c, 0x6b, 0xcf, 0x57, 0x6b, 0xcf, 0x57, 0x6b,
0xb1, 0x4e, 0x5f, 0xcc, 0x69, 0x7a, 0x8d, 0x55, 0x5f, 0x3e, 0x06, 0x10, 0x2c, 0x0a, 0x10, 0x27, 0x05, 0x0b, 0x36, 0x00, 0x08, 0x32, 0x00, 0x04,
0x34, 0x00, 0x04, 0x3a, 0x00, 0x0a, 0x3a, 0x02, 0x0c, 0x3d, 0x05, 0x0f, 0x3b, 0x03, 0x0d, 0x3a, 0x02, 0x0c, 0x37, 0x02, 0x0b, 0x36, 0x01, 0x0a,
0x36, 0x03, 0x0c, 0x36, 0x03, 0x0c, 0x34, 0x04, 0x0c, 0x34, 0x04, 0x0c, 0x2d, 0x01, 0x09, 0x2d, 0x01, 0x09, 0x22, 0x00, 0x04, 0x20, 0x00, 0x02,
0x1a, 0x00, 0x00, 0x13, 0x00, 0x00, 0x12, 0x00, 0x00, 0x14, 0x00, 0x00, 0x24, 0x00, 0x00, 0x29, 0x00, 0x05, 0x30, 0x01, 0x0b, 0x32, 0x03, 0x0d,
0x3a, 0x07, 0x16, 0x3b, 0x08, 0x17, 0x31, 0x00, 0x0b, 0x2e, 0x00, 0x08, 0xa4, 0x51, 0x68, 0xa4, 0x51, 0x68, 0xaf, 0x4d, 0x67, 0xae, 0x4c, 0x66,
0xc1, 0x47, 0x65, 0xc7, 0x4d, 0x6b, 0xb3, 0x56, 0x6f, 0xff, 0xb2, 0xcb, 0xff, 0xde, 0xee, 0xff, 0xdd, 0xed, 0xeb, 0xe0, 0xe9, 0xea, 0xdf, 0xe8,
0xeb, 0xde, 0xe2, 0xea, 0xdd, 0xe1, 0xef, 0xe3, 0xe5, 0xf1, 0xe5, 0xe7, 0xf5, 0xe9, 0xeb, 0xf8, 0xec, 0xee, 0xf9, 0xed, 0xef, 0xfd, 0xf1, 0xf3,
0xfb, 0xef, 0xf1, 0xfb, 0xef, 0xf1, 0xfb, 0xef, 0xf1, 0xfc, 0xf0, 0xf2, 0xef, 0xe3, 0xe5, 0xff, 0xff, 0xff, 0xd8, 0xc5, 0xcd, 0x79, 0x66, 0x6e,
0xce, 0x58, 0x77, 0xc6, 0x50, 0x6f, 0xc0, 0x4e, 0x71, 0xbb, 0x49, 0x6c, 0xac, 0x4f, 0x6f, 0xb5, 0x58, 0x78, 0x72, 0x2c, 0x43, 0x37, 0x00, 0x08,
0x33, 0x00, 0x0c, 0x25, 0x00, 0x00, 0x21, 0x00, 0x01, 0x28, 0x01, 0x08, 0x28, 0x01, 0x08, 0x29, 0x02, 0x09, 0x2c, 0x03, 0x0a, 0x2d, 0x04, 0x0b,
0x33, 0x03, 0x09, 0x34, 0x04, 0x0a, 0x37, 0x04, 0x0b, 0x37, 0x04, 0x0b, 0x37, 0x04, 0x0b, 0x37, 0x04, 0x0b, 0x35, 0x05, 0x0b, 0x37, 0x07, 0x0d,
0x35, 0x09, 0x0f, 0x2f, 0x03, 0x09, 0x25, 0x00, 0x01, 0x1f, 0x00, 0x00, 0x1b, 0x00, 0x00, 0x1b, 0x00, 0x00, 0x26, 0x00, 0x07, 0x28, 0x00, 0x09,
0x21, 0x00, 0x09, 0x1d, 0x00, 0x05, 0x20, 0x00, 0x0c, 0x22, 0x00, 0x0e, 0x25, 0x01, 0x11, 0x20, 0x00, 0x0c, 0x1a, 0x00, 0x06, 0x61, 0x3d, 0x4d,
0xb8, 0x4f, 0x6a, 0xb8, 0x4f, 0x6a, 0xd0, 0x4a, 0x6a, 0xd0, 0x4a, 0x6a, 0xd4, 0x69, 0x84, 0xc4, 0x59, 0x74, 0xc7, 0x96, 0xa5, 0xff, 0xeb, 0xfa,
0xe0, 0xdf, 0xe1, 0xe0, 0xdf, 0xe1, 0xe0, 0xe0, 0xe0, 0xe0, 0xe0, 0xe0, 0xd5, 0xd5, 0xd5, 0xf2, 0xf2, 0xf2, 0xb7, 0xb7, 0xb7, 0x08, 0x08, 0x08,
0x83, 0x77, 0x79, 0xff, 0xff, 0xff, 0xff, 0xf9, 0xfb, 0xfe, 0xf2, 0xf4, 0xfc, 0xf0, 0xf2, 0xfd, 0xf1, 0xf3, 0xfc, 0xf0, 0xf2, 0xfd, 0xf1, 0xf3,
0xee, 0xf1, 0xf1, 0xec, 0xef, 0xef, 0xff, 0xfa, 0xff, 0xc3, 0xa6, 0xab, 0xbb, 0x60, 0x6f, 0xb7, 0x5c, 0x6b, 0xd1, 0x57, 0x6b, 0xd1, 0x57, 0x6b,
0xb9, 0x4e, 0x62, 0xd3, 0x68, 0x7c, 0x86, 0x55, 0x5f, 0x34, 0x03, 0x0d, 0x20, 0x0b, 0x11, 0x1b, 0x06, 0x0c, 0x32, 0x00, 0x09, 0x2e, 0x00, 0x05,
0x32, 0x00, 0x05, 0x37, 0x00, 0x0a, 0x38, 0x00, 0x0b, 0x39, 0x00, 0x0c, 0x38, 0x00, 0x0b, 0x37, 0x00, 0x0a, 0x35, 0x00, 0x0a, 0x35, 0x00, 0x0a,
0x32, 0x01, 0x0b, 0x32, 0x01, 0x0b, 0x30, 0x01, 0x0b, 0x30, 0x01, 0x0b, 0x2f, 0x00, 0x0a, 0x2f, 0x00, 0x0a, 0x2a, 0x00, 0x05, 0x29, 0x00, 0x04,
0x23, 0x00, 0x00, 0x1d, 0x00, 0x00, 0x1b, 0x00, 0x00, 0x22, 0x00, 0x00, 0x2a, 0x00, 0x05, 0x2e, 0x00, 0x09, 0x33, 0x01, 0x0e, 0x35, 0x03, 0x10,
0x36, 0x04, 0x16, 0x37, 0x05, 0x17, 0x30, 0x00, 0x0d, 0x2d, 0x00, 0x0a, 0xa2, 0x50, 0x69, 0xa2, 0x50, 0x69, 0xad, 0x4d, 0x68, 0xac, 0x4c, 0x67,
0xc3, 0x46, 0x66, 0xc9, 0x4c, 0x6c, 0xb5, 0x55, 0x70, 0xff, 0xb1, 0xcc, 0xff, 0xdd, 0xef, 0xff, 0xdc, 0xee, 0xed, 0xdf, 0xeb, 0xec, 0xde, 0xea,
0xe8, 0xdb, 0xdf, 0xe6, 0xd9, 0xdd, 0xeb, 0xdf, 0xe1, 0xee, 0xe2, 0xe4, 0xf4, 0xe8, 0xea, 0xf7, 0xeb, 0xed, 0xf9, 0xed, 0xef, 0xfd, 0xf1, 0xf3,
0xfb, 0xef, 0xf1, 0xfb, 0xef, 0xf1, 0xfb, 0xef, 0xf1, 0xfc, 0xf0, 0xf2, 0xed, 0xe1, 0xe3, 0xff, 0xff, 0xff, 0xd2, 0xc4, 0xcb, 0x72, 0x64, 0x6b,
0xd6, 0x51, 0x77, 0xce, 0x49, 0x6f, 0xc0, 0x47, 0x70, 0xbe, 0x45, 0x6e, 0xaa, 0x4b, 0x70, 0xb5, 0x56, 0x7b, 0x6e, 0x2d, 0x45, 0x33, 0x00, 0x0a,
0x30, 0x00, 0x0c, 0x24, 0x00, 0x00, 0x20, 0x00, 0x02, 0x26, 0x02, 0x08, 0x26, 0x02, 0x08, 0x27, 0x03, 0x09, 0x2a, 0x03, 0x0a, 0x2b, 0x04, 0x0b,
0x30, 0x02, 0x0a, 0x31, 0x03, 0x0b, 0x34, 0x04, 0x0c, 0x34, 0x04, 0x0c, 0x34, 0x04, 0x0c, 0x34, 0x04, 0x0c, 0x34, 0x04, 0x0c, 0x35, 0x05, 0x0d,
0x39, 0x09, 0x11, 0x32, 0x02, 0x0a, 0x15, 0x00, 0x00, 0x23, 0x00, 0x00, 0x2e, 0x00, 0x06, 0x2e, 0x00, 0x06, 0x1d, 0x00, 0x00, 0x1f, 0x00, 0x00,
0x22, 0x00, 0x0a, 0x20, 0x00, 0x08, 0x1f, 0x00, 0x0c, 0x20, 0x00, 0x0d, 0x1e, 0x00, 0x0b, 0x20, 0x00, 0x0d, 0x1a, 0x00, 0x07, 0x66, 0x41, 0x53,
0xb8, 0x4e, 0x6b, 0xb8, 0x4e, 0x6b, 0xd0, 0x49, 0x6b, 0xd0, 0x49, 0x6b, 0xd4, 0x68, 0x85, 0xc4, 0x58, 0x75, 0xc7, 0x95, 0xa7, 0xff, 0xea, 0xfc,
0xdf, 0xde, 0xe0, 0xdf, 0xde, 0xe0, 0xdf, 0xdf, 0xdf, 0xdf, 0xdf, 0xdf, 0xd3, 0xd3, 0xd3, 0xf1, 0xf1, 0xf1, 0xb6, 0xb6, 0xb6, 0x06, 0x06, 0x06,
0x83, 0x77, 0x79, 0xff, 0xff, 0xff, 0xff, 0xf9, 0xfb, 0xfe, 0xf2, 0xf4, 0xfc, 0xf0, 0xf2, 0xfd, 0xf1, 0xf3, 0xfc, 0xf0, 0xf2, 0xfd, 0xf1, 0xf3,
0xee, 0xf1, 0xf1, 0xec, 0xef, 0xef, 0xff, 0xfa, 0xff, 0xc3, 0xa6, 0xab, 0xbb, 0x60, 0x6f, 0xb7, 0x5c, 0x6b, 0xd1, 0x57, 0x6b, 0xd1, 0x57, 0x6b,
0xbc, 0x51, 0x65, 0xd4, 0x69, 0x7d, 0x85, 0x54, 0x5e, 0x32, 0x01, 0x0b, 0x20, 0x0b, 0x11, 0x1b, 0x06, 0x0c, 0x32, 0x00, 0x09, 0x2e, 0x00, 0x05,
0x32, 0x00, 0x05, 0x36, 0x00, 0x09, 0x37, 0x00, 0x0a, 0x38, 0x00, 0x0b, 0x37, 0x00, 0x0a, 0x36, 0x00, 0x09, 0x34, 0x00, 0x09, 0x34, 0x00, 0x09,
0x30, 0x00, 0x09, 0x30, 0x00, 0x09, 0x2e, 0x00, 0x09, 0x2f, 0x00, 0x0a, 0x2f, 0x00, 0x0a, 0x2f, 0x00, 0x0a, 0x2a, 0x00, 0x05, 0x2a, 0x00, 0x05,
0x23, 0x00, 0x00, 0x1c, 0x00, 0x00, 0x29, 0x00, 0x04, 0x36, 0x07, 0x11, 0x2e, 0x00, 0x09, 0x30, 0x01, 0x0b, 0x34, 0x02, 0x0f, 0x35, 0x03, 0x10,
0x35, 0x03, 0x15, 0x36, 0x04, 0x16, 0x30, 0x00, 0x0d, 0x2e, 0x00, 0x0b, 0xa2, 0x50, 0x69, 0xa2, 0x50, 0x69, 0xad, 0x4d, 0x68, 0xac, 0x4c, 0x67,
0xc3, 0x46, 0x66, 0xc9, 0x4c, 0x6c, 0xb5, 0x55, 0x70, 0xff, 0xb1, 0xcc, 0xff, 0xdd, 0xef, 0xff, 0xdc, 0xee, 0xee, 0xe0, 0xec, 0xec, 0xde, 0xea,
0xe7, 0xda, 0xde, 0xe3, 0xd6, 0xda, 0xe9, 0xdd, 0xdf, 0xed, 0xe1, 0xe3, 0xf4, 0xe8, 0xea, 0xf7, 0xeb, 0xed, 0xf9, 0xed, 0xef, 0xfd, 0xf1, 0xf3,
0xfb, 0xef, 0xf1, 0xfb, 0xef, 0xf1, 0xfb, 0xef, 0xf1, 0xfc, 0xf0, 0xf2, 0xea, 0xde, 0xe0, 0xff, 0xff, 0xff, 0xcf, 0xc1, 0xc8, 0x70, 0x62, 0x69,
0xd3, 0x4e, 0x74, 0xc9, 0x44, 0x6a, 0xbe, 0x45, 0x6e, 0xbe, 0x45, 0x6e, 0xa9, 0x4a, 0x6f, 0xb5, 0x56, 0x7b, 0x6e, 0x2d, 0x45, 0x33, 0x00, 0x0a,
0x30, 0x00, 0x0c, 0x25, 0x00, 0x01, 0x20, 0x00, 0x02, 0x26, 0x02, 0x08, 0x26, 0x02, 0x08, 0x27, 0x03, 0x09, 0x2a, 0x03, 0x0a, 0x2b, 0x04, 0x0b,
0x31, 0x03, 0x0b, 0x31, 0x03, 0x0b, 0x34, 0x04, 0x0c, 0x34, 0x04, 0x0c, 0x34, 0x04, 0x0c, 0x34, 0x04, 0x0c, 0x34, 0x04, 0x0c, 0x35, 0x05, 0x0d,
0x35, 0x05, 0x0d, 0x32, 0x02, 0x0a, 0x2b, 0x00, 0x03, 0x28, 0x00, 0x00, 0x1e, 0x00, 0x00, 0x1e, 0x00, 0x00, 0x1b, 0x00, 0x00, 0x1f, 0x00, 0x00,
0x20, 0x00, 0x08, 0x22, 0x00, 0x0a, 0x1f, 0x00, 0x0c, 0x1e, 0x00, 0x0b, 0x1a, 0x00, 0x07, 0x20, 0x00, 0x0d, 0x18, 0x00, 0x05, 0x6b, 0x46, 0x58,
0xb8, 0x4e, 0x6b, 0xb8, 0x4e, 0x6b, 0xd0, 0x49, 0x6b, 0xd0, 0x49, 0x6b, 0xd4, 0x68, 0x85, 0xc4, 0x58, 0x75, 0xc7, 0x95, 0xa7, 0xff, 0xea, 0xfc,
0xde, 0xdd, 0xdf, 0xde, 0xdd, 0xdf, 0xde, 0xde, 0xde, 0xde, 0xde, 0xde, 0xd2, 0xd2, 0xd2, 0xef, 0xef, 0xef, 0xb5, 0xb5, 0xb5, 0x05, 0x05, 0x05,
0x83, 0x77, 0x79, 0xff, 0xff, 0xff, 0xff, 0xf9, 0xfb, 0xfe, 0xf2, 0xf4, 0xfc, 0xf0, 0xf2, 0xfd, 0xf1, 0xf3, 0xfc, 0xf0, 0xf2, 0xfd, 0xf1, 0xf3,
0xee, 0xf1, 0xf1, 0xec, 0xef, 0xef, 0xff, 0xfa, 0xff, 0xc3, 0xa6, 0xab, 0xbb, 0x60, 0x6f, 0xb7, 0x5c, 0x6b, 0xd1, 0x57, 0x6b, 0xd1, 0x57, 0x6b,
0xbc, 0x51, 0x65, 0xd4, 0x69, 0x7d, 0x85, 0x54, 0x5e, 0x32, 0x01, 0x0b, 0x20, 0x0b, 0x11, 0x1b, 0x06, 0x0c, 0x32, 0x00, 0x09, 0x2f, 0x00, 0x06,
0x31, 0x00, 0x04, 0x34, 0x00, 0x07, 0x34, 0x00, 0x07, 0x36, 0x00, 0x09, 0x34, 0x00, 0x07, 0x34, 0x00, 0x07, 0x32, 0x00, 0x07, 0x32, 0x00, 0x07,
0x30, 0x00, 0x09, 0x30, 0x00, 0x09, 0x2e, 0x00, 0x09, 0x2f, 0x00, 0x0a, 0x2f, 0x00, 0x0a, 0x2f, 0x00, 0x0a, 0x2c, 0x00, 0x07, 0x2b, 0x00, 0x06,
0x27, 0x00, 0x02, 0x26, 0x00, 0x01, 0x2e, 0x00, 0x09, 0x2f, 0x00, 0x0a, 0x30, 0x01, 0x0b, 0x2f, 0x00, 0x0a, 0x31, 0x00, 0x0c, 0x31, 0x00, 0x0c,
0x31, 0x00, 0x11, 0x32, 0x00, 0x12, 0x32, 0x00, 0x0f, 0x30, 0x00, 0x0d, 0xa2, 0x50, 0x69, 0xa2, 0x50, 0x69, 0xad, 0x4d, 0x68, 0xac, 0x4c, 0x67,
0xc3, 0x46, 0x66, 0xc9, 0x4c, 0x6c, 0xb5, 0x55, 0x70, 0xff, 0xb1, 0xcc, 0xff, 0xdd, 0xef, 0xff, 0xdd, 0xef, 0xf0, 0xe2, 0xee, 0xe9, 0xdb, 0xe7,
0xe3, 0xd6, 0xda, 0xdf, 0xd2, 0xd6, 0xe6, 0xda, 0xdc, 0xe8, 0xdc, 0xde, 0xf4, 0xe8, 0xea, 0xf7, 0xeb, 0xed, 0xf8, 0xec, 0xee, 0xfd, 0xf1, 0xf3,
0xfb, 0xef, 0xf1, 0xfb, 0xef, 0xf1, 0xfb, 0xef, 0xf1, 0xfc, 0xf0, 0xf2, 0xea, 0xde, 0xe0, 0xff, 0xff, 0xff, 0xcf, 0xc1, 0xc8, 0x70, 0x62, 0x69,
0xd1, 0x4c, 0x72, 0xc9, 0x44, 0x6a, 0xbc, 0x43, 0x6c, 0xbc, 0x43, 0x6c, 0xa9, 0x4a, 0x6f, 0xb5, 0x56, 0x7b, 0x6e, 0x2d, 0x45, 0x33, 0x00, 0x0a,
0x2e, 0x00, 0x0a, 0x28, 0x00, 0x04, 0x21, 0x00, 0x03, 0x24, 0x00, 0x06, 0x26, 0x02, 0x08, 0x26, 0x02, 0x08, 0x28, 0x01, 0x08, 0x28, 0x01, 0x08,
0x2f, 0x01, 0x09, 0x30, 0x02, 0x0a, 0x32, 0x02, 0x0a, 0x33, 0x03, 0x0b, 0x33, 0x03, 0x0b, 0x33, 0x03, 0x0b, 0x33, 0x03, 0x0b, 0x33, 0x03, 0x0b,
0x32, 0x02, 0x0a, 0x32, 0x02, 0x0a, 0x30, 0x00, 0x08, 0x2d, 0x00, 0x05, 0x30, 0x00, 0x08, 0x2d, 0x00, 0x05, 0x27, 0x00, 0x04, 0x28, 0x00, 0x05,
0x21, 0x00, 0x09, 0x22, 0x00, 0x0a, 0x1e, 0x00, 0x0b, 0x1f, 0x00, 0x0c, 0x14, 0x00, 0x01, 0x1f, 0x00, 0x0c, 0x1a, 0x00, 0x07, 0x70, 0x4b, 0x5d,
0xb8, 0x4e, 0x6b, 0xb8, 0x4e, 0x6b, 0xd0, 0x49, 0x6b, 0xd0, 0x49, 0x6b, 0xd4, 0x68, 0x85, 0xc4, 0x58, 0x75, 0xc7, 0x95, 0xa7, 0xff, 0xea, 0xfc,
0xde, 0xdd, 0xdf, 0xde, 0xdd, 0xdf, 0xde, 0xde, 0xde, 0xde, 0xde, 0xde, 0xd2, 0xd2, 0xd2, 0xef, 0xef, 0xef, 0xb5, 0xb5, 0xb5, 0x05, 0x05, 0x05,
0x83, 0x77, 0x79, 0xff, 0xff, 0xff, 0xff, 0xf9, 0xfb, 0xfe, 0xf2, 0xf4, 0xfc, 0xf0, 0xf2, 0xfd, 0xf1, 0xf3, 0xfc, 0xf0, 0xf2, 0xfd, 0xf1, 0xf3,
0xee, 0xf1, 0xf1, 0xec, 0xef, 0xef, 0xff, 0xfa, 0xff, 0xc3, 0xa6, 0xab, 0xbb, 0x60, 0x6f, 0xb7, 0x5c, 0x6b, 0xd1, 0x57, 0x6b, 0xd1, 0x57, 0x6b,
0xbc, 0x51, 0x65, 0xd4, 0x69, 0x7d, 0x85, 0x54, 0x5e, 0x32, 0x01, 0x0b, 0x20, 0x0b, 0x11, 0x1b, 0x06, 0x0c, 0x32, 0x00, 0x09, 0x2f, 0x00, 0x06,
0x31, 0x00, 0x04, 0x33, 0x00, 0x06, 0x33, 0x00, 0x06, 0x34, 0x00, 0x07, 0x33, 0x00, 0x06, 0x33, 0x00, 0x06, 0x32, 0x00, 0x07, 0x32, 0x00, 0x07,
0x30, 0x00, 0x09, 0x30, 0x00, 0x09, 0x2e, 0x00, 0x09, 0x2f, 0x00, 0x0a, 0x2f, 0x00, 0x0a, 0x2f, 0x00, 0x0a, 0x2c, 0x00, 0x07, 0x2c, 0x00, 0x07,
0x2a, 0x00, 0x05, 0x28, 0x00, 0x03, 0x2c, 0x00, 0x07, 0x2f, 0x00, 0x0a, 0x2f, 0x00, 0x0a, 0x2f, 0x00, 0x0a, 0x31, 0x00, 0x0c, 0x31, 0x00, 0x0c,
0x30, 0x00, 0x10, 0x31, 0x00, 0x11, 0x32, 0x00, 0x0f, 0x30, 0x00, 0x0d, 0xa2, 0x50, 0x69, 0xa2, 0x50, 0x69, 0xad, 0x4d, 0x68, 0xac, 0x4c, 0x67,
0xc3, 0x46, 0x66, 0xc9, 0x4c, 0x6c, 0xb5, 0x55, 0x70, 0xff, 0xb1, 0xcc, 0xff, 0xdd, 0xef, 0xff, 0xdd, 0xef, 0xf0, 0xe2, 0xee, 0xe9, 0xdb, 0xe7,
0xe1, 0xd4, 0xd8, 0xdc, 0xcf, 0xd3, 0xe3, 0xd7, 0xd9, 0xe7, 0xdb, 0xdd, 0xf2, 0xe6, 0xe8, 0xf6, 0xea, 0xec, 0xf8, 0xec, 0xee, 0xfd, 0xf1, 0xf3,
0xfb, 0xef, 0xf1, 0xfb, 0xef, 0xf1, 0xfb, 0xef, 0xf1, 0xfc, 0xf0, 0xf2, 0xea, 0xde, 0xe0, 0xff, 0xff, 0xff, 0xcf, 0xc1, 0xc8, 0x70, 0x62, 0x69,
0xd2, 0x4d, 0x73, 0xc9, 0x44, 0x6a, 0xbd, 0x44, 0x6d, 0xbd, 0x44, 0x6d, 0xa9, 0x4a, 0x6f, 0xb5, 0x56, 0x7b, 0x6e, 0x2d, 0x45, 0x33, 0x00, 0x0a,
0x2c, 0x00, 0x08, 0x2a, 0x00, 0x06, 0x21, 0x00, 0x03, 0x23, 0x00, 0x05, 0x24, 0x00, 0x06, 0x24, 0x00, 0x06, 0x28, 0x01, 0x08, 0x28, 0x01, 0x08,
0x2f, 0x01, 0x09, 0x2f, 0x01, 0x09, 0x31, 0x01, 0x09, 0x32, 0x02, 0x0a, 0x32, 0x02, 0x0a, 0x32, 0x02, 0x0a, 0x32, 0x02, 0x0a, 0x32, 0x02, 0x0a,
0x32, 0x02, 0x0a, 0x31, 0x01, 0x09, 0x30, 0x00, 0x08, 0x2d, 0x00, 0x05, 0x30, 0x00, 0x08, 0x2e, 0x00, 0x06, 0x28, 0x00, 0x05, 0x28, 0x00, 0x05,
0x22, 0x00, 0x0a, 0x23, 0x00, 0x0b, 0x20, 0x00, 0x0d, 0x22, 0x00, 0x0f, 0x11, 0x00, 0x00, 0x1d, 0x00, 0x0a, 0x1c, 0x00, 0x09, 0x72, 0x4d, 0x5f,
0xb8, 0x4e, 0x6b, 0xb8, 0x4e, 0x6b, 0xd0, 0x49, 0x6b, 0xd0, 0x49, 0x6b, 0xd4, 0x68, 0x85, 0xc4, 0x58, 0x75, 0xc7, 0x95, 0xa7, 0xff, 0xea, 0xfc,
0xde, 0xdd, 0xdf, 0xde, 0xdd, 0xdf, 0xde, 0xde, 0xde, 0xde, 0xde, 0xde, 0xd2, 0xd2, 0xd2, 0xef, 0xef, 0xef, 0xb5, 0xb5, 0xb5, 0x05, 0x05, 0x05,
0x83, 0x77, 0x79, 0xff, 0xff, 0xff, 0xff, 0xf9, 0xfb, 0xfe, 0xf2, 0xf4, 0xfc, 0xf0, 0xf2, 0xfd, 0xf1, 0xf3, 0xfc, 0xf0, 0xf2, 0xfd, 0xf1, 0xf3,
0xee, 0xf1, 0xf1, 0xee, 0xf1, 0xf1, 0xff, 0xf6, 0xfb, 0xc3, 0xa6, 0xab, 0xbb, 0x60, 0x6f, 0xb7, 0x5c, 0x6b, 0xd1, 0x57, 0x6b, 0xd1, 0x57, 0x6b,
0xb3, 0x54, 0x66, 0xc5, 0x66, 0x78, 0x8c, 0x56, 0x61, 0x36, 0x00, 0x0b, 0x24, 0x0b, 0x11, 0x1f, 0x06, 0x0c, 0x2a, 0x00, 0x09, 0x27, 0x00, 0x06,
0x27, 0x00, 0x04, 0x28, 0x00, 0x05, 0x2c, 0x00, 0x05, 0x2d, 0x00, 0x06, 0x2c, 0x00, 0x05, 0x2d, 0x00, 0x06, 0x2d, 0x00, 0x06, 0x2e, 0x00, 0x07,
0x28, 0x00, 0x07, 0x28, 0x00, 0x07, 0x25, 0x00, 0x06, 0x26, 0x00, 0x07, 0x26, 0x00, 0x07, 0x26, 0x00, 0x07, 0x25, 0x00, 0x06, 0x25, 0x00, 0x06,
0x24, 0x00, 0x05, 0x23, 0x00, 0x04, 0x25, 0x00, 0x06, 0x26, 0x00, 0x07, 0x26, 0x00, 0x07, 0x26, 0x00, 0x07, 0x2a, 0x00, 0x0b, 0x2a, 0x00, 0x0b,
0x31, 0x00, 0x0f, 0x31, 0x00, 0x0f, 0x3b, 0x00, 0x12, 0x39, 0x00, 0x10, 0xa8, 0x4f, 0x69, 0xa8, 0x4f, 0x69, 0xb4, 0x4c, 0x69, 0xb3, 0x4b, 0x68,
0xbf, 0x49, 0x68, 0xc5, 0x4f, 0x6e, 0xb3, 0x5a, 0x74, 0xff, 0xb6, 0xd0, 0xfc, 0xda, 0xeb, 0xfc, 0xda, 0xeb, 0xe6, 0xdf, 0xea, 0xe0, 0xd9, 0xe4,
0xe1, 0xd4, 0xd8, 0xdd, 0xd0, 0xd4, 0xe4, 0xd8, 0xda, 0xe7, 0xdb, 0xdd, 0xf2, 0xe6, 0xe8, 0xf6, 0xea, 0xec, 0xf8, 0xec, 0xee, 0xfd, 0xf1, 0xf3,
0xfb, 0xef, 0xf1, 0xfb, 0xef, 0xf1, 0xfb, 0xef, 0xf1, 0xfc, 0xf0, 0xf2, 0xe9, 0xdd, 0xdf, 0xff, 0xff, 0xff, 0xd4, 0xc6, 0xcd, 0x70, 0x62, 0x69,
0xc8, 0x4f, 0x73, 0xbf, 0x46, 0x6a, 0xb9, 0x45, 0x6d, 0xb9, 0x45, 0x6d, 0xad, 0x4a, 0x6f, 0xb5, 0x52, 0x77, 0x7e, 0x31, 0x4b, 0x3d, 0x00, 0x0a,
0x2a, 0x00, 0x06, 0x2a, 0x00, 0x06, 0x17, 0x00, 0x03, 0x18, 0x00, 0x04, 0x1f, 0x00, 0x05, 0x20, 0x00, 0x06, 0x28, 0x01, 0x08, 0x28, 0x01, 0x08,
0x2a, 0x01, 0x08, 0x2a, 0x01, 0x08, 0x2c, 0x00, 0x08, 0x2d, 0x01, 0x09, 0x2d, 0x01, 0x09, 0x2d, 0x01, 0x09, 0x2d, 0x01, 0x09, 0x2d, 0x01, 0x09,
0x2d, 0x01, 0x09, 0x2c, 0x00, 0x08, 0x2c, 0x00, 0x08, 0x2a, 0x00, 0x06, 0x2c, 0x00, 0x08, 0x2c, 0x00, 0x08, 0x28, 0x00, 0x07, 0x28, 0x00, 0x07,
0x27, 0x00, 0x0b, 0x28, 0x00, 0x0c, 0x25, 0x00, 0x0c, 0x24, 0x00, 0x0b, 0x17, 0x00, 0x00, 0x21, 0x00, 0x08, 0x24, 0x00, 0x0b, 0x7b, 0x4f, 0x62,
0xb2, 0x4f, 0x6b, 0xb2, 0x4f, 0x6b, 0xca, 0x4b, 0x6b, 0xca, 0x4b, 0x6b, 0xd2, 0x6d, 0x89, 0xb7, 0x52, 0x6e, 0xc5, 0x9a, 0xab, 0xff, 0xea, 0xfb,
0xde, 0xdd, 0xdf, 0xde, 0xdd, 0xdf, 0xde, 0xde, 0xde, 0xde, 0xde, 0xde, 0xd2, 0xd2, 0xd2, 0xef, 0xef, 0xef, 0xb5, 0xb5, 0xb5, 0x05, 0x05, 0x05,
0x83, 0x77, 0x79, 0xff, 0xff, 0xff, 0xff, 0xf9, 0xfb, 0xfe, 0xf2, 0xf4, 0xfc, 0xf0, 0xf2, 0xfd, 0xf1, 0xf3, 0xfc, 0xf0, 0xf2, 0xfd, 0xf1, 0xf3,
0xee, 0xf1, 0xf1, 0xee, 0xf1, 0xf1, 0xff, 0xf6, 0xfb, 0xc3, 0xa6, 0xab, 0xbb, 0x60, 0x6f, 0xb7, 0x5c, 0x6b, 0xd1, 0x57, 0x6b, 0xd1, 0x57, 0x6b,
0xb4, 0x55, 0x67, 0xc3, 0x64, 0x76, 0x8e, 0x58, 0x63, 0x36, 0x00, 0x0b, 0x24, 0x0b, 0x11, 0x1f, 0x06, 0x0c, 0x2a, 0x00, 0x09, 0x27, 0x00, 0x06,
0x27, 0x00, 0x04, 0x28, 0x00, 0x05, 0x2c, 0x00, 0x05, 0x2c, 0x00, 0x05, 0x2c, 0x00, 0x05, 0x2d, 0x00, 0x06, 0x2d, 0x00, 0x06, 0x2e, 0x00, 0x07,
0x27, 0x00, 0x06, 0x27, 0x00, 0x06, 0x25, 0x00, 0x06, 0x25, 0x00, 0x06, 0x25, 0x00, 0x06, 0x25, 0x00, 0x06, 0x25, 0x00, 0x06, 0x25, 0x00, 0x06,
0x25, 0x00, 0x06, 0x25, 0x00, 0x06, 0x25, 0x00, 0x06, 0x25, 0x00, 0x06, 0x25, 0x00, 0x06, 0x25, 0x00, 0x06, 0x28, 0x00, 0x09, 0x28, 0x00, 0x09,
0x30, 0x00, 0x0e, 0x30, 0x00, 0x0e, 0x3b, 0x00, 0x12, 0x39, 0x00, 0x10, 0xa8, 0x4f, 0x69, 0xa8, 0x4f, 0x69, 0xb4, 0x4c, 0x69, 0xb4, 0x4c, 0x69,
0xc0, 0x4a, 0x69, 0xc7, 0x51, 0x70, 0xb5, 0x5c, 0x76, 0xff, 0xb8, 0xd2, 0xf9, 0xd7, 0xe8, 0xf7, 0xd5, 0xe6, 0xdf, 0xd8, 0xe3, 0xdb, 0xd4, 0xdf,
0xe0, 0xd3, 0xd7, 0xdf, 0xd2, 0xd6, 0xe4, 0xd8, 0xda, 0xe6, 0xda, 0xdc, 0xf2, 0xe6, 0xe8, 0xf6, 0xea, 0xec, 0xf8, 0xec, 0xee, 0xfd, 0xf1, 0xf3,
0xfb, 0xef, 0xf1, 0xfb, 0xef, 0xf1, 0xfb, 0xef, 0xf1, 0xfc, 0xf0, 0xf2, 0xe9, 0xdd, 0xdf, 0xff, 0xff, 0xff, 0xd6, 0xc8, 0xcf, 0x70, 0x62, 0x69,
0xc8, 0x4f, 0x73, 0xbf, 0x46, 0x6a, 0xb9, 0x45, 0x6d, 0xb9, 0x45, 0x6d, 0xad, 0x4a, 0x6f, 0xb5, 0x52, 0x77, 0x80, 0x33, 0x4d, 0x3d, 0x00, 0x0a,
0x29, 0x00, 0x05, 0x2b, 0x00, 0x07, 0x17, 0x00, 0x03, 0x18, 0x00, 0x04, 0x1e, 0x00, 0x04, 0x20, 0x00, 0x06, 0x28, 0x01, 0x08, 0x28, 0x01, 0x08,
0x2a, 0x01, 0x08, 0x2a, 0x01, 0x08, 0x2c, 0x00, 0x08, 0x2c, 0x00, 0x08, 0x2c, 0x00, 0x08, 0x2c, 0x00, 0x08, 0x2c, 0x00, 0x08, 0x2c, 0x00, 0x08,
0x2c, 0x00, 0x08, 0x2c, 0x00, 0x08, 0x2c, 0x00, 0x08, 0x2c, 0x00, 0x08, 0x2c, 0x00, 0x08, 0x2c, 0x00, 0x08, 0x2a, 0x00, 0x09, 0x2a, 0x00, 0x09,
0x2a, 0x00, 0x0e, 0x2a, 0x00, 0x0e, 0x25, 0x00, 0x0c, 0x23, 0x00, 0x0a, 0x15, 0x00, 0x00, 0x21, 0x00, 0x08, 0x24, 0x00, 0x0b, 0x7f, 0x53, 0x66,
0xb2, 0x4f, 0x6b, 0xb2, 0x4f, 0x6b, 0xca, 0x4b, 0x6b, 0xca, 0x4b, 0x6b, 0xd5, 0x70, 0x8c, 0xb6, 0x51, 0x6d, 0xc6, 0x9b, 0xac, 0xff, 0xea, 0xfb,
0xde, 0xdd, 0xdf, 0xde, 0xdd, 0xdf, 0xde, 0xde, 0xde, 0xde, 0xde, 0xde, 0xd2, 0xd2, 0xd2, 0xef, 0xef, 0xef, 0xb5, 0xb5, 0xb5, 0x05, 0x05, 0x05,
0x83, 0x77, 0x79, 0xff, 0xff, 0xff, 0xff, 0xf9, 0xfb, 0xfe, 0xf2, 0xf4, 0xfc, 0xf0, 0xf2, 0xfd, 0xf1, 0xf3, 0xfd, 0xf1, 0xf3, 0xfd, 0xf1, 0xf3,
0xef, 0xf2, 0xf2, 0xef, 0xf2, 0xf2, 0xff, 0xf1, 0xf6, 0xed, 0xd0, 0xd5, 0xbb, 0x60, 0x6f, 0xb8, 0x5d, 0x6c, 0xd1, 0x57, 0x6b, 0xd1, 0x57, 0x6b,
0xb2, 0x58, 0x69, 0xbc, 0x62, 0x73, 0x95, 0x5a, 0x66, 0x9b, 0x60, 0x6c, 0x2a, 0x09, 0x11, 0x25, 0x04, 0x0c, 0x28, 0x00, 0x09, 0x25, 0x00, 0x06,
0x23, 0x00, 0x04, 0x24, 0x00, 0x05, 0x26, 0x00, 0x05, 0x26, 0x00, 0x05, 0x26, 0x00, 0x05, 0x26, 0x00, 0x05, 0x21, 0x00, 0x04, 0x21, 0x00, 0x04,
0x20, 0x00, 0x05, 0x20, 0x00, 0x05, 0x1d, 0x00, 0x04, 0x1e, 0x00, 0x05, 0x1e, 0x00, 0x05, 0x1e, 0x00, 0x05, 0x1e, 0x00, 0x05, 0x1e, 0x00, 0x05,
0x1e, 0x00, 0x05, 0x1e, 0x00, 0x05, 0x1e, 0x00, 0x05, 0x1e, 0x00, 0x05, 0x1e, 0x00, 0x05, 0x1f, 0x00, 0x06, 0x27, 0x00, 0x08, 0x28, 0x00, 0x09,
0x34, 0x00, 0x0e, 0x34, 0x00, 0x0e, 0x47, 0x01, 0x18, 0x6c, 0x26, 0x3d, 0xae, 0x4e, 0x69, 0xae, 0x4e, 0x69, 0xbc, 0x4d, 0x6b, 0xbc, 0x4d, 0x6b,
0xbe, 0x4f, 0x6d, 0xc4, 0x55, 0x73, 0xb4, 0x62, 0x7b, 0xff, 0xbe, 0xd7, 0xef, 0xd4, 0xe4, 0xee, 0xd3, 0xe3, 0xd7, 0xd8, 0xe2, 0xd5, 0xd6, 0xe0,
0xe1, 0xd4, 0xd8, 0xe0, 0xd3, 0xd7, 0xe6, 0xda, 0xdc, 0xe7, 0xdb, 0xdd, 0xf2, 0xe6, 0xe8, 0xf6, 0xea, 0xec, 0xf8, 0xec, 0xee, 0xfd, 0xf1, 0xf3,
0xfb, 0xef, 0xf1, 0xfb, 0xef, 0xf1, 0xfb, 0xef, 0xf1, 0xfc, 0xf0, 0xf2, 0xe9, 0xdd, 0xdf, 0xff, 0xfd, 0xff, 0xef, 0xcb, 0xd6, 0x7c, 0x58, 0x63,
0xb4, 0x53, 0x73, 0xab, 0x4a, 0x6a, 0xb7, 0x45, 0x6d, 0xb6, 0x44, 0x6c, 0xb0, 0x48, 0x6e, 0xb5, 0x4d, 0x73, 0x96, 0x38, 0x55, 0x69, 0x0b, 0x28,
0x00, 0x02, 0x05, 0x00, 0x04, 0x07, 0x05, 0x02, 0x03, 0x06, 0x03, 0x04, 0x1c, 0x00, 0x04, 0x1e, 0x01, 0x06, 0x24, 0x02, 0x08, 0x24, 0x02, 0x08,
0x26, 0x02, 0x08, 0x26, 0x02, 0x08, 0x28, 0x01, 0x08, 0x28, 0x01, 0x08, 0x28, 0x01, 0x08, 0x28, 0x01, 0x08, 0x28, 0x01, 0x08, 0x28, 0x01, 0x08,
0x28, 0x01, 0x08, 0x28, 0x01, 0x08, 0x28, 0x01, 0x08, 0x28, 0x01, 0x08, 0x28, 0x01, 0x08, 0x28, 0x01, 0x08, 0x2c, 0x00, 0x09, 0x2c, 0x00, 0x09,
0x2c, 0x00, 0x0e, 0x2c, 0x00, 0x0e, 0x2a, 0x00, 0x0b, 0x26, 0x00, 0x07, 0x1f, 0x00, 0x00, 0x29, 0x00, 0x0a, 0x58, 0x25, 0x39, 0x86, 0x53, 0x67,
0xac, 0x50, 0x6b, 0xac, 0x50, 0x6b, 0xc4, 0x4c, 0x6b, 0xc4, 0x4c, 0x6b, 0xd1, 0x73, 0x8e, 0xa7, 0x49, 0x64, 0xc7, 0xa3, 0xb3, 0xff, 0xe8, 0xf8,
0xde, 0xdd, 0xdf, 0xde, 0xdd, 0xdf, 0xde, 0xde, 0xde, 0xde, 0xde, 0xde, 0xd2, 0xd2, 0xd2, 0xef, 0xef, 0xef, 0xb5, 0xb5, 0xb5, 0x05, 0x05, 0x05,
0x83, 0x77, 0x79, 0xff, 0xff, 0xff, 0xff, 0xf9, 0xfb, 0xfe, 0xf2, 0xf4, 0xfc, 0xf0, 0xf2, 0xfd, 0xf1, 0xf3, 0xfd, 0xf1, 0xf3, 0xfd, 0xf1, 0xf3,
0xef, 0xf2, 0xf2, 0xee, 0xf1, 0xf1, 0xff, 0xed, 0xf2, 0xfc, 0xdf, 0xe4, 0xbb, 0x60, 0x6f, 0xb8, 0x5d, 0x6c, 0xd1, 0x57, 0x6b, 0xd1, 0x57, 0x6b,
0xb2, 0x58, 0x69, 0xb9, 0x5f, 0x70, 0x97, 0x5c, 0x68, 0x9b, 0x60, 0x6c, 0x2a, 0x09, 0x11, 0x25, 0x04, 0x0c, 0x28, 0x00, 0x09, 0x25, 0x00, 0x06,
0x23, 0x00, 0x04, 0x24, 0x00, 0x05, 0x26, 0x00, 0x05, 0x26, 0x00, 0x05, 0x26, 0x00, 0x05, 0x26, 0x00, 0x05, 0x21, 0x00, 0x04, 0x21, 0x00, 0x04,
0x1f, 0x00, 0x04, 0x1f, 0x00, 0x04, 0x1c, 0x00, 0x03, 0x1d, 0x00, 0x04, 0x1d, 0x00, 0x04, 0x1d, 0x00, 0x04, 0x1d, 0x00, 0x04, 0x1d, 0x00, 0x04,
0x1d, 0x00, 0x04, 0x1d, 0x00, 0x04, 0x1d, 0x00, 0x04, 0x1d, 0x00, 0x04, 0x1d, 0x00, 0x04, 0x1e, 0x00, 0x05, 0x26, 0x00, 0x07, 0x27, 0x00, 0x08,
0x34, 0x00, 0x0e, 0x34, 0x00, 0x0e, 0x55, 0x0f, 0x26, 0x82, 0x3c, 0x53, 0xae, 0x4e, 0x69, 0xae, 0x4e, 0x69, 0xbc, 0x4d, 0x6b, 0xbd, 0x4e, 0x6c,
0xbf, 0x50, 0x6e, 0xc5, 0x56, 0x74, 0xb5, 0x63, 0x7c, 0xff, 0xbf, 0xd8, 0xec, 0xd1, 0xe1, 0xec, 0xd1, 0xe1, 0xd4, 0xd5, 0xdf, 0xd4, 0xd5, 0xdf,
0xe1, 0xd4, 0xd8, 0xe0, 0xd3, 0xd7, 0xe6, 0xda, 0xdc, 0xe8, 0xdc, 0xde, 0xf2, 0xe6, 0xe8, 0xf6, 0xea, 0xec, 0xf8, 0xec, 0xee, 0xfd, 0xf1, 0xf3,
0xfb, 0xef, 0xf1, 0xfb, 0xef, 0xf1, 0xfb, 0xef, 0xf1, 0xfc, 0xf0, 0xf2, 0xed, 0xe1, 0xe3, 0xff, 0xf8, 0xfa, 0xf8, 0xd4, 0xdf, 0xa4, 0x80, 0x8b,
0xb4, 0x53, 0x73, 0xab, 0x4a, 0x6a, 0xb6, 0x44, 0x6c, 0xb6, 0x44, 0x6c, 0xaf, 0x47, 0x6d, 0xb5, 0x4d, 0x73, 0xa8, 0x4a, 0x67, 0x84, 0x26, 0x43,
0x00, 0x02, 0x05, 0x00, 0x04, 0x07, 0x05, 0x02, 0x03, 0x06, 0x03, 0x04, 0x1c, 0x00, 0x04, 0x1e, 0x01, 0x06, 0x24, 0x02, 0x08, 0x24, 0x02, 0x08,
0x26, 0x02, 0x08, 0x26, 0x02, 0x08, 0x28, 0x01, 0x08, 0x28, 0x01, 0x08, 0x28, 0x01, 0x08, 0x28, 0x01, 0x08, 0x28, 0x01, 0x08, 0x28, 0x01, 0x08,
0x28, 0x01, 0x08, 0x28, 0x01, 0x08, 0x28, 0x01, 0x08, 0x28, 0x01, 0x08, 0x28, 0x01, 0x08, 0x28, 0x01, 0x08, 0x2c, 0x00, 0x09, 0x2c, 0x00, 0x09,
0x2a, 0x00, 0x0c, 0x29, 0x00, 0x0b, 0x28, 0x00, 0x09, 0x23, 0x00, 0x04, 0x23, 0x00, 0x04, 0x40, 0x0d, 0x21, 0x6f, 0x3c, 0x50, 0x87, 0x54, 0x68,
0xac, 0x50, 0x6b, 0xac, 0x50, 0x6b, 0xc5, 0x4d, 0x6c, 0xc5, 0x4d, 0x6c, 0xcd, 0x6f, 0x8a, 0xa9, 0x4b, 0x66, 0xd6, 0xb2, 0xc2, 0xff, 0xdc, 0xec,
0xdc, 0xdb, 0xdd, 0xdc, 0xdb, 0xdd, 0xdd, 0xdd, 0xdd, 0xde, 0xde, 0xde, 0xd2, 0xd2, 0xd2, 0xef, 0xef, 0xef, 0xb5, 0xb5, 0xb5, 0x05, 0x05, 0x05,
0x83, 0x77, 0x79, 0xff, 0xff, 0xff, 0xff, 0xf9, 0xfb, 0xfe, 0xf2, 0xf4, 0xfc, 0xf0, 0xf2, 0xfd, 0xf1, 0xf3, 0xfd, 0xf1, 0xf3, 0xfd, 0xf1, 0xf3,
0xef, 0xf2, 0xf2, 0xee, 0xf1, 0xf1, 0xff, 0xec, 0xf1, 0xff, 0xe6, 0xeb, 0xbb, 0x60, 0x6f, 0xb8, 0x5d, 0x6c, 0xd1, 0x57, 0x6b, 0xd1, 0x57, 0x6b,
0xb5, 0x59, 0x6a, 0xb9, 0x5d, 0x6e, 0xa8, 0x5a, 0x69, 0xab, 0x5d, 0x6c, 0x3a, 0x06, 0x11, 0x35, 0x01, 0x0c, 0x26, 0x01, 0x09, 0x23, 0x00, 0x06,
0x1f, 0x00, 0x04, 0x20, 0x00, 0x05, 0x20, 0x00, 0x05, 0x20, 0x00, 0x05, 0x20, 0x00, 0x05, 0x20, 0x00, 0x05, 0x1d, 0x00, 0x04, 0x1d, 0x00, 0x04,
0x18, 0x00, 0x03, 0x18, 0x00, 0x03, 0x15, 0x00, 0x02, 0x16, 0x00, 0x03, 0x16, 0x00, 0x03, 0x16, 0x00, 0x03, 0x16, 0x00, 0x03, 0x16, 0x00, 0x03,
0x16, 0x00, 0x03, 0x16, 0x00, 0x03, 0x16, 0x00, 0x03, 0x16, 0x00, 0x03, 0x16, 0x00, 0x03, 0x17, 0x00, 0x04, 0x22, 0x00, 0x07, 0x22, 0x00, 0x07,
0x38, 0x00, 0x0e, 0x39, 0x00, 0x0f, 0x72, 0x25, 0x3d, 0x9e, 0x51, 0x69, 0xb4, 0x4c, 0x69, 0xb4, 0x4c, 0x69, 0xc2, 0x4c, 0x6b, 0xc3, 0x4d, 0x6c,
0xb7, 0x4f, 0x6c, 0xc2, 0x5a, 0x77, 0xb4, 0x69, 0x81, 0xff, 0xc7, 0xdf, 0xe4, 0xd0, 0xdf, 0xe4, 0xd0, 0xdf, 0xcd, 0xd5, 0xde, 0xcc, 0xd4, 0xdd,
0xe0, 0xd3, 0xd7, 0xe0, 0xd3, 0xd7, 0xe6, 0xda, 0xdc, 0xe8, 0xdc, 0xde, 0xf2, 0xe6, 0xe8, 0xf6, 0xea, 0xec, 0xf8, 0xec, 0xee, 0xfd, 0xf1, 0xf3,
0xfb, 0xef, 0xf1, 0xfb, 0xef, 0xf1, 0xfb, 0xef, 0xf1, 0xfb, 0xef, 0xf1, 0xf0, 0xe4, 0xe6, 0xff, 0xf4, 0xf6, 0xfd, 0xd9, 0xe4, 0xcb, 0xa7, 0xb2,
0xaa, 0x55, 0x73, 0xa6, 0x51, 0x6f, 0xb8, 0x4b, 0x72, 0xb6, 0x49, 0x70, 0xb6, 0x49, 0x70, 0xbb, 0x4e, 0x75, 0xaf, 0x51, 0x6e, 0x9f, 0x41, 0x5e,
0x0f, 0x00, 0x05, 0x11, 0x00, 0x07, 0x0c, 0x00, 0x02, 0x15, 0x09, 0x0b, 0x1d, 0x00, 0x05, 0x1e, 0x01, 0x06, 0x22, 0x02, 0x08, 0x22, 0x02, 0x08,
0x1e, 0x01, 0x06, 0x1e, 0x01, 0x06, 0x1d, 0x00, 0x05, 0x1d, 0x00, 0x05, 0x1d, 0x00, 0x05, 0x1d, 0x00, 0x05, 0x1d, 0x00, 0x05, 0x1d, 0x00, 0x05,
0x1d, 0x00, 0x05, 0x1d, 0x00, 0x05, 0x1d, 0x00, 0x05, 0x1d, 0x00, 0x05, 0x1d, 0x00, 0x05, 0x1d, 0x00, 0x05, 0x23, 0x00, 0x06, 0x24, 0x00, 0x07,
0x2c, 0x00, 0x0a, 0x2b, 0x00, 0x09, 0x2e, 0x00, 0x09, 0x26, 0x00, 0x01, 0x2f, 0x00, 0x0a, 0x5e, 0x24, 0x39, 0x8d, 0x53, 0x68, 0x8e, 0x54, 0x69,
0xa6, 0x52, 0x6b, 0xa6, 0x52, 0x6b, 0xbe, 0x4d, 0x6b, 0xbe, 0x4d, 0x6b, 0xaf, 0x58, 0x72, 0xb8, 0x61, 0x7b, 0xe5, 0xc9, 0xd7, 0xe9, 0xcd, 0xdb,
0xdd, 0xdc, 0xde, 0xdd, 0xdc, 0xde, 0xdd, 0xdd, 0xdd, 0xde, 0xde, 0xde, 0xd2, 0xd2, 0xd2, 0xef, 0xef, 0xef, 0xb5, 0xb5, 0xb5, 0x05, 0x05, 0x05,
0x83, 0x77, 0x79, 0xff, 0xff, 0xff, 0xff, 0xf9, 0xfb, 0xfe, 0xf2, 0xf4, 0xfc, 0xf0, 0xf2, 0xfd, 0xf1, 0xf3, 0xfd, 0xf1, 0xf3, 0xfd, 0xf1, 0xf3,
0xf0, 0xf3, 0xf3, 0xee, 0xf1, 0xf1, 0xff, 0xea, 0xef, 0xff, 0xea, 0xef, 0xbb, 0x60, 0x6f, 0xb8, 0x5d, 0x6c, 0xd1, 0x57, 0x6b, 0xd1, 0x57, 0x6b,
0xb7, 0x5b, 0x6c, 0xb7, 0x5b, 0x6c, 0xab, 0x5d, 0x6c, 0xab, 0x5d, 0x6c, 0x3a, 0x06, 0x11, 0x35, 0x01, 0x0c, 0x26, 0x01, 0x09, 0x23, 0x00, 0x06,
0x20, 0x00, 0x05, 0x21, 0x00, 0x06, 0x20, 0x00, 0x05, 0x20, 0x00, 0x05, 0x20, 0x00, 0x05, 0x20, 0x00, 0x05, 0x1d, 0x00, 0x04, 0x1d, 0x00, 0x04,
0x18, 0x00, 0x03, 0x18, 0x00, 0x03, 0x15, 0x00, 0x02, 0x15, 0x00, 0x02, 0x15, 0x00, 0x02, 0x15, 0x00, 0x02, 0x15, 0x00, 0x02, 0x15, 0x00, 0x02,
0x15, 0x00, 0x02, 0x15, 0x00, 0x02, 0x15, 0x00, 0x02, 0x15, 0x00, 0x02, 0x15, 0x00, 0x02, 0x15, 0x00, 0x02, 0x1f, 0x00, 0x04, 0x1f, 0x00, 0x04,
0x39, 0x00, 0x0f, 0x4f, 0x11, 0x25, 0x88, 0x3b, 0x53, 0x9e, 0x51, 0x69, 0xb3, 0x4b, 0x68, 0xb4, 0x4c, 0x69, 0xc2, 0x4c, 0x6b, 0xc3, 0x4d, 0x6c,
0xb6, 0x4e, 0x6b, 0xc2, 0x5a, 0x77, 0xb4, 0x69, 0x81, 0xff, 0xcd, 0xe5, 0xe2, 0xce, 0xdd, 0xe2, 0xce, 0xdd, 0xcb, 0xd3, 0xdc, 0xcb, 0xd3, 0xdc,
0xe0, 0xd3, 0xd7, 0xe0, 0xd3, 0xd7, 0xe7, 0xdb, 0xdd, 0xe9, 0xdd, 0xdf, 0xf2, 0xe6, 0xe8, 0xf6, 0xea, 0xec, 0xf8, 0xec, 0xee, 0xfd, 0xf1, 0xf3,
0xfb, 0xef, 0xf1, 0xfb, 0xef, 0xf1, 0xfb, 0xef, 0xf1, 0xfb, 0xef, 0xf1, 0xf2, 0xe6, 0xe8, 0xfe, 0xf2, 0xf4, 0xff, 0xdf, 0xea, 0xd1, 0xad, 0xb8,
0xaa, 0x55, 0x73, 0xa9, 0x54, 0x72, 0xba, 0x4d, 0x74, 0xb9, 0x4c, 0x73, 0xb8, 0x4b, 0x72, 0xbb, 0x4e, 0x75, 0xb5, 0x57, 0x74, 0xac, 0x4e, 0x6b,
0x0f, 0x00, 0x05, 0x11, 0x00, 0x07, 0x0a, 0x00, 0x00, 0x16, 0x0a, 0x0c, 0x1d, 0x00, 0x05, 0x1e, 0x01, 0x06, 0x22, 0x02, 0x08, 0x22, 0x02, 0x08,
0x1e, 0x01, 0x06, 0x1d, 0x00, 0x05, 0x1d, 0x00, 0x05, 0x1c, 0x00, 0x04, 0x1c, 0x00, 0x04, 0x1c, 0x00, 0x04, 0x1c, 0x00, 0x04, 0x1c, 0x00, 0x04,
0x1c, 0x00, 0x04, 0x1c, 0x00, 0x04, 0x1c, 0x00, 0x04, 0x1c, 0x00, 0x04, 0x1c, 0x00, 0x04, 0x1c, 0x00, 0x04, 0x23, 0x00, 0x06, 0x22, 0x00, 0x05,
0x2b, 0x00, 0x09, 0x2a, 0x00, 0x08, 0x2c, 0x00, 0x07, 0x2a, 0x00, 0x05, 0x46, 0x0c, 0x21, 0x75, 0x3b, 0x50, 0x90, 0x56, 0x6b, 0x90, 0x56, 0x6b,
0xa6, 0x52, 0x6b, 0xa6, 0x52, 0x6b, 0xbe, 0x4d, 0x6b, 0xbe, 0x4d, 0x6b, 0xa8, 0x51, 0x6b, 0xc2, 0x6b, 0x85, 0xf5, 0xd9, 0xe7, 0xde, 0xc2, 0xd0,
0xde, 0xdd, 0xdf, 0xde, 0xdd, 0xdf, 0xde, 0xde, 0xde, 0xde, 0xde, 0xde, 0xd2, 0xd2, 0xd2, 0xef, 0xef, 0xef, 0xb5, 0xb5, 0xb5, 0x05, 0x05, 0x05,
0x83, 0x77, 0x79, 0xff, 0xff, 0xff, 0xff, 0xf9, 0xfb, 0xfe, 0xf2, 0xf4, 0xfc, 0xf0, 0xf2, 0xfd, 0xf1, 0xf3, 0xfd, 0xf1, 0xf3, 0xfd, 0xf1, 0xf3,
0xf0, 0xf3, 0xf3, 0xee, 0xf1, 0xf1, 0xff, 0xea, 0xef, 0xff, 0xea, 0xef, 0xfb, 0xa0, 0xaf, 0xc9, 0x6e, 0x7d, 0xd2, 0x58, 0x6c, 0xd1, 0x57, 0x6b,
0xcd, 0x56, 0x6c, 0xcd, 0x56, 0x6c, 0xc3, 0x58, 0x6c, 0xc3, 0x58, 0x6c, 0x95, 0x47, 0x56, 0x66, 0x18, 0x27, 0x38, 0x02, 0x0d, 0x34, 0x00, 0x09,
0x28, 0x00, 0x05, 0x28, 0x00, 0x05, 0x20, 0x00, 0x05, 0x20, 0x00, 0x05, 0x20, 0x00, 0x05, 0x20, 0x00, 0x05, 0x1d, 0x00, 0x04, 0x1d, 0x00, 0x04,
0x18, 0x00, 0x03, 0x18, 0x00, 0x03, 0x15, 0x00, 0x02, 0x15, 0x00, 0x02, 0x15, 0x00, 0x02, 0x15, 0x00, 0x02, 0x15, 0x00, 0x02, 0x15, 0x00, 0x02,
0x15, 0x00, 0x02, 0x15, 0x00, 0x02, 0x15, 0x00, 0x02, 0x15, 0x00, 0x02, 0x15, 0x00, 0x02, 0x15, 0x00, 0x02, 0x1f, 0x00, 0x04, 0x1f, 0x00, 0x04,
0x2a, 0x00, 0x00, 0x59, 0x1b, 0x2f, 0xa2, 0x55, 0x6d, 0xb9, 0x6c, 0x84, 0xb6, 0x4e, 0x6b, 0xb4, 0x4c, 0x69, 0xc2, 0x4c, 0x6b, 0xc2, 0x4c, 0x6b,
0xb3, 0x4b, 0x68, 0xbe, 0x56, 0x73, 0xed, 0xa2, 0xba, 0xff, 0xd2, 0xea, 0xe2, 0xce, 0xdd, 0xe2, 0xce, 0xdd, 0xcb, 0xd3, 0xdc, 0xcb, 0xd3, 0xdc,
0xe0, 0xd3, 0xd7, 0xe0, 0xd3, 0xd7, 0xe7, 0xdb, 0xdd, 0xe9, 0xdd, 0xdf, 0xf2, 0xe6, 0xe8, 0xf6, 0xea, 0xec, 0xf8, 0xec, 0xee, 0xfd, 0xf1, 0xf3,
0xfb, 0xef, 0xf1, 0xfb, 0xef, 0xf1, 0xf9, 0xed, 0xef, 0xfb, 0xef, 0xf1, 0xf6, 0xea, 0xec, 0xfc, 0xf0, 0xf2, 0xff, 0xe0, 0xeb, 0xe8, 0xc4, 0xcf,
0xb0, 0x5b, 0x79, 0xab, 0x56, 0x74, 0xc0, 0x53, 0x7a, 0xbd, 0x50, 0x77, 0xbb, 0x4e, 0x75, 0xbf, 0x52, 0x79, 0xb7, 0x59, 0x76, 0xb3, 0x55, 0x72,
0x97, 0x45, 0x59, 0x3f, 0x00, 0x01, 0x32, 0x00, 0x02, 0x4f, 0x15, 0x1f, 0x28, 0x00, 0x06, 0x28, 0x00, 0x06, 0x21, 0x00, 0x05, 0x20, 0x00, 0x04,
0x1a, 0x00, 0x04, 0x1a, 0x00, 0x04, 0x15, 0x00, 0x03, 0x15, 0x00, 0x03, 0x15, 0x00, 0x03, 0x15, 0x00, 0x03, 0x15, 0x00, 0x03, 0x15, 0x00, 0x03,
0x15, 0x00, 0x03, 0x15, 0x00, 0x03, 0x15, 0x00, 0x03, 0x15, 0x00, 0x03, 0x15, 0x00, 0x03, 0x15, 0x00, 0x03, 0x1b, 0x00, 0x04, 0x1b, 0x00, 0x04,
0x28, 0x00, 0x08, 0x27, 0x00, 0x07, 0x2f, 0x00, 0x0a, 0x38, 0x00, 0x13, 0x5e, 0x24, 0x39, 0x82, 0x48, 0x5d, 0x8e, 0x54, 0x69, 0x90, 0x56, 0x6b,
0xa6, 0x52, 0x6b, 0xa6, 0x52, 0x6b, 0xbe, 0x4d, 0x6b, 0xbe, 0x4d, 0x6b, 0x90, 0x39, 0x53, 0xf7, 0xa0, 0xba, 0xfa, 0xde, 0xec, 0xdc, 0xc0, 0xce,
0xde, 0xdd, 0xdf, 0xde, 0xdd, 0xdf, 0xde, 0xde, 0xde, 0xde, 0xde, 0xde, 0xd2, 0xd2, 0xd2, 0xef, 0xef, 0xef, 0xb5, 0xb5, 0xb5, 0x05, 0x05, 0x05,
0x83, 0x77, 0x79, 0xff, 0xff, 0xff, 0xff, 0xf9, 0xfb, 0xfe, 0xf2, 0xf4, 0xfc, 0xf0, 0xf2, 0xfd, 0xf1, 0xf3, 0xfd, 0xf1, 0xf3, 0xfd, 0xf1, 0xf3,
0xf0, 0xf3, 0xf3, 0xee, 0xf1, 0xf1, 0xff, 0xea, 0xef, 0xff, 0xea, 0xef, 0xff, 0xc1, 0xd0, 0xdb, 0x80, 0x8f, 0xd2, 0x58, 0x6c, 0xd2, 0x58, 0x6c,
0xcd, 0x56, 0x6c, 0xcd, 0x56, 0x6c, 0xc3, 0x58, 0x6c, 0xc3, 0x58, 0x6c, 0xa5, 0x57, 0x66, 0x95, 0x47, 0x56, 0x52, 0x1c, 0x27, 0x38, 0x02, 0x0d,
0x28, 0x00, 0x05, 0x28, 0x00, 0x05, 0x20, 0x00, 0x05, 0x21, 0x00, 0x06, 0x20, 0x00, 0x05, 0x20, 0x00, 0x05, 0x1d, 0x00, 0x04, 0x1d, 0x00, 0x04,
0x18, 0x00, 0x03, 0x18, 0x00, 0x03, 0x15, 0x00, 0x02, 0x15, 0x00, 0x02, 0x15, 0x00, 0x02, 0x15, 0x00, 0x02, 0x16, 0x00, 0x03, 0x15, 0x00, 0x02,
0x15, 0x00, 0x02, 0x15, 0x00, 0x02, 0x15, 0x00, 0x02, 0x15, 0x00, 0x02, 0x15, 0x00, 0x02, 0x15, 0x00, 0x02, 0x1f, 0x00, 0x04, 0x1f, 0x00, 0x04,
0x48, 0x0a, 0x1e, 0x70, 0x32, 0x46, 0xa0, 0x53, 0x6b, 0xa5, 0x58, 0x70, 0xb7, 0x4f, 0x6c, 0xb1, 0x49, 0x66, 0xc0, 0x4a, 0x69, 0xc2, 0x4c, 0x6b,
0xb3, 0x4b, 0x68, 0xd6, 0x6e, 0x8b, 0xff, 0xb8, 0xd0, 0xff, 0xd2, 0xea, 0xe5, 0xd1, 0xe0, 0xe4, 0xd0, 0xdf, 0xcc, 0xd4, 0xdd, 0xcb, 0xd3, 0xdc,
0xdf, 0xd2, 0xd6, 0xdf, 0xd2, 0xd6, 0xe6, 0xda, 0xdc, 0xe8, 0xdc, 0xde, 0xf1, 0xe5, 0xe7, 0xf5, 0xe9, 0xeb, 0xf7, 0xeb, 0xed, 0xfc, 0xf0, 0xf2,
0xf9, 0xed, 0xef, 0xf9, 0xed, 0xef, 0xf9, 0xed, 0xef, 0xfb, 0xef, 0xf1, 0xf7, 0xeb, 0xed, 0xfb, 0xef, 0xf1, 0xff, 0xe3, 0xee, 0xf9, 0xd5, 0xe0,
0xc9, 0x74, 0x92, 0xa9, 0x54, 0x72, 0xc1, 0x54, 0x7b, 0xbb, 0x4e, 0x75, 0xbd, 0x50, 0x77, 0xc0, 0x53, 0x7a, 0xb9, 0x5b, 0x78, 0xb5, 0x57, 0x74,
0xa7, 0x55, 0x69, 0x61, 0x0f, 0x23, 0x39, 0x00, 0x09, 0x4e, 0x14, 0x1e, 0x28, 0x00, 0x06, 0x28, 0x00, 0x06, 0x24, 0x02, 0x08, 0x22, 0x00, 0x06,
0x1b, 0x00, 0x05, 0x1a, 0x00, 0x04, 0x15, 0x00, 0x03, 0x15, 0x00, 0x03, 0x15, 0x00, 0x03, 0x15, 0x00, 0x03, 0x14, 0x00, 0x02, 0x14, 0x00, 0x02,
0x14, 0x00, 0x02, 0x14, 0x00, 0x02, 0x14, 0x00, 0x02, 0x15, 0x00, 0x03, 0x14, 0x00, 0x02, 0x14, 0x00, 0x02, 0x1a, 0x00, 0x03, 0x1a, 0x00, 0x03,
0x27, 0x00, 0x07, 0x26, 0x00, 0x06, 0x32, 0x00, 0x0d, 0x4b, 0x11, 0x26, 0x70, 0x36, 0x4b, 0x8a, 0x50, 0x65, 0x90, 0x56, 0x6b, 0x90, 0x56, 0x6b,
0xa6, 0x52, 0x6b, 0xa7, 0x53, 0x6c, 0xbe, 0x4d, 0x6b, 0xbe, 0x4d, 0x6b, 0xad, 0x56, 0x70, 0xff, 0xb5, 0xcf, 0xf5, 0xd9, 0xe7, 0xdf, 0xc3, 0xd1,
0xdd, 0xdc, 0xde, 0xdc, 0xdb, 0xdd, 0xdc, 0xdc, 0xdc, 0xdc, 0xdc, 0xdc, 0xd2, 0xd2, 0xd2, 0xef, 0xef, 0xef, 0xb5, 0xb5, 0xb5, 0x05, 0x05, 0x05,
0x83, 0x77, 0x79, 0xff, 0xff, 0xff, 0xff, 0xf9, 0xfb, 0xfe, 0xf2, 0xf4, 0xfc, 0xf0, 0xf2, 0xfd, 0xf1, 0xf3, 0xfd, 0xf1, 0xf3, 0xfd, 0xf1, 0xf3,
0xf5, 0xf2, 0xf3, 0xf3, 0xf0, 0xf1, 0xff, 0xeb, 0xef, 0xff, 0xeb, 0xef, 0xff, 0xe3, 0xef, 0xeb, 0xa3, 0xaf, 0xbd, 0x5d, 0x6d, 0xbc, 0x5c, 0x6c,
0xc6, 0x57, 0x70, 0xc6, 0x57, 0x70, 0xc2, 0x58, 0x70, 0xc2, 0x58, 0x70, 0xb3, 0x59, 0x6f, 0xb3, 0x59, 0x6f, 0x8b, 0x47, 0x59, 0x5c, 0x18, 0x2a,
0x32, 0x00, 0x08, 0x32, 0x00, 0x08, 0x28, 0x00, 0x08, 0x2a, 0x00, 0x0a, 0x29, 0x00, 0x09, 0x28, 0x00, 0x08, 0x26, 0x00, 0x06, 0x26, 0x00, 0x06,
0x1e, 0x00, 0x06, 0x1e, 0x00, 0x06, 0x1b, 0x00, 0x05, 0x1b, 0x00, 0x05, 0x1b, 0x00, 0x05, 0x1b, 0x00, 0x05, 0x1e, 0x00, 0x06, 0x1d, 0x00, 0x05,
0x1f, 0x00, 0x05, 0x1f, 0x00, 0x05, 0x1f, 0x00, 0x05, 0x1f, 0x00, 0x05, 0x1f, 0x00, 0x05, 0x1f, 0x00, 0x05, 0x27, 0x00, 0x07, 0x27, 0x00, 0x07,
0x7c, 0x34, 0x4b, 0x97, 0x4f, 0x66, 0xa2, 0x4b, 0x65, 0x9f, 0x48, 0x62, 0xb8, 0x50, 0x6d, 0xaf, 0x47, 0x64, 0xc0, 0x4a, 0x69, 0xc0, 0x4a, 0x69,
0xa5, 0x4f, 0x67, 0xe2, 0x8c, 0xa4, 0xff, 0xd2, 0xe6, 0xff, 0xd3, 0xe7, 0xea, 0xd5, 0xe2, 0xe7, 0xd2, 0xdf, 0xd4, 0xd4, 0xdb, 0xd4, 0xd4, 0xdb,
0xdd, 0xd0, 0xd4, 0xdd, 0xd0, 0xd4, 0xe4, 0xd8, 0xda, 0xe7, 0xdb, 0xdd, 0xf0, 0xe4, 0xe6, 0xf4, 0xe8, 0xea, 0xf6, 0xea, 0xec, 0xfb, 0xef, 0xf1,
0xf8, 0xec, 0xee, 0xf9, 0xed, 0xef, 0xf8, 0xec, 0xee, 0xf9, 0xed, 0xef, 0xf8, 0xec, 0xee, 0xf8, 0xec, 0xee, 0xff, 0xe5, 0xef, 0xff, 0xe6, 0xf0,
0xee, 0xa6, 0xbf, 0x9e, 0x56, 0x6f, 0x9b, 0x30, 0x52, 0xbb, 0x50, 0x72, 0xbf, 0x54, 0x76, 0xc1, 0x56, 0x78, 0xbd, 0x5a, 0x76, 0xbb, 0x58, 0x74,
0xb6, 0x5a, 0x70, 0x94, 0x38, 0x4e, 0x5b, 0x0f, 0x1e, 0x47, 0x00, 0x0a, 0x38, 0x00, 0x09, 0x36, 0x00, 0x07, 0x36, 0x00, 0x0b, 0x35, 0x00, 0x0a,
0x28, 0x00, 0x06, 0x27, 0x00, 0x05, 0x20, 0x00, 0x04, 0x1f, 0x00, 0x03, 0x1f, 0x00, 0x03, 0x1f, 0x00, 0x03, 0x1e, 0x00, 0x02, 0x1e, 0x00, 0x02,
0x1e, 0x00, 0x02, 0x1e, 0x00, 0x02, 0x1e, 0x00, 0x02, 0x1f, 0x00, 0x03, 0x1c, 0x00, 0x00, 0x1e, 0x00, 0x02, 0x22, 0x00, 0x03, 0x21, 0x00, 0x02,
0x30, 0x00, 0x04, 0x2f, 0x00, 0x03, 0x44, 0x00, 0x13, 0x6a, 0x22, 0x39, 0x8e, 0x46, 0x5d, 0x9a, 0x52, 0x69, 0x9c, 0x54, 0x6b, 0x9a, 0x52, 0x69,
0xa6, 0x52, 0x6b, 0xa7, 0x53, 0x6c, 0xb8, 0x4e, 0x6b, 0xb8, 0x4e, 0x6b, 0xc2, 0x77, 0x8f, 0xff, 0xc1, 0xd9, 0xf1, 0xd7, 0xe5, 0xe0, 0xc6, 0xd4,
0xde, 0xd8, 0xdb, 0xde, 0xd8, 0xdb, 0xde, 0xd9, 0xda, 0xde, 0xd9, 0xda, 0xd6, 0xd1, 0xd2, 0xf3, 0xee, 0xef, 0xb9, 0xb4, 0xb5, 0x09, 0x04, 0x05,
0x83, 0x77, 0x79, 0xff, 0xff, 0xff, 0xff, 0xf9, 0xfb, 0xfe, 0xf2, 0xf4, 0xfc, 0xf0, 0xf2, 0xfd, 0xf1, 0xf3, 0xfd, 0xf1, 0xf3, 0xfd, 0xf1, 0xf3,
0xf5, 0xf2, 0xf3, 0xf3, 0xf0, 0xf1, 0xff, 0xeb, 0xef, 0xff, 0xeb, 0xef, 0xff, 0xe7, 0xf3, 0xff, 0xc4, 0xd0, 0xdf, 0x7f, 0x8f, 0xbc, 0x5c, 0x6c,
0xc5, 0x56, 0x6f, 0xc6, 0x57, 0x70, 0xc2, 0x58, 0x70, 0xc2, 0x58, 0x70, 0xb3, 0x59, 0x6f, 0xb3, 0x59, 0x6f, 0xa1, 0x5d, 0x6f, 0x8b, 0x47, 0x59,
0x32, 0x00, 0x08, 0x32, 0x00, 0x08, 0x28, 0x00, 0x08, 0x2d, 0x00, 0x0d, 0x29, 0x00, 0x09, 0x29, 0x00, 0x09, 0x27, 0x00, 0x07, 0x27, 0x00, 0x07,
0x1f, 0x00, 0x07, 0x1e, 0x00, 0x06, 0x1b, 0x00, 0x05, 0x1b, 0x00, 0x05, 0x1b, 0x00, 0x05, 0x1b, 0x00, 0x05, 0x1e, 0x00, 0x06, 0x1d, 0x00, 0x05,
0x1f, 0x00, 0x05, 0x1f, 0x00, 0x05, 0x1f, 0x00, 0x05, 0x1f, 0x00, 0x05, 0x27, 0x00, 0x0d, 0x1f, 0x00, 0x05, 0x27, 0x00, 0x07, 0x27, 0x00, 0x07,
0x99, 0x51, 0x68, 0xa1, 0x59, 0x70, 0xa2, 0x4b, 0x65, 0x8c, 0x35, 0x4f, 0xb9, 0x51, 0x6e, 0xad, 0x45, 0x62, 0xc0, 0x4a, 0x69, 0xc0, 0x4a, 0x69,
0xbe, 0x68, 0x80, 0xf8, 0xa2, 0xba, 0xff, 0xd1, 0xe5, 0xff, 0xd2, 0xe6, 0xea, 0xd5, 0xe2, 0xe6, 0xd1, 0xde, 0xd4, 0xd4, 0xdb, 0xd4, 0xd4, 0xdb,
0xdc, 0xcf, 0xd3, 0xdc, 0xcf, 0xd3, 0xe3, 0xd7, 0xd9, 0xe6, 0xda, 0xdc, 0xee, 0xe2, 0xe4, 0xf2, 0xe6, 0xe8, 0xf5, 0xe9, 0xeb, 0xf9, 0xed, 0xef,
0xf7, 0xeb, 0xed, 0xf8, 0xec, 0xee, 0xf7, 0xeb, 0xed, 0xf8, 0xec, 0xee, 0xf7, 0xeb, 0xed, 0xf7, 0xeb, 0xed, 0xff, 0xe5, 0xef, 0xff, 0xe6, 0xf0,
0xff, 0xbe, 0xd7, 0x9a, 0x52, 0x6b, 0x8a, 0x1f, 0x41, 0xb8, 0x4d, 0x6f, 0xc0, 0x55, 0x77, 0xc1, 0x56, 0x78, 0xbd, 0x5a, 0x76, 0xbb, 0x58, 0x74,
0xb7, 0x5b, 0x71, 0xba, 0x5e, 0x74, 0x7c, 0x30, 0x3f, 0x3c, 0x00, 0x00, 0x38, 0x00, 0x09, 0x36, 0x00, 0x07, 0x38, 0x02, 0x0d, 0x37, 0x01, 0x0c,
0x2a, 0x01, 0x08, 0x28, 0x00, 0x06, 0x21, 0x00, 0x05, 0x20, 0x00, 0x04, 0x20, 0x00, 0x04, 0x1f, 0x00, 0x03, 0x1f, 0x00, 0x03, 0x1f, 0x00, 0x03,
0x1e, 0x00, 0x02, 0x1e, 0x00, 0x02, 0x1e, 0x00, 0x02, 0x1e, 0x00, 0x02, 0x1c, 0x00, 0x00, 0x1e, 0x00, 0x02, 0x22, 0x00, 0x03, 0x22, 0x00, 0x03,
0x34, 0x00, 0x08, 0x36, 0x00, 0x0a, 0x57, 0x0f, 0x26, 0x7c, 0x34, 0x4b, 0x93, 0x4b, 0x62, 0x9c, 0x54, 0x6b, 0x9c, 0x54, 0x6b, 0x9a, 0x52, 0x69,
0xa6, 0x52, 0x6b, 0xa8, 0x54, 0x6d, 0xb8, 0x4e, 0x6b, 0xb8, 0x4e, 0x6b, 0xd4, 0x89, 0xa1, 0xff, 0xc4, 0xdc, 0xf0, 0xd6, 0xe4, 0xe1, 0xc7, 0xd5,
0xdd, 0xd7, 0xda, 0xdc, 0xd6, 0xd9, 0xdc, 0xd7, 0xd8, 0xdc, 0xd7, 0xd8, 0xd6, 0xd1, 0xd2, 0xf3, 0xee, 0xef, 0xb9, 0xb4, 0xb5, 0x09, 0x04, 0x05,
0x83, 0x77, 0x79, 0xff, 0xff, 0xff, 0xff, 0xf9, 0xfb, 0xfe, 0xf2, 0xf4, 0xfc, 0xf0, 0xf2, 0xfd, 0xf1, 0xf3, 0xfd, 0xf1, 0xf3, 0xfd, 0xf1, 0xf3,
0xfb, 0xf1, 0xf3, 0xf9, 0xef, 0xf1, 0xfd, 0xec, 0xef, 0xfc, 0xeb, 0xee, 0xff, 0xf9, 0xff, 0xff, 0xe9, 0xef, 0xcb, 0x95, 0xa5, 0x8a, 0x54, 0x64,
0xb0, 0x59, 0x75, 0xb0, 0x59, 0x75, 0xb8, 0x56, 0x78, 0xb8, 0x56, 0x78, 0xb6, 0x56, 0x78, 0xb5, 0x55, 0x77, 0xab, 0x57, 0x77, 0xa0, 0x4c, 0x6c,
0x8d, 0x40, 0x5f, 0x62, 0x15, 0x34, 0x46, 0x03, 0x20, 0x41, 0x00, 0x1b, 0x3a, 0x00, 0x14, 0x38, 0x00, 0x12, 0x33, 0x00, 0x13, 0x32, 0x00, 0x12,
0x2a, 0x00, 0x10, 0x28, 0x00, 0x0e, 0x25, 0x00, 0x0d, 0x25, 0x00, 0x0d, 0x25, 0x00, 0x0d, 0x25, 0x00, 0x0d, 0x29, 0x00, 0x0d, 0x30, 0x00, 0x14,
0x37, 0x00, 0x17, 0x36, 0x00, 0x16, 0x3f, 0x00, 0x1b, 0x3f, 0x00, 0x1b, 0x47, 0x06, 0x23, 0x51, 0x10, 0x2d, 0x76, 0x28, 0x45, 0xa8, 0x5a, 0x77,
0xbc, 0x5e, 0x79, 0xbd, 0x5f, 0x7a, 0xb3, 0x4c, 0x67, 0xaa, 0x43, 0x5e, 0xc1, 0x56, 0x71, 0xaf, 0x44, 0x5f, 0xa7, 0x34, 0x51, 0xc4, 0x51, 0x6e,
0xc1, 0x8b, 0x9b, 0xf4, 0xbe, 0xce, 0xfc, 0xd8, 0xe3, 0xfa, 0xd6, 0xe1, 0xea, 0xd4, 0xdd, 0xe6, 0xd0, 0xd9, 0xe0, 0xcd, 0xd5, 0xdf, 0xcc, 0xd4,
0xdd, 0xcd, 0xd2, 0xdc, 0xcc, 0xd1, 0xe0, 0xd4, 0xd6, 0xe3, 0xd7, 0xd9, 0xeb, 0xdf, 0xe1, 0xef, 0xe3, 0xe5, 0xf2, 0xe6, 0xe8, 0xf7, 0xeb, 0xed,
0xf6, 0xea, 0xec, 0xf6, 0xea, 0xec, 0xf6, 0xea, 0xec, 0xf6, 0xea, 0xec, 0xf5, 0xe9, 0xeb, 0xf5, 0xe9, 0xeb, 0xf9, 0xe7, 0xec, 0xfa, 0xe8, 0xed,
0xff, 0xf4, 0xff, 0xc4, 0x95, 0xa4, 0x95, 0x2f, 0x47, 0x96, 0x30, 0x48, 0xd6, 0x54, 0x70, 0xd8, 0x56, 0x72, 0xba, 0x5b, 0x74, 0xba, 0x5b, 0x74,
0xbb, 0x5a, 0x71, 0xbc, 0x5b, 0x72, 0xbc, 0x5a, 0x74, 0xbc, 0x5a, 0x74, 0x77, 0x1a, 0x33, 0x63, 0x06, 0x1f, 0x56, 0x02, 0x15, 0x55, 0x01, 0x14,
0x3f, 0x00, 0x0b, 0x3e, 0x00, 0x0a, 0x37, 0x00, 0x05, 0x36, 0x00, 0x04, 0x34, 0x00, 0x02, 0x33, 0x00, 0x01, 0x32, 0x00, 0x00, 0x32, 0x00, 0x00,
0x31, 0x00, 0x00, 0x31, 0x00, 0x00, 0x31, 0x00, 0x00, 0x30, 0x00, 0x00, 0x38, 0x01, 0x06, 0x2f, 0x00, 0x00, 0x3c, 0x00, 0x02, 0x3d, 0x00, 0x03,
0x5f, 0x07, 0x1f, 0x78, 0x20, 0x38, 0x9f, 0x3c, 0x58, 0xb6, 0x53, 0x6f, 0xad, 0x4a, 0x66, 0xb3, 0x50, 0x6c, 0xb2, 0x4f, 0x6b, 0xaf, 0x4c, 0x68,
0xd0, 0x47, 0x69, 0xd5, 0x4c, 0x6e, 0xca, 0x6a, 0x85, 0xf1, 0x91, 0xac, 0xde, 0xa9, 0xbd, 0xf6, 0xc1, 0xd5, 0xdf, 0xcf, 0xdb, 0xdd, 0xcd, 0xd9,
0xe4, 0xd2, 0xd7, 0xe3, 0xd1, 0xd6, 0xe3, 0xd2, 0xd5, 0xe1, 0xd0, 0xd3, 0xe0, 0xcf, 0xd2, 0xfd, 0xec, 0xef, 0xbf, 0xb3, 0xb5, 0x0f, 0x03, 0x05,
0x83, 0x77, 0x79, 0xff, 0xff, 0xff, 0xff, 0xf9, 0xfb, 0xfe, 0xf2, 0xf4, 0xfc, 0xf0, 0xf2, 0xfd, 0xf1, 0xf3, 0xfd, 0xf1, 0xf3, 0xfd, 0xf1, 0xf3,
0xfb, 0xf1, 0xf3, 0xf9, 0xef, 0xf1, 0xfc, 0xeb, 0xee, 0xfc, 0xeb, 0xee, 0xff, 0xf9, 0xff, 0xff, 0xe8, 0xee, 0xeb, 0xb5, 0xc5, 0xb3, 0x7d, 0x8d,
0xb0, 0x59, 0x75, 0xb0, 0x59, 0x75, 0xb8, 0x56, 0x78, 0xb8, 0x56, 0x78, 0xb6, 0x56, 0x78, 0xb5, 0x55, 0x77, 0xab, 0x57, 0x77, 0xa5, 0x51, 0x71,
0xa9, 0x5c, 0x7b, 0x8d, 0x40, 0x5f, 0x5a, 0x17, 0x34, 0x46, 0x03, 0x20, 0x3c, 0x00, 0x16, 0x3b, 0x00, 0x15, 0x36, 0x00, 0x16, 0x34, 0x00, 0x14,
0x2a, 0x00, 0x10, 0x28, 0x00, 0x0e, 0x25, 0x00, 0x0d, 0x25, 0x00, 0x0d, 0x25, 0x00, 0x0d, 0x25, 0x00, 0x0d, 0x28, 0x00, 0x0c, 0x22, 0x00, 0x06,
0x22, 0x00, 0x02, 0x25, 0x00, 0x05, 0x2a, 0x00, 0x06, 0x2e, 0x00, 0x0a, 0x51, 0x10, 0x2d, 0x6a, 0x29, 0x46, 0xa8, 0x5a, 0x77, 0xc0, 0x72, 0x8f,
0xbc, 0x5e, 0x79, 0xbf, 0x61, 0x7c, 0xb4, 0x4d, 0x68, 0xaa, 0x43, 0x5e, 0xc3, 0x58, 0x73, 0xaf, 0x44, 0x5f, 0xb7, 0x44, 0x61, 0xdd, 0x6a, 0x87,
0xda, 0xa4, 0xb4, 0xff, 0xcc, 0xdc, 0xfc, 0xd8, 0xe3, 0xf9, 0xd5, 0xe0, 0xe9, 0xd3, 0xdc, 0xe6, 0xd0, 0xd9, 0xe0, 0xcd, 0xd5, 0xdf, 0xcc, 0xd4,
0xdc, 0xcc, 0xd1, 0xdb, 0xcb, 0xd0, 0xdf, 0xd3, 0xd5, 0xe2, 0xd6, 0xd8, 0xea, 0xde, 0xe0, 0xee, 0xe2, 0xe4, 0xf1, 0xe5, 0xe7, 0xf6, 0xea, 0xec,
0xf5, 0xe9, 0xeb, 0xf5, 0xe9, 0xeb, 0xf5, 0xe9, 0xeb, 0xf5, 0xe9, 0xeb, 0xf4, 0xe8, 0xea, 0xf4, 0xe8, 0xea, 0xf8, 0xe6, 0xeb, 0xf9, 0xe7, 0xec,
0xff, 0xf0, 0xff, 0xf9, 0xca, 0xd9, 0xe8, 0x82, 0x9a, 0xaa, 0x44, 0x5c, 0xd6, 0x54, 0x70, 0xd8, 0x56, 0x72, 0xba, 0x5b, 0x74, 0xba, 0x5b, 0x74,
0xbb, 0x5a, 0x71, 0xbc, 0x5b, 0x72, 0xbc, 0x5a, 0x74, 0xbc, 0x5a, 0x74, 0xac, 0x4f, 0x68, 0x77, 0x1a, 0x33, 0x5a, 0x06, 0x19, 0x57, 0x03, 0x16,
0x40, 0x01, 0x0c, 0x40, 0x01, 0x0c, 0x38, 0x01, 0x06, 0x37, 0x00, 0x05, 0x36, 0x00, 0x04, 0x34, 0x00, 0x02, 0x33, 0x00, 0x01, 0x33, 0x00, 0x01,
0x32, 0x00, 0x00, 0x32, 0x00, 0x00, 0x31, 0x00, 0x00, 0x31, 0x00, 0x00, 0x2a, 0x00, 0x00, 0x2c, 0x00, 0x00, 0x3b, 0x00, 0x01, 0x3f, 0x00, 0x05,
0x78, 0x20, 0x38, 0x97, 0x3f, 0x57, 0xb6, 0x53, 0x6f, 0xb9, 0x56, 0x72, 0xaf, 0x4c, 0x68, 0xb3, 0x50, 0x6c, 0xb2, 0x4f, 0x6b, 0xaf, 0x4c, 0x68,
0xd0, 0x47, 0x69, 0xd6, 0x4d, 0x6f, 0xd8, 0x78, 0x93, 0xff, 0xac, 0xc7, 0xf0, 0xbb, 0xcf, 0xfa, 0xc5, 0xd9, 0xdf, 0xcf, 0xdb, 0xdd, 0xcd, 0xd9,
0xe3, 0xd1, 0xd6, 0xe1, 0xcf, 0xd4, 0xe0, 0xcf, 0xd2, 0xe0, 0xcf, 0xd2, 0xe0, 0xcf, 0xd2, 0xfd, 0xec, 0xef, 0xbf, 0xb3, 0xb5, 0x0f, 0x03, 0x05,
0x83, 0x77, 0x79, 0xff, 0xff, 0xff, 0xff, 0xf9, 0xfb, 0xfe, 0xf2, 0xf4, 0xfc, 0xf0, 0xf2, 0xfd, 0xf1, 0xf3, 0xfd, 0xf1, 0xf3, 0xfd, 0xf1, 0xf3,
0xfd, 0xf1, 0xf3, 0xfb, 0xef, 0xf1, 0xf8, 0xec, 0xee, 0xf7, 0xeb, 0xed, 0xf1, 0xe5, 0xe7, 0xf2, 0xe6, 0xe8, 0xff, 0xde, 0xeb, 0xd8, 0xb5, 0xc2,
0xaa, 0x62, 0x80, 0xa2, 0x5a, 0x78, 0xb2, 0x55, 0x7b, 0xb2, 0x55, 0x7b, 0xbc, 0x53, 0x7b, 0xbb, 0x52, 0x7a, 0xb8, 0x54, 0x7b, 0xb5, 0x51, 0x78,
0xb5, 0x58, 0x7e, 0xb5, 0x58, 0x7e, 0x91, 0x3d, 0x62, 0x66, 0x12, 0x37, 0x5d, 0x09, 0x2e, 0x5d, 0x09, 0x2e, 0x59, 0x0a, 0x2e, 0x52, 0x03, 0x27,
0x38, 0x00, 0x17, 0x32, 0x00, 0x11, 0x2d, 0x00, 0x10, 0x2d, 0x00, 0x10, 0x2d, 0x00, 0x10, 0x2d, 0x00, 0x10, 0x32, 0x00, 0x0f, 0x2b, 0x00, 0x08,
0x2d, 0x00, 0x04, 0x32, 0x00, 0x09, 0x5b, 0x07, 0x2c, 0x6c, 0x18, 0x3d, 0x78, 0x24, 0x49, 0xa2, 0x4e, 0x73, 0xb9, 0x5f, 0x83, 0xba, 0x60, 0x84,
0xc8, 0x60, 0x7f, 0xc5, 0x5d, 0x7c, 0xba, 0x4c, 0x68, 0xb0, 0x42, 0x5e, 0xbc, 0x58, 0x72, 0xab, 0x47, 0x61, 0xc0, 0x6e, 0x82, 0xf2, 0xa0, 0xb4,
0xe6, 0xc2, 0xcd, 0xfb, 0xd7, 0xe2, 0xf0, 0xd9, 0xdf, 0xeb, 0xd4, 0xda, 0xe9, 0xd2, 0xd8, 0xe7, 0xd0, 0xd6, 0xe2, 0xcd, 0xd3, 0xe0, 0xcb, 0xd1,
0xda, 0xcb, 0xce, 0xd8, 0xc9, 0xcc, 0xdd, 0xd1, 0xd3, 0xe0, 0xd4, 0xd6, 0xe8, 0xdc, 0xde, 0xed, 0xe1, 0xe3, 0xf0, 0xe4, 0xe6, 0xf4, 0xe8, 0xea,
0xf2, 0xe6, 0xe8, 0xf4, 0xe8, 0xea, 0xf2, 0xe6, 0xe8, 0xf2, 0xe6, 0xe8, 0xf2, 0xe6, 0xe8, 0xf2, 0xe6, 0xe8, 0xf1, 0xe5, 0xe7, 0xf2, 0xe6, 0xe8,
0xff, 0xe5, 0xed, 0xff, 0xea, 0xf2, 0xff, 0xc8, 0xd6, 0xc7, 0x7e, 0x8c, 0xbf, 0x5b, 0x6e, 0xc0, 0x5c, 0x6f, 0xbc, 0x59, 0x70, 0xbc, 0x59, 0x70,
0xbb, 0x58, 0x6f, 0xbd, 0x5a, 0x71, 0xc6, 0x57, 0x75, 0xc7, 0x58, 0x76, 0xd6, 0x67, 0x85, 0xba, 0x4b, 0x69, 0x7d, 0x19, 0x33, 0x6a, 0x06, 0x20,
0x4f, 0x00, 0x0e, 0x4f, 0x00, 0x0e, 0x45, 0x00, 0x09, 0x45, 0x00, 0x09, 0x43, 0x00, 0x07, 0x42, 0x00, 0x06, 0x40, 0x00, 0x04, 0x3f, 0x00, 0x03,
0x3e, 0x00, 0x02, 0x3e, 0x00, 0x02, 0x3e, 0x00, 0x02, 0x3d, 0x00, 0x01, 0x3f, 0x00, 0x03, 0x50, 0x0a, 0x14, 0x7b, 0x2b, 0x3a, 0x8c, 0x3c, 0x4b,
0xa3, 0x3c, 0x57, 0xba, 0x53, 0x6e, 0xc2, 0x51, 0x6f, 0xc2, 0x51, 0x6f, 0xbc, 0x4b, 0x69, 0xbe, 0x4d, 0x6b, 0xbe, 0x4d, 0x6b, 0xbb, 0x4a, 0x68,
0xb5, 0x4b, 0x68, 0xc0, 0x56, 0x73, 0xda, 0x88, 0xa1, 0xff, 0xca, 0xe3, 0xf6, 0xcf, 0xe1, 0xf3, 0xcc, 0xde, 0xde, 0xd0, 0xdc, 0xdd, 0xcf, 0xdb,
0xe5, 0xce, 0xd4, 0xe4, 0xcd, 0xd3, 0xe3, 0xcd, 0xd1, 0xe2, 0xcc, 0xd0, 0xe4, 0xce, 0xd2, 0xff, 0xeb, 0xef, 0xc1, 0xb2, 0xb5, 0x11, 0x02, 0x05,
0x83, 0x77, 0x79, 0xff, 0xff, 0xff, 0xff, 0xf9, 0xfb, 0xfe, 0xf2, 0xf4, 0xfc, 0xf0, 0xf2, 0xfd, 0xf1, 0xf3, 0xfd, 0xf1, 0xf3, 0xfd, 0xf1, 0xf3,
0xfd, 0xf1, 0xf3, 0xfb, 0xef, 0xf1, 0xf8, 0xec, 0xee, 0xf7, 0xeb, 0xed, 0xdc, 0xd0, 0xd2, 0xed, 0xe1, 0xe3, 0xff, 0xed, 0xfa, 0xff, 0xdc, 0xe9,
0xc2, 0x7a, 0x98, 0x9f, 0x57, 0x75, 0xb1, 0x54, 0x7a, 0xb2, 0x55, 0x7b, 0xbc, 0x53, 0x7b, 0xbb, 0x52, 0x7a, 0xb9, 0x55, 0x7c, 0xba, 0x56, 0x7d,
0xb6, 0x59, 0x7f, 0xb4, 0x57, 0x7d, 0xad, 0x59, 0x7e, 0x91, 0x3d, 0x62, 0x70, 0x1c, 0x41, 0x70, 0x1c, 0x41, 0x6c, 0x1d, 0x41, 0x60, 0x11, 0x35,
0x3d, 0x00, 0x1c, 0x31, 0x00, 0x10, 0x2d, 0x00, 0x10, 0x2d, 0x00, 0x10, 0x2d, 0x00, 0x10, 0x2d, 0x00, 0x10, 0x33, 0x00, 0x10, 0x33, 0x00, 0x10,
0x3e, 0x00, 0x15, 0x57, 0x0b, 0x2e, 0x8d, 0x39, 0x5e, 0xa4, 0x50, 0x75, 0xaa, 0x56, 0x7b, 0xc2, 0x6e, 0x93, 0xba, 0x60, 0x84, 0xb9, 0x5f, 0x83,
0xc5, 0x5d, 0x7c, 0xc2, 0x5a, 0x79, 0xbd, 0x4f, 0x6b, 0xb0, 0x42, 0x5e, 0xb8, 0x54, 0x6e, 0xb0, 0x4c, 0x66, 0xd2, 0x80, 0x94, 0xff, 0xb8, 0xcc,
0xf4, 0xd0, 0xdb, 0xff, 0xdc, 0xe7, 0xef, 0xd8, 0xde, 0xe9, 0xd2, 0xd8, 0xe7, 0xd0, 0xd6, 0xe5, 0xce, 0xd4, 0xe2, 0xcd, 0xd3, 0xe0, 0xcb, 0xd1,
0xd8, 0xc9, 0xcc, 0xd7, 0xc8, 0xcb, 0xdc, 0xd0, 0xd2, 0xdf, 0xd3, 0xd5, 0xe7, 0xdb, 0xdd, 0xeb, 0xdf, 0xe1, 0xef, 0xe3, 0xe5, 0xf2, 0xe6, 0xe8,
0xf1, 0xe5, 0xe7, 0xf2, 0xe6, 0xe8, 0xf1, 0xe5, 0xe7, 0xf1, 0xe5, 0xe7, 0xf1, 0xe5, 0xe7, 0xf1, 0xe5, 0xe7, 0xf1, 0xe5, 0xe7, 0xf4, 0xe8, 0xea,
0xf3, 0xd2, 0xda, 0xff, 0xeb, 0xf3, 0xff, 0xd9, 0xe7, 0xe7, 0x9e, 0xac, 0xc0, 0x5c, 0x6f, 0xc1, 0x5d, 0x70, 0xbb, 0x58, 0x6f, 0xbc, 0x59, 0x70,
0xbb, 0x58, 0x6f, 0xbd, 0x5a, 0x71, 0xc7, 0x58, 0x76, 0xca, 0x5b, 0x79, 0xce, 0x5f, 0x7d, 0xd6, 0x67, 0x85, 0xb2, 0x4e, 0x68, 0x7d, 0x19, 0x33,
0x51, 0x01, 0x10, 0x51, 0x01, 0x10, 0x46, 0x00, 0x0a, 0x46, 0x00, 0x0a, 0x44, 0x00, 0x08, 0x43, 0x00, 0x07, 0x42, 0x00, 0x06, 0x40, 0x00, 0x04,
0x3f, 0x00, 0x03, 0x3f, 0x00, 0x03, 0x3e, 0x00, 0x02, 0x3e, 0x00, 0x02, 0x67, 0x21, 0x2b, 0x7f, 0x39, 0x43, 0xb7, 0x67, 0x76, 0xce, 0x7e, 0x8d,
0xba, 0x53, 0x6e, 0xbe, 0x57, 0x72, 0xc3, 0x52, 0x70, 0xc2, 0x51, 0x6f, 0xbf, 0x4e, 0x6c, 0xbc, 0x4b, 0x69, 0xbe, 0x4d, 0x6b, 0xbe, 0x4d, 0x6b,
0xb3, 0x49, 0x66, 0xcb, 0x61, 0x7e, 0xf5, 0xa3, 0xbc, 0xff, 0xdb, 0xf4, 0xf4, 0xcd, 0xdf, 0xf3, 0xcc, 0xde, 0xdf, 0xd1, 0xdd, 0xde, 0xd0, 0xdc,
0xe5, 0xce, 0xd4, 0xe4, 0xcd, 0xd3, 0xe2, 0xcc, 0xd0, 0xe0, 0xca, 0xce, 0xe4, 0xce, 0xd2, 0xff, 0xeb, 0xef, 0xc1, 0xb2, 0xb5, 0x11, 0x02, 0x05,
0x83, 0x77, 0x79, 0xff, 0xff, 0xff, 0xff, 0xf9, 0xfb, 0xfe, 0xf2, 0xf4, 0xfc, 0xf0, 0xf2, 0xfd, 0xf1, 0xf3, 0xfd, 0xf1, 0xf3, 0xfd, 0xf1, 0xf3,
0xfd, 0xf1, 0xf3, 0xfb, 0xef, 0xf1, 0xf7, 0xeb, 0xed, 0xf7, 0xeb, 0xed, 0xf0, 0xe4, 0xe6, 0xeb, 0xdf, 0xe1, 0xff, 0xe4, 0xf0, 0xff, 0xe6, 0xf2,
0xf2, 0xbb, 0xd6, 0x91, 0x5a, 0x75, 0x8b, 0x3f, 0x62, 0xaa, 0x5e, 0x81, 0xca, 0x50, 0x7b, 0xca, 0x50, 0x7b, 0xd3, 0x50, 0x7c, 0xd4, 0x51, 0x7d,
0xcc, 0x52, 0x7d, 0xcc, 0x52, 0x7d, 0xc0, 0x52, 0x7b, 0xc0, 0x52, 0x7b, 0xb8, 0x4a, 0x73, 0xb8, 0x4a, 0x73, 0xb4, 0x4b, 0x73, 0xa8, 0x3f, 0x67,
0x88, 0x2b, 0x51, 0x7c, 0x1f, 0x45, 0x78, 0x20, 0x45, 0x78, 0x20, 0x45, 0x78, 0x20, 0x45, 0x78, 0x20, 0x45, 0x7e, 0x1e, 0x45, 0x7e, 0x1e, 0x45,
0x9a, 0x33, 0x5b, 0xa9, 0x42, 0x6a, 0xc0, 0x52, 0x7b, 0xc0, 0x52, 0x7b, 0xc0, 0x52, 0x7b, 0xc0, 0x52, 0x7b, 0xc2, 0x55, 0x7c, 0xba, 0x4d, 0x74,
0xac, 0x40, 0x5f, 0xa6, 0x3a, 0x59, 0xb1, 0x4d, 0x67, 0xb6, 0x52, 0x6c, 0x8e, 0x57, 0x6a, 0xc0, 0x89, 0x9c, 0xf0, 0xd0, 0xdc, 0xff, 0xeb, 0xf7,
0xea, 0xd2, 0xdb, 0xf3, 0xdb, 0xe4, 0xec, 0xd5, 0xdb, 0xe9, 0xd2, 0xd8, 0xe7, 0xd0, 0xd6, 0xe5, 0xce, 0xd4, 0xe2, 0xcd, 0xd3, 0xe0, 0xcb, 0xd1,
0xd8, 0xc9, 0xcc, 0xd7, 0xc8, 0xcb, 0xdb, 0xcf, 0xd1, 0xdf, 0xd3, 0xd5, 0xe6, 0xda, 0xdc, 0xea, 0xde, 0xe0, 0xee, 0xe2, 0xe4, 0xf2, 0xe6, 0xe8,
0xf1, 0xe5, 0xe7, 0xf2, 0xe6, 0xe8, 0xf1, 0xe5, 0xe7, 0xf1, 0xe5, 0xe7, 0xf0, 0xe4, 0xe6, 0xf1, 0xe5, 0xe7, 0xf4, 0xe5, 0xe8, 0xf4, 0xe5, 0xe8,
0xfa, 0xe5, 0xeb, 0xff, 0xec, 0xf2, 0xf8, 0xe6, 0xeb, 0xf8, 0xe6, 0xeb, 0xc0, 0x93, 0x9d, 0x91, 0x64, 0x6e, 0xb3, 0x59, 0x6f, 0xaf, 0x55, 0x6b,
0xc0, 0x53, 0x6c, 0xc3, 0x56, 0x6f, 0xc6, 0x57, 0x75, 0xc8, 0x59, 0x77, 0xc8, 0x59, 0x77, 0xc7, 0x58, 0x76, 0xc4, 0x57, 0x79, 0xc4, 0x57, 0x79,
0xc2, 0x54, 0x7d, 0xc2, 0x54, 0x7d, 0xb9, 0x4d, 0x78, 0xb7, 0x4b, 0x76, 0xa4, 0x38, 0x63, 0xa2, 0x36, 0x61, 0x9e, 0x32, 0x5d, 0x9b, 0x2f, 0x5a,
0x9b, 0x2f, 0x5a, 0x9b, 0x2f, 0x5a, 0xa1, 0x35, 0x60, 0xa4, 0x38, 0x63, 0xab, 0x3f, 0x6a, 0xb0, 0x44, 0x6f, 0xb5, 0x47, 0x70, 0xb5, 0x47, 0x70,
0xba, 0x4a, 0x6d, 0xc1, 0x51, 0x74, 0xc0, 0x4f, 0x6d, 0xc0, 0x4f, 0x6d, 0xbe, 0x4d, 0x6b, 0xbc, 0x4b, 0x69, 0xab, 0x46, 0x62, 0xa8, 0x43, 0x5f,
0xa6, 0x6e, 0x83, 0xf1, 0xb9, 0xce, 0xff, 0xe1, 0xf3, 0xe3, 0xbe, 0xd0, 0xe9, 0xce, 0xde, 0xe9, 0xce, 0xde, 0xe9, 0xcf, 0xdd, 0xe8, 0xce, 0xdc,
0xe5, 0xce, 0xd4, 0xe4, 0xcd, 0xd3, 0xe2, 0xcc, 0xd0, 0xe0, 0xca, 0xce, 0xe4, 0xce, 0xd2, 0xff, 0xeb, 0xef, 0xc1, 0xb2, 0xb5, 0x11, 0x02, 0x05,
0x83, 0x77, 0x79, 0xff, 0xff, 0xff, 0xff, 0xf9, 0xfb, 0xfe, 0xf2, 0xf4, 0xfc, 0xf0, 0xf2, 0xfd, 0xf1, 0xf3, 0xfd, 0xf1, 0xf3, 0xfd, 0xf1, 0xf3,
0xfd, 0xf1, 0xf3, 0xfb, 0xef, 0xf1, 0xf8, 0xec, 0xee, 0xf9, 0xed, 0xef, 0xf4, 0xe8, 0xea, 0xeb, 0xdf, 0xe1, 0xf9, 0xdb, 0xe7, 0xff, 0xe5, 0xf1,
0xff, 0xdb, 0xf6, 0xea, 0xb3, 0xce, 0xaf, 0x63, 0x86, 0x78, 0x2c, 0x4f, 0xc5, 0x4b, 0x76, 0xca, 0x50, 0x7b, 0xd2, 0x4f, 0x7b, 0xd3, 0x50, 0x7c,
0xcb, 0x51, 0x7c, 0xcb, 0x51, 0x7c, 0xc0, 0x52, 0x7b, 0xc0, 0x52, 0x7b, 0xb9, 0x4b, 0x74, 0xb9, 0x4b, 0x74, 0xb4, 0x4b, 0x73, 0xb4, 0x4b, 0x73,
0xa8, 0x4b, 0x71, 0xa8, 0x4b, 0x71, 0xa3, 0x4b, 0x70, 0xa3, 0x4b, 0x70, 0xa3, 0x4b, 0x70, 0xa3, 0x4b, 0x70, 0xac, 0x4c, 0x73, 0xad, 0x4d, 0x74,
0xb6, 0x4f, 0x77, 0xb7, 0x50, 0x78, 0xbb, 0x4d, 0x76, 0xbb, 0x4d, 0x76, 0xb9, 0x4b, 0x74, 0xbb, 0x4d, 0x76, 0xbc, 0x4f, 0x76, 0xbb, 0x4e, 0x75,
0xbc, 0x50, 0x6f, 0xb8, 0x4c, 0x6b, 0xa5, 0x41, 0x5b, 0x9f, 0x3b, 0x55, 0xc0, 0x89, 0x9c, 0xed, 0xb6, 0xc9, 0xf7, 0xd7, 0xe3, 0xf7, 0xd7, 0xe3,
0xf1, 0xd9, 0xe2, 0xf1, 0xd9, 0xe2, 0xeb, 0xd4, 0xda, 0xe9, 0xd2, 0xd8, 0xe7, 0xd0, 0xd6, 0xe5, 0xce, 0xd4, 0xe2, 0xcd, 0xd3, 0xe0, 0xcb, 0xd1,
0xd8, 0xc9, 0xcc, 0xd7, 0xc8, 0xcb, 0xdb, 0xcf, 0xd1, 0xdd, 0xd1, 0xd3, 0xe6, 0xda, 0xdc, 0xea, 0xde, 0xe0, 0xee, 0xe2, 0xe4, 0xf1, 0xe5, 0xe7,
0xf1, 0xe5, 0xe7, 0xf1, 0xe5, 0xe7, 0xf1, 0xe5, 0xe7, 0xf1, 0xe5, 0xe7, 0xf0, 0xe4, 0xe6, 0xf1, 0xe5, 0xe7, 0xf4, 0xe5, 0xe8, 0xf4, 0xe5, 0xe8,
0xf8, 0xe3, 0xe9, 0xfd, 0xe8, 0xee, 0xf6, 0xe4, 0xe9, 0xf6, 0xe4, 0xe9, 0xed, 0xc0, 0xca, 0xc0, 0x93, 0x9d, 0xb5, 0x5b, 0x71, 0xb0, 0x56, 0x6c,
0xbf, 0x52, 0x6b, 0xbf, 0x52, 0x6b, 0xc1, 0x52, 0x70, 0xc3, 0x54, 0x72, 0xc4, 0x55, 0x73, 0xc3, 0x54, 0x72, 0xc1, 0x54, 0x76, 0xc1, 0x54, 0x76,
0xbf, 0x51, 0x7a, 0xbf, 0x51, 0x7a, 0xbe, 0x52, 0x7d, 0xbf, 0x53, 0x7e, 0xc0, 0x54, 0x7f, 0xc1, 0x55, 0x80, 0xc1, 0x55, 0x80, 0xc2, 0x56, 0x81,
0xc2, 0x56, 0x81, 0xc2, 0x56, 0x81, 0xbf, 0x53, 0x7e, 0xbe, 0x52, 0x7d, 0xb9, 0x4d, 0x78, 0xb7, 0x4b, 0x76, 0xb8, 0x4a, 0x73, 0xb6, 0x48, 0x71,
0xba, 0x4a, 0x6d, 0xbe, 0x4e, 0x71, 0xbf, 0x4e, 0x6c, 0xbf, 0x4e, 0x6c, 0xba, 0x49, 0x67, 0xc1, 0x50, 0x6e, 0xbc, 0x57, 0x73, 0xc0, 0x5b, 0x77,
0xc6, 0x8e, 0xa3, 0xff, 0xcb, 0xe0, 0xff, 0xe0, 0xf2, 0xe8, 0xc3, 0xd5, 0xeb, 0xd0, 0xe0, 0xeb, 0xd0, 0xe0, 0xea, 0xd0, 0xde, 0xe9, 0xcf, 0xdd,
0xe5, 0xce, 0xd4, 0xe3, 0xcc, 0xd2, 0xe2, 0xcc, 0xd0, 0xe0, 0xca, 0xce, 0xe4, 0xce, 0xd2, 0xff, 0xeb, 0xef, 0xc1, 0xb2, 0xb5, 0x11, 0x02, 0x05,
0x7e, 0x72, 0x74, 0xff, 0xff, 0xff, 0xff, 0xf4, 0xf6, 0xfb, 0xef, 0xf1, 0xf9, 0xed, 0xef, 0xfc, 0xf0, 0xf2, 0xfc, 0xf0, 0xf2, 0xfd, 0xf1, 0xf3,
0xfd, 0xf1, 0xf3, 0xfb, 0xef, 0xf1, 0xf8, 0xec, 0xee, 0xf9, 0xed, 0xef, 0xf6, 0xea, 0xec, 0xef, 0xe3, 0xe5, 0xea, 0xdb, 0xe4, 0xf1, 0xe2, 0xeb,
0xff, 0xee, 0xff, 0xff, 0xdd, 0xee, 0xcb, 0x96, 0xac, 0x96, 0x61, 0x77, 0xc0, 0x4c, 0x6d, 0xc8, 0x54, 0x75, 0xed, 0x4d, 0x75, 0xed, 0x4d, 0x75,
0xc9, 0x50, 0x74, 0xcc, 0x53, 0x77, 0xcc, 0x53, 0x77, 0xcc, 0x53, 0x77, 0xcc, 0x53, 0x77, 0xcb, 0x52, 0x76, 0xc8, 0x52, 0x78, 0xc9, 0x53, 0x79,
0xbd, 0x54, 0x76, 0xc5, 0x5c, 0x7e, 0xc2, 0x5e, 0x7f, 0xc4, 0x60, 0x81, 0xc4, 0x60, 0x81, 0xc4, 0x60, 0x81, 0xc8, 0x5d, 0x7f, 0xc7, 0x5c, 0x7e,
0xc9, 0x57, 0x7a, 0xc1, 0x4f, 0x72, 0xc5, 0x4c, 0x70, 0xc5, 0x4c, 0x70, 0xbf, 0x46, 0x6a, 0xc0, 0x47, 0x6b, 0xc0, 0x48, 0x69, 0xc1, 0x49, 0x6a,
0xbe, 0x4c, 0x66, 0xc0, 0x4e, 0x68, 0xb4, 0x64, 0x73, 0xbb, 0x6b, 0x7a, 0xee, 0xd2, 0xd9, 0xf5, 0xd9, 0xe0, 0xce, 0xd0, 0xd2, 0xcd, 0xcf, 0xd1,
0xe5, 0xce, 0xd4, 0xee, 0xd7, 0xdd, 0xec, 0xd4, 0xd8, 0xeb, 0xd3, 0xd7, 0xe7, 0xcf, 0xd3, 0xe6, 0xce, 0xd2, 0xe3, 0xcd, 0xd1, 0xe2, 0xcc, 0xd0,
0xda, 0xcb, 0xce, 0xd7, 0xc8, 0xcb, 0xe0, 0xd4, 0xd6, 0xd6, 0xca, 0xcc, 0xe8, 0xdc, 0xde, 0xeb, 0xdf, 0xe1, 0xee, 0xe2, 0xe4, 0xf1, 0xe5, 0xe7,
0xf1, 0xe5, 0xe7, 0xf1, 0xe5, 0xe7, 0xf0, 0xe4, 0xe6, 0xf0, 0xe4, 0xe6, 0xf0, 0xe4, 0xe6, 0xf1, 0xe5, 0xe7, 0xf1, 0xe5, 0xe7, 0xf1, 0xe5, 0xe7,
0xfa, 0xe4, 0xe8, 0xfd, 0xe7, 0xeb, 0xdc, 0xe8, 0xe5, 0xdc, 0xe8, 0xe5, 0xe6, 0xd5, 0xd6, 0xd7, 0xc6, 0xc7, 0xda, 0x8d, 0x9f, 0xab, 0x5e, 0x70,
0xb5, 0x54, 0x6b, 0xb2, 0x51, 0x68, 0xb2, 0x4f, 0x6b, 0xb3, 0x50, 0x6c, 0xb7, 0x4f, 0x6c, 0xb9, 0x51, 0x6e, 0xbd, 0x4f, 0x73, 0xbd, 0x4f, 0x73,
0xc3, 0x4b, 0x76, 0xc3, 0x4b, 0x76, 0xc6, 0x4b, 0x7b, 0xc7, 0x4c, 0x7c, 0xd4, 0x59, 0x89, 0xd7, 0x5c, 0x8c, 0xda, 0x5f, 0x8f, 0xde, 0x63, 0x93,
0xde, 0x63, 0x93, 0xde, 0x63, 0x93, 0xd7, 0x5c, 0x8c, 0xd4, 0x59, 0x89, 0xca, 0x4f, 0x7f, 0xc5, 0x4a, 0x7a, 0xc3, 0x49, 0x74, 0xc2, 0x48, 0x73,
0xbe, 0x49, 0x6d, 0xbc, 0x47, 0x6b, 0xb8, 0x4c, 0x69, 0xb8, 0x4c, 0x69, 0xab, 0x46, 0x62, 0xbc, 0x57, 0x73, 0xd5, 0x7c, 0x96, 0xe6, 0x8d, 0xa7,
0xd7, 0xbe, 0xce, 0xf1, 0xd8, 0xe8, 0xec, 0xd6, 0xe5, 0xe8, 0xd2, 0xe1, 0xe9, 0xd0, 0xe0, 0xe9, 0xd0, 0xe0, 0xe8, 0xd0, 0xde, 0xe7, 0xcf, 0xdd,
0xe5, 0xce, 0xd4, 0xe3, 0xcc, 0xd2, 0xe2, 0xcc, 0xd0, 0xe0, 0xca, 0xce, 0xdd, 0xc7, 0xcb, 0xfa, 0xe4, 0xe8, 0xba, 0xab, 0xae, 0x0c, 0x00, 0x00,
0x7c, 0x70, 0x72, 0xff, 0xfe, 0xff, 0xfe, 0xf2, 0xf4, 0xf9, 0xed, 0xef, 0xf9, 0xed, 0xef, 0xfc, 0xf0, 0xf2, 0xfc, 0xf0, 0xf2, 0xfd, 0xf1, 0xf3,
0xfd, 0xf1, 0xf3, 0xfb, 0xef, 0xf1, 0xf9, 0xed, 0xef, 0xfb, 0xef, 0xf1, 0xf8, 0xec, 0xee, 0xf1, 0xe5, 0xe7, 0xe8, 0xd9, 0xe2, 0xee, 0xdf, 0xe8,
0xff, 0xe4, 0xf5, 0xe7, 0xc5, 0xd6, 0xf0, 0xbb, 0xd1, 0xff, 0xcb, 0xe1, 0xb4, 0x40, 0x61, 0xc9, 0x55, 0x76, 0xed, 0x4d, 0x75, 0xed, 0x4d, 0x75,
0xc9, 0x50, 0x74, 0xcc, 0x53, 0x77, 0xcc, 0x53, 0x77, 0xcc, 0x53, 0x77, 0xcc, 0x53, 0x77, 0xcb, 0x52, 0x76, 0xc5, 0x4f, 0x75, 0xc3, 0x4d, 0x73,
0xbb, 0x52, 0x74, 0xb6, 0x4d, 0x6f, 0xaf, 0x4b, 0x6c, 0xae, 0x4a, 0x6b, 0xae, 0x4a, 0x6b, 0xae, 0x4a, 0x6b, 0xb4, 0x49, 0x6b, 0xb4, 0x49, 0x6b,
0xba, 0x48, 0x6b, 0xc0, 0x4e, 0x71, 0xc2, 0x49, 0x6d, 0xc1, 0x48, 0x6c, 0xbb, 0x42, 0x66, 0xb9, 0x40, 0x64, 0xbd, 0x45, 0x66, 0xc0, 0x48, 0x69,
0x8c, 0x1a, 0x34, 0xaf, 0x3d, 0x57, 0xda, 0x8a, 0x99, 0xfc, 0xac, 0xbb, 0xff, 0xed, 0xf4, 0xfc, 0xe0, 0xe7, 0xc8, 0xca, 0xcc, 0xba, 0xbc, 0xbe,
0xea, 0xd3, 0xd9, 0xf5, 0xde, 0xe4, 0xf0, 0xd8, 0xdc, 0xeb, 0xd3, 0xd7, 0xe6, 0xce, 0xd2, 0xe6, 0xce, 0xd2, 0xe3, 0xcd, 0xd1, 0xe2, 0xcc, 0xd0,
0xdb, 0xcc, 0xcf, 0xd7, 0xc8, 0xcb, 0xe2, 0xd6, 0xd8, 0xd4, 0xc8, 0xca, 0xe9, 0xdd, 0xdf, 0xed, 0xe1, 0xe3, 0xef, 0xe3, 0xe5, 0xf1, 0xe5, 0xe7,
0xf1, 0xe5, 0xe7, 0xf1, 0xe5, 0xe7, 0xf0, 0xe4, 0xe6, 0xf0, 0xe4, 0xe6, 0xf0, 0xe4, 0xe6, 0xf1, 0xe5, 0xe7, 0xf1, 0xe5, 0xe7, 0xf1, 0xe5, 0xe7,
0xfa, 0xe4, 0xe8, 0xfa, 0xe4, 0xe8, 0xdb, 0xe7, 0xe4, 0xdb, 0xe7, 0xe4, 0xef, 0xde, 0xdf, 0xe6, 0xd5, 0xd6, 0xff, 0xba, 0xcc, 0xda, 0x8d, 0x9f,
0xd2, 0x71, 0x88, 0xc3, 0x62, 0x79, 0xb5, 0x52, 0x6e, 0xb2, 0x4f, 0x6b, 0xb6, 0x4e, 0x6b, 0xb6, 0x4e, 0x6b, 0xbb, 0x4d, 0x71, 0xbb, 0x4d, 0x71,
0xc1, 0x49, 0x74, 0xc1, 0x49, 0x74, 0xc4, 0x49, 0x79, 0xc5, 0x4a, 0x7a, 0xc4, 0x49, 0x79, 0xc5, 0x4a, 0x7a, 0xc5, 0x4a, 0x7a, 0xc6, 0x4b, 0x7b,
0xc6, 0x4b, 0x7b, 0xc6, 0x4b, 0x7b, 0xc5, 0x4a, 0x7a, 0xc4, 0x49, 0x79, 0xc3, 0x48, 0x78, 0xc2, 0x47, 0x77, 0xc0, 0x46, 0x71, 0xc0, 0x46, 0x71,
0xbe, 0x49, 0x6d, 0xb7, 0x42, 0x66, 0xb8, 0x4c, 0x69, 0xb8, 0x4c, 0x69, 0xa8, 0x43, 0x5f, 0xc0, 0x5b, 0x77, 0xe6, 0x8d, 0xa7, 0xfd, 0xa4, 0xbe,
0xfe, 0xe5, 0xf5, 0xf0, 0xd7, 0xe7, 0xdc, 0xc6, 0xd5, 0xf2, 0xdc, 0xeb, 0xec, 0xd3, 0xe3, 0xec, 0xd3, 0xe3, 0xea, 0xd2, 0xe0, 0xe8, 0xd0, 0xde,
0xe7, 0xd0, 0xd6, 0xe4, 0xcd, 0xd3, 0xe2, 0xcc, 0xd0, 0xe0, 0xca, 0xce, 0xdb, 0xc5, 0xc9, 0xf8, 0xe2, 0xe6, 0xb8, 0xa9, 0xac, 0x08, 0x00, 0x00,
0x77, 0x6b, 0x6d, 0xff, 0xf9, 0xfb, 0xf9, 0xed, 0xef, 0xf7, 0xeb, 0xed, 0xf7, 0xeb, 0xed, 0xf9, 0xed, 0xef, 0xfc, 0xf0, 0xf2, 0xfd, 0xf1, 0xf3,
0xfd, 0xf1, 0xf3, 0xfb, 0xef, 0xf1, 0xf9, 0xed, 0xef, 0xfb, 0xef, 0xf1, 0xf8, 0xec, 0xee, 0xf1, 0xe5, 0xe7, 0xef, 0xe0, 0xe3, 0xef, 0xe0, 0xe3,
0xf8, 0xdf, 0xea, 0xf5, 0xdc, 0xe7, 0xff, 0xd9, 0xe9, 0xff, 0xd9, 0xe9, 0xe7, 0xbf, 0xcf, 0xc4, 0x9c, 0xac, 0x86, 0x5e, 0x6e, 0x70, 0x48, 0x58,
0xb8, 0x4f, 0x6a, 0xbb, 0x52, 0x6d, 0xc5, 0x50, 0x6d, 0xc6, 0x51, 0x6e, 0xc6, 0x51, 0x6e, 0xc9, 0x54, 0x71, 0xce, 0x55, 0x70, 0xce, 0x55, 0x70,
0xd3, 0x4d, 0x6d, 0xd8, 0x52, 0x72, 0xdc, 0x52, 0x72, 0xdc, 0x52, 0x72, 0xdc, 0x52, 0x72, 0xdc, 0x52, 0x72, 0xd6, 0x53, 0x72, 0xd6, 0x53, 0x72,
0xd0, 0x54, 0x72, 0xca, 0x4e, 0x6c, 0xc0, 0x4b, 0x68, 0xc0, 0x4b, 0x68, 0xb6, 0x41, 0x5e, 0xb4, 0x3f, 0x5c, 0xa7, 0x4c, 0x60, 0xaa, 0x4f, 0x63,
0x9d, 0x69, 0x74, 0xbb, 0x87, 0x92, 0xc6, 0xab, 0xb0, 0xe1, 0xc6, 0xcb, 0xd9, 0xc8, 0xcb, 0xd9, 0xc8, 0xcb, 0xdb, 0xc7, 0xcb, 0xdb, 0xc7, 0xcb,
0xdf, 0xc7, 0xc9, 0xdf, 0xc7, 0xc9, 0xe4, 0xc9, 0xce, 0xe5, 0xca, 0xcf, 0xeb, 0xd0, 0xd5, 0xeb, 0xd0, 0xd5, 0xe9, 0xd1, 0xd5, 0xe7, 0xcf, 0xd3,
0xdd, 0xcc, 0xcf, 0xda, 0xc9, 0xcc, 0xe6, 0xda, 0xdc, 0xae, 0xa2, 0xa4, 0xeb, 0xdf, 0xe1, 0xee, 0xe2, 0xe4, 0xef, 0xe3, 0xe5, 0xf1, 0xe5, 0xe7,
0xf0, 0xe4, 0xe6, 0xf1, 0xe5, 0xe7, 0xf0, 0xe4, 0xe6, 0xf0, 0xe4, 0xe6, 0xf0, 0xe4, 0xe6, 0xf1, 0xe5, 0xe7, 0xf1, 0xe5, 0xe5, 0xf1, 0xe5, 0xe5,
0xfa, 0xe5, 0xe4, 0xfa, 0xe5, 0xe4, 0xf0, 0xe5, 0xe2, 0xef, 0xe4, 0xe1, 0xef, 0xe4, 0xe1, 0xf2, 0xe7, 0xe4, 0xff, 0xe2, 0xe8, 0xff, 0xe2, 0xe8,
0xac, 0x7e, 0x8b, 0x9e, 0x70, 0x7d, 0xa2, 0x5c, 0x73, 0x9a, 0x54, 0x6b, 0xa8, 0x4c, 0x67, 0xad, 0x51, 0x6c, 0xb8, 0x50, 0x6d, 0xb8, 0x50, 0x6d,
0xc3, 0x4a, 0x73, 0xc3, 0x4a, 0x73, 0xca, 0x47, 0x73, 0xcb, 0x48, 0x74, 0xcc, 0x49, 0x75, 0xcd, 0x4a, 0x76, 0xcd, 0x4a, 0x76, 0xce, 0x4b, 0x77,
0xce, 0x4b, 0x77, 0xce, 0x4b, 0x77, 0xd1, 0x4e, 0x7a, 0xd2, 0x4f, 0x7b, 0xd5, 0x52, 0x7e, 0xd6, 0x53, 0x7f, 0xd1, 0x58, 0x81, 0xca, 0x51, 0x7a,
0xb1, 0x47, 0x66, 0xaf, 0x45, 0x64, 0xa1, 0x41, 0x5c, 0xa1, 0x41, 0x5c, 0xd5, 0x8f, 0xa6, 0xf7, 0xb1, 0xc8, 0xff, 0xd6, 0xea, 0xff, 0xe1, 0xf5,
0xff, 0xe8, 0xf8, 0xfe, 0xe1, 0xf1, 0xee, 0xdd, 0xeb, 0xea, 0xd9, 0xe7, 0xe6, 0xd0, 0xdf, 0xe6, 0xd0, 0xdf, 0xe7, 0xcf, 0xdd, 0xe6, 0xce, 0xdc,
0xe4, 0xcd, 0xd3, 0xe3, 0xcc, 0xd2, 0xe1, 0xcb, 0xcf, 0xe0, 0xca, 0xce, 0xcd, 0xb7, 0xbb, 0xea, 0xd4, 0xd8, 0xaa, 0x9b, 0x9e, 0x02, 0x00, 0x00,
0x75, 0x69, 0x6b, 0xff, 0xf7, 0xf9, 0xf7, 0xeb, 0xed, 0xf5, 0xe9, 0xeb, 0xf6, 0xea, 0xec, 0xf9, 0xed, 0xef, 0xfb, 0xef, 0xf1, 0xfd, 0xf1, 0xf3,
0xfd, 0xf1, 0xf3, 0xfb, 0xef, 0xf1, 0xf9, 0xed, 0xef, 0xfb, 0xef, 0xf1, 0xf8, 0xec, 0xee, 0xf1, 0xe5, 0xe7, 0xef, 0xe0, 0xe3, 0xef, 0xe0, 0xe3,
0xf8, 0xdf, 0xea, 0xf5, 0xdc, 0xe7, 0xfe, 0xd6, 0xe6, 0xfd, 0xd5, 0xe5, 0xfa, 0xd2, 0xe2, 0xf6, 0xce, 0xde, 0xf1, 0xc9, 0xd9, 0xce, 0xa6, 0xb6,
0xaa, 0x41, 0x5c, 0x9f, 0x36, 0x51, 0xaf, 0x3a, 0x57, 0xb3, 0x3e, 0x5b, 0xb7, 0x42, 0x5f, 0xc2, 0x4d, 0x6a, 0xca, 0x51, 0x6c, 0xca, 0x51, 0x6c,
0xd1, 0x4b, 0x6b, 0xd5, 0x4f, 0x6f, 0xd9, 0x4f, 0x6f, 0xdb, 0x51, 0x71, 0xdb, 0x51, 0x71, 0xdb, 0x51, 0x71, 0xd5, 0x52, 0x71, 0xd5, 0x52, 0x71,
0xcf, 0x53, 0x71, 0xc8, 0x4c, 0x6a, 0xc0, 0x4b, 0x68, 0xc0, 0x4b, 0x68, 0xb4, 0x3f, 0x5c, 0xb0, 0x3b, 0x58, 0xa9, 0x4e, 0x62, 0xae, 0x53, 0x67,
0xda, 0xa6, 0xb1, 0xf5, 0xc1, 0xcc, 0xfb, 0xe0, 0xe5, 0xf7, 0xdc, 0xe1, 0xef, 0xde, 0xe1, 0xef, 0xde, 0xe1, 0xf1, 0xdd, 0xe1, 0xf1, 0xdd, 0xe1,
0xf5, 0xdd, 0xdf, 0xf5, 0xdd, 0xdf, 0xf4, 0xd9, 0xde, 0xf3, 0xd8, 0xdd, 0xec, 0xd1, 0xd6, 0xec, 0xd1, 0xd6, 0xea, 0xd2, 0xd6, 0xe9, 0xd1, 0xd5,
0xdd, 0xcc, 0xcf, 0xd9, 0xc8, 0xcb, 0xe8, 0xdc, 0xde, 0xab, 0x9f, 0xa1, 0xeb, 0xdf, 0xe1, 0xef, 0xe3, 0xe5, 0xef, 0xe3, 0xe5, 0xf0, 0xe4, 0xe6,
0xf0, 0xe4, 0xe6, 0xf0, 0xe4, 0xe6, 0xf0, 0xe4, 0xe6, 0xf0, 0xe4, 0xe6, 0xef, 0xe3, 0xe5, 0xf0, 0xe4, 0xe6, 0xf1, 0xe5, 0xe5, 0xf1, 0xe5, 0xe5,
0xfa, 0xe5, 0xe4, 0xfa, 0xe5, 0xe4, 0xf1, 0xe6, 0xe3, 0xf1, 0xe6, 0xe3, 0xf0, 0xe5, 0xe2, 0xf2, 0xe7, 0xe4, 0xff, 0xe2, 0xe8, 0xff, 0xe2, 0xe8,
0xff, 0xd9, 0xe6, 0xe9, 0xbb, 0xc8, 0xd3, 0x8d, 0xa4, 0xb0, 0x6a, 0x81, 0xbe, 0x62, 0x7d, 0xb4, 0x58, 0x73, 0xba, 0x52, 0x6f, 0xb9, 0x51, 0x6e,
0xc2, 0x49, 0x72, 0xc2, 0x49, 0x72, 0xcb, 0x48, 0x74, 0xcc, 0x49, 0x75, 0xcc, 0x49, 0x75, 0xcd, 0x4a, 0x76, 0xcd, 0x4a, 0x76, 0xce, 0x4b, 0x77,
0xce, 0x4b, 0x77, 0xce, 0x4b, 0x77, 0xc8, 0x45, 0x71, 0xc6, 0x43, 0x6f, 0xc0, 0x3d, 0x69, 0xbe, 0x3b, 0x67, 0xb0, 0x37, 0x60, 0xb0, 0x37, 0x60,
0x9e, 0x34, 0x53, 0xb3, 0x49, 0x68, 0xd5, 0x75, 0x90, 0xea, 0x8a, 0xa5, 0xff, 0xc8, 0xdf, 0xff, 0xd5, 0xec, 0xff, 0xdf, 0xf3, 0xff, 0xe0, 0xf4,
0xfa, 0xdd, 0xed, 0xf0, 0xd3, 0xe3, 0xe0, 0xcf, 0xdd, 0xda, 0xc9, 0xd7, 0xe1, 0xcb, 0xda, 0xdf, 0xc9, 0xd8, 0xe0, 0xc8, 0xd6, 0xdf, 0xc7, 0xd5,
0xe3, 0xcc, 0xd2, 0xe2, 0xcb, 0xd1, 0xe1, 0xcb, 0xcf, 0xe0, 0xca, 0xce, 0xcb, 0xb5, 0xb9, 0xe8, 0xd2, 0xd6, 0xa8, 0x99, 0x9c, 0x00, 0x00, 0x00,
0x68, 0x5c, 0x5e, 0xfe, 0xf2, 0xf4, 0xf0, 0xe4, 0xe6, 0xf2, 0xe6, 0xe8, 0xf2, 0xe6, 0xe8, 0xf5, 0xe9, 0xeb, 0xf7, 0xeb, 0xed, 0xf9, 0xed, 0xef,
0xfb, 0xef, 0xf1, 0xf9, 0xed, 0xef, 0xf8, 0xec, 0xee, 0xfb, 0xef, 0xf1, 0xf8, 0xec, 0xee, 0xf1, 0xe5, 0xe7, 0xef, 0xe0, 0xe3, 0xef, 0xe0, 0xe3,
0xf6, 0xe0, 0xe4, 0xf5, 0xdf, 0xe3, 0xf7, 0xdf, 0xe3, 0xf7, 0xdf, 0xe3, 0xfe, 0xe6, 0xea, 0xff, 0xe7, 0xeb, 0xff, 0xe7, 0xed, 0xff, 0xe5, 0xeb,
0xdd, 0x94, 0xa2, 0xa7, 0x5e, 0x6c, 0xac, 0x57, 0x67, 0xa7, 0x52, 0x62, 0xa6, 0x51, 0x61, 0xa6, 0x51, 0x61, 0xaa, 0x50, 0x61, 0xaa, 0x50, 0x61,
0xb5, 0x4f, 0x62, 0xb6, 0x50, 0x63, 0xba, 0x4f, 0x63, 0xba, 0x4f, 0x63, 0xba, 0x4f, 0x63, 0xba, 0x4f, 0x63, 0xb4, 0x50, 0x63, 0xb4, 0x50, 0x63,
0xae, 0x52, 0x63, 0xae, 0x52, 0x63, 0xa8, 0x53, 0x63, 0xa8, 0x53, 0x63, 0x98, 0x43, 0x53, 0xbd, 0x68, 0x78, 0xf6, 0xb3, 0xbe, 0xff, 0xd2, 0xdd,
0xff, 0xe0, 0xe1, 0xfb, 0xdc, 0xdd, 0xea, 0xdd, 0xd9, 0xe8, 0xdb, 0xd7, 0xe6, 0xd9, 0xd5, 0xe6, 0xd9, 0xd5, 0xe9, 0xd6, 0xd5, 0xe9, 0xd6, 0xd5,
0xed, 0xd6, 0xd5, 0xed, 0xd6, 0xd5, 0xef, 0xd2, 0xd5, 0xef, 0xd2, 0xd5, 0xea, 0xcd, 0xd0, 0xea, 0xcd, 0xd0, 0xe6, 0xce, 0xd0, 0xe6, 0xce, 0xd0,
0xdc, 0xcb, 0xce, 0xe0, 0xcf, 0xd2, 0xed, 0xe1, 0xe3, 0xa4, 0x98, 0x9a, 0xee, 0xe2, 0xe4, 0xf0, 0xe4, 0xe6, 0xf1, 0xe5, 0xe7, 0xeb, 0xdf, 0xe1,
0xef, 0xe3, 0xe5, 0xf0, 0xe4, 0xe6, 0xef, 0xe3, 0xe5, 0xef, 0xe3, 0xe5, 0xef, 0xe3, 0xe5, 0xf0, 0xe4, 0xe6, 0xf1, 0xe5, 0xe5, 0xf1, 0xe5, 0xe5,
0xf2, 0xe8, 0xe3, 0xf2, 0xe8, 0xe3, 0xf1, 0xe8, 0xe0, 0xf1, 0xe8, 0xe0, 0xf1, 0xe8, 0xe0, 0xf2, 0xe9, 0xe1, 0xf3, 0xe4, 0xe5, 0xfb, 0xec, 0xed,
0xff, 0xeb, 0xf4, 0xff, 0xe7, 0xf0, 0xf8, 0xcc, 0xdf, 0xdb, 0xaf, 0xc2, 0xb4, 0x6c, 0x83, 0xa3, 0x5b, 0x72, 0x88, 0x36, 0x4f, 0x77, 0x25, 0x3e,
0xac, 0x50, 0x6b, 0xac, 0x50, 0x6b, 0xb3, 0x50, 0x6c, 0xb4, 0x51, 0x6d, 0xb4, 0x51, 0x6d, 0xb5, 0x52, 0x6e, 0xb5, 0x52, 0x6e, 0xb6, 0x53, 0x6f,
0xb6, 0x53, 0x6f, 0xb6, 0x53, 0x6f, 0xb0, 0x4d, 0x69, 0xae, 0x4b, 0x67, 0xa8, 0x45, 0x61, 0xa6, 0x43, 0x5f, 0x9a, 0x3e, 0x59, 0x9a, 0x3e, 0x59,
0xc7, 0x77, 0x90, 0xdc, 0x8c, 0xa5, 0xfe, 0xb8, 0xcf, 0xff, 0xcd, 0xe4, 0xff, 0xd1, 0xe5, 0xff, 0xcd, 0xe1, 0xf4, 0xcd, 0xdf, 0xf3, 0xcc, 0xde,
0xe9, 0xcc, 0xdc, 0xe5, 0xc8, 0xd8, 0xe2, 0xc9, 0xd9, 0xe0, 0xc7, 0xd7, 0xe1, 0xc8, 0xd8, 0xe0, 0xc7, 0xd7, 0xe0, 0xc8, 0xd6, 0xdf, 0xc7, 0xd5,
0xe2, 0xcb, 0xd1, 0xe1, 0xca, 0xd0, 0xe0, 0xca, 0xce, 0xe0, 0xca, 0xce, 0xcb, 0xb5, 0xb9, 0xe1, 0xcb, 0xcf, 0xa1, 0x92, 0x95, 0x00, 0x00, 0x00,
0x65, 0x59, 0x5b, 0xfe, 0xf2, 0xf4, 0xea, 0xde, 0xe0, 0xf2, 0xe6, 0xe8, 0xf1, 0xe5, 0xe7, 0xf4, 0xe8, 0xea, 0xf6, 0xea, 0xec, 0xf8, 0xec, 0xee,
0xfb, 0xef, 0xf1, 0xf9, 0xed, 0xef, 0xf8, 0xec, 0xee, 0xfb, 0xef, 0xf1, 0xf8, 0xec, 0xee, 0xf1, 0xe5, 0xe7, 0xef, 0xe0, 0xe3, 0xef, 0xe0, 0xe3,
0xf5, 0xdf, 0xe3, 0xf5, 0xdf, 0xe3, 0xf9, 0xe1, 0xe5, 0xfb, 0xe3, 0xe7, 0xfe, 0xe6, 0xea, 0xff, 0xe7, 0xeb, 0xff, 0xe9, 0xef, 0xff, 0xe9, 0xef,
0xff, 0xf7, 0xff, 0xff, 0xbf, 0xcd, 0xdc, 0x87, 0x97, 0xd1, 0x7c, 0x8c, 0xbf, 0x6a, 0x7a, 0xb1, 0x5c, 0x6c, 0xa5, 0x4b, 0x5c, 0xa5, 0x4b, 0x5c,
0xaf, 0x49, 0x5c, 0xaf, 0x49, 0x5c, 0xb3, 0x48, 0x5c, 0xb3, 0x48, 0x5c, 0xb3, 0x48, 0x5c, 0xb3, 0x48, 0x5c, 0xad, 0x49, 0x5c, 0xad, 0x49, 0x5c,
0xa7, 0x4b, 0x5c, 0xa7, 0x4b, 0x5c, 0xa1, 0x4c, 0x5c, 0xa1, 0x4c, 0x5c, 0xff, 0xce, 0xde, 0xff, 0xc9, 0xd9, 0xff, 0xca, 0xd5, 0xff, 0xca, 0xd5,
0xf1, 0xd2, 0xd3, 0xf2, 0xd3, 0xd4, 0xe3, 0xd6, 0xd2, 0xe3, 0xd6, 0xd2, 0xe2, 0xd5, 0xd1, 0xe1, 0xd4, 0xd0, 0xe5, 0xd2, 0xd1, 0xe5, 0xd2, 0xd1,
0xe9, 0xd2, 0xd1, 0xe9, 0xd2, 0xd1, 0xea, 0xcd, 0xd0, 0xea, 0xcd, 0xd0, 0xe8, 0xcb, 0xce, 0xe8, 0xcb, 0xce, 0xe4, 0xcc, 0xce, 0xe4, 0xcc, 0xce,
0xda, 0xc9, 0xcc, 0xe3, 0xd2, 0xd5, 0xed, 0xe1, 0xe3, 0xa3, 0x97, 0x99, 0xee, 0xe2, 0xe4, 0xf0, 0xe4, 0xe6, 0xf5, 0xe9, 0xeb, 0xe9, 0xdd, 0xdf,
0xef, 0xe3, 0xe5, 0xf0, 0xe4, 0xe6, 0xef, 0xe3, 0xe5, 0xef, 0xe3, 0xe5, 0xef, 0xe3, 0xe5, 0xf0, 0xe4, 0xe6, 0xf1, 0xe5, 0xe5, 0xf1, 0xe5, 0xe5,
0xf2, 0xe8, 0xe3, 0xf2, 0xe8, 0xe3, 0xf2, 0xe9, 0xe1, 0xf2, 0xe9, 0xe1, 0xf2, 0xe9, 0xe1, 0xf2, 0xe9, 0xe1, 0xf2, 0xe3, 0xe4, 0xed, 0xde, 0xdf,
0xf1, 0xd9, 0xe2, 0xf8, 0xe0, 0xe9, 0xff, 0xec, 0xff, 0xff, 0xf6, 0xff, 0xff, 0xc3, 0xda, 0xf4, 0xac, 0xc3, 0xcc, 0x7a, 0x93, 0xb4, 0x62, 0x7b,
0xac, 0x50, 0x6b, 0xac, 0x50, 0x6b, 0xb3, 0x50, 0x6c, 0xb4, 0x51, 0x6d, 0xb4, 0x51, 0x6d, 0xb5, 0x52, 0x6e, 0xb5, 0x52, 0x6e, 0xb6, 0x53, 0x6f,
0xb6, 0x53, 0x6f, 0xb6, 0x53, 0x6f, 0xb9, 0x56, 0x72, 0xba, 0x57, 0x73, 0xbd, 0x5a, 0x76, 0xbe, 0x5b, 0x77, 0xbb, 0x5f, 0x7a, 0xbb, 0x5f, 0x7a,
0xff, 0xc0, 0xd9, 0xff, 0xc0, 0xd9, 0xff, 0xc0, 0xd7, 0xff, 0xc3, 0xda, 0xf7, 0xc2, 0xd6, 0xf9, 0xc4, 0xd8, 0xed, 0xc6, 0xd8, 0xed, 0xc6, 0xd8,
0xe4, 0xc7, 0xd7, 0xe4, 0xc7, 0xd7, 0xe0, 0xc7, 0xd7, 0xe0, 0xc7, 0xd7, 0xe0, 0xc7, 0xd7, 0xe0, 0xc7, 0xd7, 0xe0, 0xc8, 0xd6, 0xdf, 0xc7, 0xd5,
0xe1, 0xca, 0xd0, 0xe1, 0xca, 0xd0, 0xe0, 0xca, 0xce, 0xe0, 0xca, 0xce, 0xcd, 0xb7, 0xbb, 0xe1, 0xcb, 0xcf, 0xa1, 0x92, 0x95, 0x02, 0x00, 0x00,
0x30, 0x24, 0x26, 0xf6, 0xea, 0xec, 0xe7, 0xdb, 0xdd, 0xff, 0xff, 0xff, 0xee, 0xe2, 0xe4, 0xef, 0xe3, 0xe5, 0xf4, 0xe8, 0xea, 0xf6, 0xea, 0xec,
0xf8, 0xec, 0xee, 0xf7, 0xeb, 0xed, 0xf8, 0xec, 0xee, 0xfb, 0xef, 0xf1, 0xf8, 0xec, 0xee, 0xf1, 0xe5, 0xe7, 0xef, 0xe0, 0xe3, 0xef, 0xe0, 0xe3,
0xf5, 0xdf, 0xe3, 0xf5, 0xdf, 0xe3, 0xf9, 0xe1, 0xe5, 0xfa, 0xe2, 0xe6, 0xfc, 0xe4, 0xe8, 0xfe, 0xe6, 0xea, 0xff, 0xe6, 0xeb, 0xff, 0xe6, 0xeb,
0xf9, 0xdd, 0xe4, 0xf9, 0xdd, 0xe4, 0xf4, 0xd6, 0xdd, 0xf1, 0xd3, 0xda, 0xdf, 0xc1, 0xc8, 0xdc, 0xbe, 0xc5, 0xd9, 0xb6, 0xbe, 0xce, 0xab, 0xb3,
0xbf, 0x90, 0x9a, 0xb4, 0x85, 0x8f, 0xb8, 0x84, 0x8f, 0xb8, 0x84, 0x8f, 0xb8, 0x84, 0x8f, 0xb8, 0x84, 0x8f, 0xb2, 0x85, 0x8f, 0xb2, 0x85, 0x8f,
0xc6, 0xa1, 0xa9, 0xdb, 0xb6, 0xbe, 0xea, 0xcc, 0xd3, 0xef, 0xd1, 0xd8, 0xef, 0xd1, 0xd8, 0xef, 0xd1, 0xd8, 0xed, 0xd2, 0xd7, 0xed, 0xd2, 0xd7,
0xe7, 0xd4, 0xd3, 0xe8, 0xd5, 0xd4, 0xe2, 0xd5, 0xd1, 0xe3, 0xd6, 0xd2, 0xdf, 0xd2, 0xce, 0xde, 0xd1, 0xcd, 0xe0, 0xcd, 0xcc, 0xdf, 0xcc, 0xcb,
0xe3, 0xcc, 0xcb, 0xe3, 0xcc, 0xcb, 0xe7, 0xca, 0xcd, 0xe7, 0xca, 0xcd, 0xe7, 0xca, 0xcd, 0xe6, 0xc9, 0xcc, 0xe2, 0xca, 0xcc, 0xe2, 0xca, 0xcc,
0xda, 0xc9, 0xcc, 0xf8, 0xe7, 0xea, 0xf0, 0xe4, 0xe6, 0x53, 0x47, 0x49, 0xa8, 0x9c, 0x9e, 0xff, 0xff, 0xff, 0xf5, 0xe9, 0xeb, 0xe7, 0xdb, 0xdd,
0xee, 0xe2, 0xe4, 0xef, 0xe3, 0xe5, 0xef, 0xe3, 0xe5, 0xef, 0xe3, 0xe5, 0xef, 0xe3, 0xe5, 0xf0, 0xe4, 0xe6, 0xf0, 0xe4, 0xe4, 0xf0, 0xe4, 0xe4,
0xf1, 0xe7, 0xe2, 0xf1, 0xe7, 0xe2, 0xf1, 0xe8, 0xe0, 0xf1, 0xe8, 0xe0, 0xf2, 0xe9, 0xe1, 0xf2, 0xe9, 0xe1, 0xea, 0xe5, 0xe4, 0xec, 0xe7, 0xe6,
0xec, 0xe5, 0xeb, 0xe9, 0xe2, 0xe8, 0xf2, 0xe1, 0xef, 0xf2, 0xe1, 0xef, 0xff, 0xdc, 0xef, 0xff, 0xdc, 0xef, 0xff, 0xdb, 0xef, 0xfc, 0xcb, 0xdf,
0xd9, 0xad, 0xc0, 0xc8, 0x9c, 0xaf, 0xc1, 0x95, 0xa8, 0xbf, 0x93, 0xa6, 0xac, 0x80, 0x93, 0xaa, 0x7e, 0x91, 0xa7, 0x7b, 0x8e, 0xa3, 0x77, 0x8a,
0xa3, 0x77, 0x8a, 0xa3, 0x77, 0x8a, 0xa3, 0x77, 0x8a, 0xa3, 0x77, 0x8a, 0xe3, 0xb7, 0xca, 0xf8, 0xcc, 0xdf, 0xff, 0xe2, 0xf4, 0xff, 0xdc, 0xee,
0xeb, 0xd0, 0xe0, 0xe4, 0xc9, 0xd9, 0xe3, 0xca, 0xda, 0xe0, 0xc7, 0xd7, 0xf0, 0xc7, 0xd9, 0xee, 0xc5, 0xd7, 0xeb, 0xc4, 0xd6, 0xeb, 0xc4, 0xd6,
0xea, 0xc5, 0xd7, 0xea, 0xc5, 0xd7, 0xe0, 0xc7, 0xd7, 0xe0, 0xc7, 0xd7, 0xe0, 0xc7, 0xd7, 0xe0, 0xc7, 0xd7, 0xe0, 0xc8, 0xd6, 0xdf, 0xc7, 0xd5,
0xe1, 0xca, 0xd0, 0xe1, 0xca, 0xd0, 0xe0, 0xca, 0xce, 0xe0, 0xca, 0xce, 0xdb, 0xc5, 0xc9, 0xff, 0xff, 0xff, 0x75, 0x66, 0x69, 0x08, 0x00, 0x00,
0x29, 0x1d, 0x1f, 0xdc, 0xd0, 0xd2, 0xe8, 0xdc, 0xde, 0xff, 0xfa, 0xfc, 0xea, 0xde, 0xe0, 0xed, 0xe1, 0xe3, 0xf0, 0xe4, 0xe6, 0xf2, 0xe6, 0xe8,
0xf6, 0xea, 0xec, 0xf5, 0xe9, 0xeb, 0xf6, 0xea, 0xec, 0xf8, 0xec, 0xee, 0xf7, 0xeb, 0xed, 0xf0, 0xe4, 0xe6, 0xef, 0xe0, 0xe3, 0xef, 0xe0, 0xe3,
0xf5, 0xdf, 0xe3, 0xf5, 0xdf, 0xe3, 0xf8, 0xe0, 0xe4, 0xf8, 0xe0, 0xe4, 0xf9, 0xe1, 0xe5, 0xf9, 0xe1, 0xe5, 0xfc, 0xe1, 0xe6, 0xfc, 0xe1, 0xe6,
0xf9, 0xdd, 0xe4, 0xf9, 0xdd, 0xe4, 0xfb, 0xdd, 0xe4, 0xfb, 0xdd, 0xe4, 0xfe, 0xe0, 0xe7, 0xff, 0xe1, 0xe8, 0xff, 0xe0, 0xe8, 0xf8, 0xd5, 0xdd,
0xf9, 0xca, 0xd4, 0xff, 0xdb, 0xe5, 0xff, 0xd9, 0xe4, 0xff, 0xd9, 0xe4, 0xff, 0xd9, 0xe4, 0xff, 0xd9, 0xe4, 0xff, 0xd5, 0xdf, 0xff, 0xd3, 0xdd,
0xf7, 0xd2, 0xda, 0xfa, 0xd5, 0xdd, 0xf5, 0xd7, 0xde, 0xf7, 0xd9, 0xe0, 0xf7, 0xd9, 0xe0, 0xf7, 0xd9, 0xe0, 0xf5, 0xda, 0xdf, 0xf5, 0xda, 0xdf,
0xef, 0xdc, 0xdb, 0xef, 0xdc, 0xdb, 0xe8, 0xdb, 0xd7, 0xe6, 0xd9, 0xd5, 0xe3, 0xd6, 0xd2, 0xe2, 0xd5, 0xd1, 0xe3, 0xd0, 0xcf, 0xe2, 0xcf, 0xce,
0xe6, 0xcf, 0xce, 0xe6, 0xcf, 0xce, 0xea, 0xcd, 0xd0, 0xea, 0xcd, 0xd0, 0xea, 0xcd, 0xd0, 0xea, 0xcd, 0xd0, 0xe6, 0xce, 0xd0, 0xe6, 0xce, 0xd0,
0xde, 0xcd, 0xd0, 0xf5, 0xe4, 0xe7, 0xdd, 0xd1, 0xd3, 0x3c, 0x30, 0x32, 0x91, 0x85, 0x87, 0xff, 0xf4, 0xf6, 0xf1, 0xe5, 0xe7, 0xe9, 0xdd, 0xdf,
0xeb, 0xdf, 0xe1, 0xee, 0xe2, 0xe4, 0xed, 0xe1, 0xe3, 0xee, 0xe2, 0xe4, 0xee, 0xe2, 0xe4, 0xef, 0xe3, 0xe5, 0xef, 0xe3, 0xe3, 0xef, 0xe3, 0xe3,
0xf1, 0xe7, 0xe2, 0xf1, 0xe7, 0xe2, 0xf1, 0xe8, 0xe0, 0xf1, 0xe8, 0xe0, 0xf2, 0xe9, 0xe1, 0xf2, 0xe9, 0xe1, 0xeb, 0xe6, 0xe5, 0xec, 0xe7, 0xe6,
0xec, 0xe5, 0xeb, 0xeb, 0xe4, 0xea, 0xf2, 0xe1, 0xef, 0xf2, 0xe1, 0xef, 0xff, 0xdc, 0xef, 0xff, 0xdc, 0xef, 0xff, 0xdd, 0xf1, 0xff, 0xd8, 0xec,
0xfe, 0xd2, 0xe5, 0xfa, 0xce, 0xe1, 0xf6, 0xca, 0xdd, 0xff, 0xde, 0xf1, 0xff, 0xd5, 0xe8, 0xff, 0xd3, 0xe6, 0xfc, 0xd0, 0xe3, 0xf8, 0xcc, 0xdf,
0xf8, 0xcc, 0xdf, 0xf8, 0xcc, 0xdf, 0xfa, 0xce, 0xe1, 0xe7, 0xbb, 0xce, 0xf8, 0xcc, 0xdf, 0xff, 0xd3, 0xe6, 0xff, 0xe2, 0xf4, 0xff, 0xdc, 0xee,
0xeb, 0xd0, 0xe0, 0xe7, 0xcc, 0xdc, 0xe5, 0xcc, 0xdc, 0xe3, 0xca, 0xda, 0xf1, 0xc8, 0xda, 0xf0, 0xc7, 0xd9, 0xed, 0xc6, 0xd8, 0xed, 0xc6, 0xd8,
0xeb, 0xc6, 0xd8, 0xeb, 0xc6, 0xd8, 0xe1, 0xc8, 0xd8, 0xe1, 0xc8, 0xd8, 0xe1, 0xc8, 0xd8, 0xe1, 0xc8, 0xd8, 0xe1, 0xc9, 0xd7, 0xe0, 0xc8, 0xd6,
0xe2, 0xcb, 0xd1, 0xe1, 0xca, 0xd0, 0xe1, 0xcb, 0xcf, 0xe1, 0xcb, 0xcf, 0xdd, 0xc7, 0xcb, 0xff, 0xf4, 0xf8, 0x61, 0x52, 0x55, 0x0c, 0x00, 0x00,
0x17, 0x0b, 0x0d, 0xa8, 0x9c, 0x9e, 0xe8, 0xdc, 0xde, 0xe6, 0xda, 0xdc, 0xe9, 0xdd, 0xdf, 0xea, 0xde, 0xe0, 0xee, 0xe2, 0xe4, 0xf0, 0xe4, 0xe6,
0xf4, 0xe8, 0xea, 0xf4, 0xe8, 0xea, 0xf4, 0xe8, 0xea, 0xf7, 0xeb, 0xed, 0xf5, 0xe9, 0xeb, 0xf0, 0xe4, 0xe6, 0xef, 0xe0, 0xe3, 0xef, 0xe0, 0xe3,
0xf3, 0xdf, 0xe3, 0xf3, 0xdf, 0xe3, 0xf5, 0xdf, 0xe3, 0xf5, 0xdf, 0xe3, 0xf5, 0xdf, 0xe3, 0xf5, 0xdf, 0xe3, 0xf6, 0xe0, 0xe4, 0xf6, 0xe0, 0xe4,
0xf3, 0xde, 0xe4, 0xf3, 0xde, 0xe4, 0xe7, 0xe3, 0xe6, 0xe8, 0xe4, 0xe7, 0xf6, 0xf2, 0xf5, 0xf8, 0xf4, 0xf7, 0xff, 0xfa, 0xfe, 0xf1, 0xe8, 0xec,
0xf8, 0xe3, 0xe9, 0xf3, 0xde, 0xe4, 0xf7, 0xde, 0xe4, 0xf7, 0xde, 0xe4, 0xf7, 0xde, 0xe4, 0xf7, 0xde, 0xe4, 0xef, 0xdd, 0xe2, 0xee, 0xdc, 0xe1,
0xe7, 0xdc, 0xe0, 0xeb, 0xe0, 0xe4, 0xe3, 0xdf, 0xe2, 0xe5, 0xe1, 0xe4, 0xe3, 0xdf, 0xe2, 0xe3, 0xdf, 0xe2, 0xf1, 0xdd, 0xe1, 0xf1, 0xdd, 0xe1,
0xf1, 0xdd, 0xdf, 0xf1, 0xdd, 0xdf, 0xec, 0xdc, 0xda, 0xeb, 0xdb, 0xd9, 0xe7, 0xd7, 0xd5, 0xe5, 0xd5, 0xd3, 0xe6, 0xd2, 0xd4, 0xe5, 0xd1, 0xd3,
0xe9, 0xd1, 0xd3, 0xe9, 0xd1, 0xd3, 0xeb, 0xd0, 0xd3, 0xeb, 0xd0, 0xd3, 0xeb, 0xd0, 0xd3, 0xeb, 0xd0, 0xd3, 0xe9, 0xd1, 0xd3, 0xe9, 0xd1, 0xd3,
0xe0, 0xcf, 0xd2, 0xf5, 0xe4, 0xe7, 0xba, 0xae, 0xb0, 0x0c, 0x00, 0x02, 0x60, 0x54, 0x56, 0xdd, 0xd1, 0xd3, 0xee, 0xe2, 0xe4, 0xea, 0xde, 0xe0,
0xea, 0xde, 0xe0, 0xeb, 0xdf, 0xe1, 0xeb, 0xdf, 0xe1, 0xed, 0xe1, 0xe3, 0xed, 0xe1, 0xe3, 0xee, 0xe2, 0xe4, 0xef, 0xe3, 0xe3, 0xef, 0xe3, 0xe3,
0xf0, 0xe5, 0xe2, 0xf0, 0xe5, 0xe2, 0xf0, 0xe6, 0xe1, 0xf1, 0xe7, 0xe2, 0xf1, 0xe7, 0xe2, 0xf1, 0xe7, 0xe2, 0xeb, 0xe6, 0xe5, 0xec, 0xe7, 0xe6,
0xec, 0xe5, 0xeb, 0xec, 0xe5, 0xeb, 0xf0, 0xe2, 0xee, 0xf0, 0xe2, 0xee, 0xff, 0xdf, 0xee, 0xff, 0xdf, 0xee, 0xff, 0xde, 0xee, 0xff, 0xde, 0xee,
0xf4, 0xe1, 0xee, 0xf4, 0xe1, 0xee, 0xf0, 0xe0, 0xec, 0xe6, 0xd6, 0xe2, 0xe4, 0xd4, 0xe0, 0xe3, 0xd3, 0xdf, 0xe2, 0xd2, 0xde, 0xe2, 0xd2, 0xde,
0xe2, 0xd2, 0xde, 0xe2, 0xd2, 0xde, 0xe2, 0xd2, 0xde, 0xe9, 0xd9, 0xe5, 0xe8, 0xd8, 0xe4, 0xe9, 0xd9, 0xe5, 0xe5, 0xd7, 0xe3, 0xe4, 0xd6, 0xe2,
0xd6, 0xd5, 0xdf, 0xd4, 0xd3, 0xdd, 0xe2, 0xcf, 0xdc, 0xe2, 0xcf, 0xdc, 0xf0, 0xcc, 0xdc, 0xef, 0xcb, 0xdb, 0xef, 0xc9, 0xd9, 0xee, 0xc8, 0xd8,
0xe9, 0xc8, 0xd7, 0xe9, 0xc8, 0xd7, 0xe3, 0xc9, 0xd7, 0xe3, 0xc9, 0xd7, 0xe3, 0xc9, 0xd7, 0xe3, 0xc9, 0xd7, 0xe3, 0xca, 0xd5, 0xe3, 0xca, 0xd5,
0xe0, 0xcb, 0xd1, 0xe0, 0xcb, 0xd1, 0xdf, 0xcb, 0xcf, 0xdf, 0xcb, 0xcf, 0xe0, 0xcc, 0xd0, 0xde, 0xca, 0xce, 0x37, 0x28, 0x2b, 0x0e, 0x00, 0x02,
0x16, 0x0a, 0x0c, 0x8d, 0x81, 0x83, 0xea, 0xde, 0xe0, 0xce, 0xc2, 0xc4, 0xe9, 0xdd, 0xdf, 0xea, 0xde, 0xe0, 0xee, 0xe2, 0xe4, 0xef, 0xe3, 0xe5,
0xf1, 0xe5, 0xe7, 0xf1, 0xe5, 0xe7, 0xf2, 0xe6, 0xe8, 0xf5, 0xe9, 0xeb, 0xf4, 0xe8, 0xea, 0xef, 0xe3, 0xe5, 0xed, 0xde, 0xe1, 0xed, 0xde, 0xe1,
0xf1, 0xdd, 0xe1, 0xf1, 0xdd, 0xe1, 0xf3, 0xdd, 0xe1, 0xf5, 0xdf, 0xe3, 0xf5, 0xdf, 0xe3, 0xf5, 0xdf, 0xe3, 0xf5, 0xdf, 0xe3, 0xf5, 0xdf, 0xe3,
0xf1, 0xdc, 0xe2, 0xf1, 0xdc, 0xe2, 0xe6, 0xe2, 0xe5, 0xe7, 0xe3, 0xe6, 0xe7, 0xe3, 0xe6, 0xea, 0xe6, 0xe9, 0xf1, 0xe8, 0xec, 0xf0, 0xe7, 0xeb,
0xf7, 0xe2, 0xe8, 0xff, 0xee, 0xf4, 0xff, 0xef, 0xf5, 0xff, 0xf1, 0xf7, 0xff, 0xf1, 0xf7, 0xff, 0xf1, 0xf7, 0xff, 0xee, 0xf3, 0xff, 0xed, 0xf2,
0xf4, 0xe9, 0xed, 0xec, 0xe1, 0xe5, 0xe3, 0xdf, 0xe2, 0xe5, 0xe1, 0xe4, 0xe2, 0xde, 0xe1, 0xe2, 0xde, 0xe1, 0xef, 0xdb, 0xdf, 0xef, 0xdb, 0xdf,
0xf0, 0xdc, 0xde, 0xf0, 0xdc, 0xde, 0xeb, 0xdb, 0xd9, 0xea, 0xda, 0xd8, 0xe7, 0xd7, 0xd5, 0xe5, 0xd5, 0xd3, 0xe6, 0xd2, 0xd4, 0xe6, 0xd2, 0xd4,
0xea, 0xd2, 0xd4, 0xea, 0xd2, 0xd4, 0xec, 0xd1, 0xd4, 0xec, 0xd1, 0xd4, 0xec, 0xd1, 0xd4, 0xec, 0xd1, 0xd4, 0xea, 0xd2, 0xd4, 0xea, 0xd2, 0xd4,
0xdf, 0xce, 0xd1, 0xf1, 0xe0, 0xe3, 0xaa, 0x9e, 0xa0, 0x00, 0x00, 0x00, 0x47, 0x3b, 0x3d, 0xcd, 0xc1, 0xc3, 0xeb, 0xdf, 0xe1, 0xe9, 0xdd, 0xdf,
0xe9, 0xdd, 0xdf, 0xea, 0xde, 0xe0, 0xea, 0xde, 0xe0, 0xeb, 0xdf, 0xe1, 0xeb, 0xdf, 0xe1, 0xed, 0xe1, 0xe3, 0xee, 0xe2, 0xe2, 0xee, 0xe2, 0xe2,
0xf0, 0xe5, 0xe2, 0xf0, 0xe5, 0xe2, 0xf0, 0xe6, 0xe1, 0xf0, 0xe6, 0xe1, 0xf1, 0xe7, 0xe2, 0xf1, 0xe7, 0xe2, 0xeb, 0xe6, 0xe5, 0xeb, 0xe6, 0xe5,
0xec, 0xe5, 0xeb, 0xec, 0xe5, 0xeb, 0xf0, 0xe2, 0xee, 0xf0, 0xe2, 0xee, 0xff, 0xdf, 0xee, 0xff, 0xdf, 0xee, 0xff, 0xde, 0xee, 0xff, 0xde, 0xee,
0xf3, 0xe0, 0xed, 0xf2, 0xdf, 0xec, 0xef, 0xdf, 0xeb, 0xf4, 0xe4, 0xf0, 0xf4, 0xe4, 0xf0, 0xf5, 0xe5, 0xf1, 0xf5, 0xe5, 0xf1, 0xf6, 0xe6, 0xf2,
0xf6, 0xe6, 0xf2, 0xf6, 0xe6, 0xf2, 0xf0, 0xe0, 0xec, 0xe9, 0xd9, 0xe5, 0xe8, 0xd8, 0xe4, 0xe8, 0xd8, 0xe4, 0xe4, 0xd6, 0xe2, 0xe2, 0xd4, 0xe0,
0xd7, 0xd6, 0xe0, 0xd6, 0xd5, 0xdf, 0xe4, 0xd1, 0xde, 0xe3, 0xd0, 0xdd, 0xf1, 0xcd, 0xdd, 0xf0, 0xcc, 0xdc, 0xef, 0xc9, 0xd9, 0xef, 0xc9, 0xd9,
0xe9, 0xc8, 0xd7, 0xe8, 0xc7, 0xd6, 0xe2, 0xc8, 0xd6, 0xe2, 0xc8, 0xd6, 0xe3, 0xc9, 0xd7, 0xe3, 0xc9, 0xd7, 0xe3, 0xca, 0xd5, 0xe3, 0xca, 0xd5,
0xe0, 0xcb, 0xd1, 0xe0, 0xcb, 0xd1, 0xdf, 0xcb, 0xcf, 0xdf, 0xcb, 0xcf, 0xe2, 0xce, 0xd2, 0xc9, 0xb5, 0xb9, 0x22, 0x13, 0x16, 0x0e, 0x00, 0x02,
0x19, 0x0d, 0x0f, 0x36, 0x2a, 0x2c, 0xe4, 0xd8, 0xda, 0xe9, 0xdd, 0xdf, 0xea, 0xde, 0xe0, 0xea, 0xde, 0xe0, 0xeb, 0xdf, 0xe1, 0xed, 0xe1, 0xe3,
0xef, 0xe3, 0xe5, 0xef, 0xe3, 0xe5, 0xef, 0xe3, 0xe5, 0xf0, 0xe4, 0xe6, 0xf0, 0xe4, 0xe6, 0xed, 0xe1, 0xe3, 0xeb, 0xdf, 0xe1, 0xeb, 0xdf, 0xe1,
0xed, 0xde, 0xe1, 0xed, 0xde, 0xe1, 0xed, 0xde, 0xe1, 0xed, 0xde, 0xe1, 0xed, 0xde, 0xe1, 0xed, 0xde, 0xe1, 0xef, 0xde, 0xe1, 0xef, 0xde, 0xe1,
0xef, 0xde, 0xe1, 0xef, 0xde, 0xe1, 0xed, 0xe1, 0xe3, 0xed, 0xe1, 0xe3, 0xea, 0xde, 0xe0, 0xeb, 0xdf, 0xe1, 0xed, 0xde, 0xe1, 0xed, 0xde, 0xe1,
0xf6, 0xe2, 0xe6, 0xf1, 0xdd, 0xe1, 0xf2, 0xdc, 0xe0, 0xf2, 0xdc, 0xe0, 0xf2, 0xdc, 0xe0, 0xf2, 0xdc, 0xe0, 0xf2, 0xdc, 0xe0, 0xf2, 0xdc, 0xe0,
0xf2, 0xdc, 0xe0, 0xf5, 0xdf, 0xe3, 0xf3, 0xdd, 0xe1, 0xf2, 0xdc, 0xe0, 0xf0, 0xda, 0xde, 0xef, 0xd9, 0xdd, 0xec, 0xd6, 0xda, 0xeb, 0xd5, 0xd9,
0xef, 0xd9, 0xdd, 0xef, 0xd9, 0xdd, 0xea, 0xd6, 0xd8, 0xe9, 0xd5, 0xd7, 0xe8, 0xd4, 0xd6, 0xe7, 0xd3, 0xd5, 0xe8, 0xd2, 0xd6, 0xe8, 0xd2, 0xd6,
0xe8, 0xd2, 0xd6, 0xe8, 0xd2, 0xd6, 0xea, 0xd2, 0xd6, 0xea, 0xd2, 0xd6, 0xea, 0xd2, 0xd6, 0xe9, 0xd1, 0xd5, 0xe5, 0xcf, 0xd3, 0xe2, 0xcc, 0xd0,
0xdc, 0xcd, 0xd0, 0xcc, 0xbd, 0xc0, 0x5d, 0x51, 0x53, 0x01, 0x00, 0x00, 0x00, 0x00, 0x00, 0xb7, 0xab, 0xad, 0xeb, 0xdf, 0xe1, 0xe7, 0xdb, 0xdd,
0xe6, 0xda, 0xdc, 0xe7, 0xdb, 0xdd, 0xe8, 0xdc, 0xde, 0xea, 0xde, 0xe0, 0xe9, 0xdd, 0xdf, 0xea, 0xde, 0xe0, 0xeb, 0xdf, 0xe1, 0xed, 0xe1, 0xe3,
0xef, 0xe3, 0xe3, 0xef, 0xe3, 0xe3, 0xef, 0xe3, 0xe3, 0xf0, 0xe4, 0xe4, 0xf0, 0xe4, 0xe4, 0xf0, 0xe4, 0xe4, 0xef, 0xe5, 0xe7, 0xef, 0xe5, 0xe7,
0xef, 0xe4, 0xe8, 0xef, 0xe4, 0xe8, 0xf1, 0xe4, 0xe8, 0xf1, 0xe4, 0xe8, 0xf8, 0xe3, 0xe9, 0xf8, 0xe3, 0xe9, 0xf6, 0xe4, 0xe9, 0xf6, 0xe4, 0xe9,
0xf2, 0xe2, 0xe7, 0xf2, 0xe2, 0xe7, 0xef, 0xe2, 0xe6, 0xef, 0xe2, 0xe6, 0xee, 0xe1, 0xe5, 0xed, 0xe0, 0xe4, 0xed, 0xe0, 0xe4, 0xed, 0xe0, 0xe4,
0xed, 0xe0, 0xe4, 0xed, 0xe0, 0xe4, 0xed, 0xe0, 0xe4, 0xea, 0xdd, 0xe1, 0xe9, 0xdc, 0xe0, 0xe8, 0xdb, 0xdf, 0xea, 0xda, 0xdf, 0xeb, 0xdb, 0xe0,
0xef, 0xd8, 0xde, 0xef, 0xd8, 0xde, 0xf0, 0xd7, 0xdd, 0xee, 0xd5, 0xdb, 0xef, 0xd3, 0xda, 0xef, 0xd3, 0xda, 0xec, 0xd0, 0xd7, 0xe9, 0xcd, 0xd4,
0xe7, 0xcb, 0xd2, 0xe6, 0xca, 0xd1, 0xe4, 0xcb, 0xd1, 0xe4, 0xcb, 0xd1, 0xe4, 0xcb, 0xd1, 0xe5, 0xcc, 0xd2, 0xe3, 0xcc, 0xd2, 0xe3, 0xcc, 0xd2,
0xdf, 0xce, 0xd1, 0xde, 0xcd, 0xd0, 0xdc, 0xcd, 0xd0, 0xdc, 0xcd, 0xd0, 0xf7, 0xe8, 0xeb, 0x6d, 0x5e, 0x61, 0x00, 0x00, 0x00, 0x0a, 0x00, 0x00,
0x16, 0x0a, 0x0c, 0x2e, 0x22, 0x24, 0xbf, 0xb3, 0xb5, 0xf1, 0xe5, 0xe7, 0xea, 0xde, 0xe0, 0xea, 0xde, 0xe0, 0xeb, 0xdf, 0xe1, 0xed, 0xe1, 0xe3,
0xee, 0xe2, 0xe4, 0xee, 0xe2, 0xe4, 0xee, 0xe2, 0xe4, 0xef, 0xe3, 0xe5, 0xee, 0xe2, 0xe4, 0xed, 0xe1, 0xe3, 0xeb, 0xdf, 0xe1, 0xeb, 0xdf, 0xe1,
0xed, 0xde, 0xe1, 0xed, 0xde, 0xe1, 0xed, 0xde, 0xe1, 0xed, 0xde, 0xe1, 0xed, 0xde, 0xe1, 0xed, 0xde, 0xe1, 0xef, 0xde, 0xe1, 0xef, 0xde, 0xe1,
0xef, 0xde, 0xe1, 0xef, 0xde, 0xe1, 0xeb, 0xdf, 0xe1, 0xeb, 0xdf, 0xe1, 0xea, 0xde, 0xe0, 0xea, 0xde, 0xe0, 0xed, 0xde, 0xe1, 0xed, 0xde, 0xe1,
0xf5, 0xe1, 0xe5, 0xf1, 0xdd, 0xe1, 0xf2, 0xdc, 0xe0, 0xf2, 0xdc, 0xe0, 0xf2, 0xdc, 0xe0, 0xf2, 0xdc, 0xe0, 0xf2, 0xdc, 0xe0, 0xf2, 0xdc, 0xe0,
0xf2, 0xdc, 0xe0, 0xf5, 0xdf, 0xe3, 0xf2, 0xdc, 0xe0, 0xf1, 0xdb, 0xdf, 0xef, 0xd9, 0xdd, 0xec, 0xd6, 0xda, 0xeb, 0xd5, 0xd9, 0xeb, 0xd5, 0xd9,
0xee, 0xd8, 0xdc, 0xec, 0xd6, 0xda, 0xe9, 0xd5, 0xd7, 0xe8, 0xd4, 0xd6, 0xe7, 0xd3, 0xd5, 0xe7, 0xd3, 0xd5, 0xe8, 0xd2, 0xd6, 0xe8, 0xd2, 0xd6,
0xe8, 0xd2, 0xd6, 0xe8, 0xd2, 0xd6, 0xea, 0xd2, 0xd6, 0xea, 0xd2, 0xd6, 0xea, 0xd2, 0xd6, 0xea, 0xd2, 0xd6, 0xe8, 0xd2, 0xd6, 0xe8, 0xd2, 0xd6,
0xdb, 0xcc, 0xcf, 0xb7, 0xa8, 0xab, 0x48, 0x3c, 0x3e, 0x01, 0x00, 0x00, 0x00, 0x00, 0x00, 0x95, 0x89, 0x8b, 0xea, 0xde, 0xe0, 0xe4, 0xd8, 0xda,
0xe3, 0xd7, 0xd9, 0xe6, 0xda, 0xdc, 0xe7, 0xdb, 0xdd, 0xe9, 0xdd, 0xdf, 0xe9, 0xdd, 0xdf, 0xea, 0xde, 0xe0, 0xeb, 0xdf, 0xe1, 0xed, 0xe1, 0xe3,
0xee, 0xe2, 0xe2, 0xef, 0xe3, 0xe3, 0xef, 0xe3, 0xe3, 0xf0, 0xe4, 0xe4, 0xf0, 0xe4, 0xe4, 0xf0, 0xe4, 0xe4, 0xef, 0xe5, 0xe7, 0xef, 0xe5, 0xe7,
0xef, 0xe4, 0xe8, 0xef, 0xe4, 0xe8, 0xf1, 0xe4, 0xe8, 0xf1, 0xe4, 0xe8, 0xf8, 0xe3, 0xe9, 0xf8, 0xe3, 0xe9, 0xf6, 0xe4, 0xe9, 0xf5, 0xe3, 0xe8,
0xf2, 0xe2, 0xe7, 0xf2, 0xe2, 0xe7, 0xef, 0xe2, 0xe6, 0xed, 0xe0, 0xe4, 0xed, 0xe0, 0xe4, 0xeb, 0xde, 0xe2, 0xeb, 0xde, 0xe2, 0xeb, 0xde, 0xe2,
0xeb, 0xde, 0xe2, 0xeb, 0xde, 0xe2, 0xea, 0xdd, 0xe1, 0xeb, 0xde, 0xe2, 0xea, 0xdd, 0xe1, 0xe9, 0xdc, 0xe0, 0xea, 0xda, 0xdf, 0xeb, 0xdb, 0xe0,
0xef, 0xd8, 0xde, 0xf0, 0xd9, 0xdf, 0xf1, 0xd8, 0xde, 0xf0, 0xd7, 0xdd, 0xf2, 0xd6, 0xdd, 0xf0, 0xd4, 0xdb, 0xec, 0xd0, 0xd7, 0xeb, 0xcf, 0xd6,
0xe7, 0xcb, 0xd2, 0xe5, 0xc9, 0xd0, 0xe3, 0xca, 0xd0, 0xe3, 0xca, 0xd0, 0xe4, 0xcb, 0xd1, 0xe5, 0xcc, 0xd2, 0xe3, 0xcc, 0xd2, 0xe3, 0xcc, 0xd2,
0xdf, 0xce, 0xd1, 0xdf, 0xce, 0xd1, 0xdc, 0xcd, 0xd0, 0xdc, 0xcd, 0xd0, 0xc8, 0xb9, 0xbc, 0x41, 0x32, 0x35, 0x00, 0x00, 0x00, 0x08, 0x00, 0x00,
0x08, 0x00, 0x00, 0x1c, 0x10, 0x12, 0x73, 0x67, 0x69, 0xff, 0xf3, 0xf5, 0xea, 0xde, 0xe0, 0xe6, 0xda, 0xdc, 0xe7, 0xdb, 0xdd, 0xe8, 0xdc, 0xde,
0xe9, 0xdd, 0xdf, 0xe9, 0xdd, 0xdf, 0xe9, 0xdd, 0xdf, 0xea, 0xde, 0xe0, 0xea, 0xde, 0xe0, 0xea, 0xde, 0xe0, 0xea, 0xde, 0xe0, 0xea, 0xde, 0xe0,
0xea, 0xde, 0xe0, 0xea, 0xde, 0xe0, 0xea, 0xde, 0xe0, 0xea, 0xde, 0xe0, 0xea, 0xde, 0xe0, 0xea, 0xde, 0xe0, 0xea, 0xde, 0xe0, 0xea, 0xde, 0xe0,
0xea, 0xde, 0xe0, 0xea, 0xde, 0xe0, 0xea, 0xde, 0xe0, 0xea, 0xde, 0xe0, 0xea, 0xde, 0xe0, 0xea, 0xde, 0xe0, 0xec, 0xdd, 0xe0, 0xec, 0xdd, 0xe0,
0xf0, 0xdc, 0xe0, 0xef, 0xdb, 0xdf, 0xf0, 0xda, 0xde, 0xf0, 0xda, 0xde, 0xf0, 0xda, 0xde, 0xf0, 0xda, 0xde, 0xf0, 0xda, 0xde, 0xf0, 0xda, 0xde,
0xf0, 0xda, 0xde, 0xf1, 0xdb, 0xdf, 0xef, 0xd9, 0xdd, 0xee, 0xd8, 0xdc, 0xec, 0xd6, 0xda, 0xeb, 0xd5, 0xd9, 0xea, 0xd4, 0xd8, 0xe9, 0xd3, 0xd7,
0xea, 0xd4, 0xd8, 0xea, 0xd4, 0xd8, 0xe9, 0xd3, 0xd7, 0xe9, 0xd3, 0xd7, 0xe8, 0xd2, 0xd6, 0xe8, 0xd2, 0xd6, 0xe8, 0xd2, 0xd6, 0xe8, 0xd2, 0xd6,
0xe8, 0xd2, 0xd6, 0xe8, 0xd2, 0xd6, 0xe8, 0xd2, 0xd6, 0xe8, 0xd2, 0xd6, 0xe8, 0xd2, 0xd6, 0xe1, 0xcb, 0xcf, 0xe5, 0xd1, 0xd5, 0xe6, 0xd2, 0xd6,
0xda, 0xcb, 0xce, 0x8d, 0x7e, 0x81, 0x1e, 0x12, 0x14, 0x03, 0x00, 0x00, 0x00, 0x00, 0x00, 0x51, 0x45, 0x47, 0xdb, 0xcf, 0xd1, 0xdf, 0xd3, 0xd5,
0xe2, 0xd6, 0xd8, 0xe3, 0xd7, 0xd9, 0xe6, 0xda, 0xdc, 0xe8, 0xdc, 0xde, 0xe8, 0xdc, 0xde, 0xea, 0xde, 0xe0, 0xeb, 0xdf, 0xe1, 0xeb, 0xdf, 0xe1,
0xed, 0xe1, 0xe3, 0xed, 0xe1, 0xe3, 0xed, 0xe1, 0xe3, 0xee, 0xe2, 0xe4, 0xee, 0xe2, 0xe4, 0xee, 0xe2, 0xe4, 0xef, 0xe3, 0xe5, 0xef, 0xe3, 0xe5,
0xef, 0xe3, 0xe5, 0xef, 0xe3, 0xe5, 0xef, 0xe3, 0xe5, 0xef, 0xe3, 0xe5, 0xf0, 0xe4, 0xe6, 0xf0, 0xe4, 0xe6, 0xf0, 0xe4, 0xe6, 0xf0, 0xe4, 0xe6,
0xee, 0xe2, 0xe4, 0xee, 0xe2, 0xe4, 0xed, 0xe1, 0xe3, 0xea, 0xde, 0xe0, 0xea, 0xde, 0xe0, 0xe9, 0xdd, 0xdf, 0xe9, 0xdd, 0xdf, 0xe9, 0xdd, 0xdf,
0xe9, 0xdd, 0xdf, 0xe9, 0xdd, 0xdf, 0xe8, 0xdc, 0xde, 0xe9, 0xdd, 0xdf, 0xe8, 0xdc, 0xde, 0xe7, 0xdb, 0xdd, 0xe9, 0xda, 0xdd, 0xea, 0xdb, 0xde,
0xee, 0xd8, 0xdc, 0xee, 0xd8, 0xdc, 0xee, 0xd6, 0xda, 0xed, 0xd5, 0xd9, 0xec, 0xd4, 0xd8, 0xeb, 0xd3, 0xd7, 0xe7, 0xcf, 0xd3, 0xe6, 0xce, 0xd2,
0xe3, 0xcb, 0xcf, 0xe2, 0xca, 0xce, 0xe2, 0xca, 0xce, 0xe2, 0xca, 0xce, 0xe3, 0xcb, 0xcf, 0xe4, 0xcc, 0xd0, 0xe3, 0xcd, 0xd1, 0xe3, 0xcd, 0xd1,
0xdb, 0xcc, 0xcf, 0xdd, 0xce, 0xd1, 0xdc, 0xd0, 0xd2, 0xda, 0xce, 0xd0, 0x96, 0x8a, 0x8c, 0x12, 0x06, 0x08, 0x00, 0x00, 0x00, 0x06, 0x00, 0x00,
0x0b, 0x00, 0x01, 0x15, 0x09, 0x0b, 0x4d, 0x41, 0x43, 0xff, 0xfb, 0xfd, 0xea, 0xde, 0xe0, 0xe2, 0xd6, 0xd8, 0xe4, 0xd8, 0xda, 0xe4, 0xd8, 0xda,
0xe6, 0xda, 0xdc, 0xe6, 0xda, 0xdc, 0xe7, 0xdb, 0xdd, 0xe8, 0xdc, 0xde, 0xe8, 0xdc, 0xde, 0xe9, 0xdd, 0xdf, 0xe9, 0xdd, 0xdf, 0xe9, 0xdd, 0xdf,
0xe9, 0xdd, 0xdf, 0xe9, 0xdd, 0xdf, 0xe9, 0xdd, 0xdf, 0xe9, 0xdd, 0xdf, 0xea, 0xde, 0xe0, 0xea, 0xde, 0xe0, 0xea, 0xde, 0xe0, 0xea, 0xde, 0xe0,
0xea, 0xde, 0xe0, 0xea, 0xde, 0xe0, 0xea, 0xde, 0xe0, 0xea, 0xde, 0xe0, 0xea, 0xde, 0xe0, 0xea, 0xde, 0xe0, 0xec, 0xdd, 0xe0, 0xec, 0xdd, 0xe0,
0xee, 0xda, 0xde, 0xed, 0xd9, 0xdd, 0xef, 0xd9, 0xdd, 0xef, 0xd9, 0xdd, 0xef, 0xd9, 0xdd, 0xef, 0xd9, 0xdd, 0xef, 0xd9, 0xdd, 0xef, 0xd9, 0xdd,
0xef, 0xd9, 0xdd, 0xef, 0xd9, 0xdd, 0xee, 0xd8, 0xdc, 0xec, 0xd6, 0xda, 0xea, 0xd4, 0xd8, 0xe9, 0xd3, 0xd7, 0xe9, 0xd3, 0xd7, 0xe8, 0xd2, 0xd6,
0xe8, 0xd2, 0xd6, 0xe8, 0xd2, 0xd6, 0xe8, 0xd2, 0xd6, 0xe8, 0xd2, 0xd6, 0xe8, 0xd2, 0xd6, 0xe8, 0xd2, 0xd6, 0xe8, 0xd2, 0xd6, 0xe8, 0xd2, 0xd6,
0xe8, 0xd2, 0xd6, 0xe8, 0xd2, 0xd6, 0xe8, 0xd2, 0xd6, 0xe8, 0xd2, 0xd6, 0xe8, 0xd2, 0xd6, 0xe0, 0xca, 0xce, 0xe6, 0xd2, 0xd6, 0xe6, 0xd2, 0xd6,
0xd7, 0xc8, 0xcb, 0x78, 0x69, 0x6c, 0x0a, 0x00, 0x00, 0x04, 0x00, 0x00, 0x05, 0x00, 0x00, 0x2e, 0x22, 0x24, 0xd3, 0xc7, 0xc9, 0xd5, 0xc9, 0xcb,
0xe0, 0xd4, 0xd6, 0xe1, 0xd5, 0xd7, 0xe3, 0xd7, 0xd9, 0xe7, 0xdb, 0xdd, 0xe7, 0xdb, 0xdd, 0xe9, 0xdd, 0xdf, 0xea, 0xde, 0xe0, 0xea, 0xde, 0xe0,
0xeb, 0xdf, 0xe1, 0xeb, 0xdf, 0xe1, 0xed, 0xe1, 0xe3, 0xed, 0xe1, 0xe3, 0xed, 0xe1, 0xe3, 0xed, 0xe1, 0xe3, 0xee, 0xe2, 0xe4, 0xee, 0xe2, 0xe4,
0xee, 0xe2, 0xe4, 0xee, 0xe2, 0xe4, 0xee, 0xe2, 0xe4, 0xee, 0xe2, 0xe4, 0xef, 0xe3, 0xe5, 0xef, 0xe3, 0xe5, 0xef, 0xe3, 0xe5, 0xee, 0xe2, 0xe4,
0xed, 0xe1, 0xe3, 0xed, 0xe1, 0xe3, 0xeb, 0xdf, 0xe1, 0xea, 0xde, 0xe0, 0xe9, 0xdd, 0xdf, 0xe8, 0xdc, 0xde, 0xe8, 0xdc, 0xde, 0xe8, 0xdc, 0xde,
0xe8, 0xdc, 0xde, 0xe8, 0xdc, 0xde, 0xe8, 0xdc, 0xde, 0xe8, 0xdc, 0xde, 0xe7, 0xdb, 0xdd, 0xe7, 0xdb, 0xdd, 0xe9, 0xda, 0xdd, 0xea, 0xdb, 0xde,
0xee, 0xd8, 0xdc, 0xee, 0xd8, 0xdc, 0xed, 0xd5, 0xd9, 0xed, 0xd5, 0xd9, 0xeb, 0xd3, 0xd7, 0xeb, 0xd3, 0xd7, 0xe6, 0xce, 0xd2, 0xe5, 0xcd, 0xd1,
0xe2, 0xca, 0xce, 0xe0, 0xc8, 0xcc, 0xe2, 0xca, 0xce, 0xe2, 0xca, 0xce, 0xe3, 0xcb, 0xcf, 0xe4, 0xcc, 0xd0, 0xe3, 0xcd, 0xd1, 0xe3, 0xcd, 0xd1,
0xda, 0xcb, 0xce, 0xdd, 0xce, 0xd1, 0xe0, 0xd4, 0xd6, 0xda, 0xce, 0xd0, 0x6a, 0x5e, 0x60, 0x08, 0x00, 0x00, 0x00, 0x00, 0x00, 0x05, 0x00, 0x00,
0x1a, 0x0e, 0x10, 0x12, 0x06, 0x08, 0x03, 0x00, 0x00, 0xaf, 0xa3, 0xa5, 0xe7, 0xdb, 0xdd, 0xe0, 0xd4, 0xd6, 0xe0, 0xd4, 0xd6, 0xe1, 0xd5, 0xd7,
0xe2, 0xd6, 0xd8, 0xe3, 0xd7, 0xd9, 0xe4, 0xd8, 0xda, 0xe6, 0xda, 0xdc, 0xe6, 0xda, 0xdc, 0xe7, 0xdb, 0xdd, 0xe7, 0xdb, 0xdd, 0xe7, 0xdb, 0xdd,
0xe9, 0xdd, 0xdf, 0xe9, 0xdd, 0xdf, 0xe9, 0xdd, 0xdf, 0xe9, 0xdd, 0xdf, 0xe9, 0xdd, 0xdf, 0xe9, 0xdd, 0xdf, 0xe9, 0xdd, 0xdf, 0xe9, 0xdd, 0xdf,
0xea, 0xde, 0xe0, 0xea, 0xde, 0xe0, 0xea, 0xde, 0xe0, 0xea, 0xde, 0xe0, 0xea, 0xde, 0xe0, 0xe9, 0xdd, 0xdf, 0xea, 0xdb, 0xde, 0xe9, 0xda, 0xdd,
0xec, 0xd8, 0xdc, 0xec, 0xd8, 0xdc, 0xec, 0xd6, 0xda, 0xeb, 0xd5, 0xd9, 0xeb, 0xd5, 0xd9, 0xeb, 0xd5, 0xd9, 0xeb, 0xd5, 0xd9, 0xeb, 0xd5, 0xd9,
0xeb, 0xd5, 0xd9, 0xeb, 0xd5, 0xd9, 0xea, 0xd4, 0xd8, 0xea, 0xd4, 0xd8, 0xe9, 0xd3, 0xd7, 0xe8, 0xd2, 0xd6, 0xe8, 0xd2, 0xd6, 0xe8, 0xd2, 0xd6,
0xe8, 0xd2, 0xd6, 0xe8, 0xd2, 0xd6, 0xe8, 0xd2, 0xd6, 0xe8, 0xd2, 0xd6, 0xe8, 0xd2, 0xd6, 0xe8, 0xd2, 0xd6, 0xe8, 0xd2, 0xd6, 0xe8, 0xd2, 0xd6,
0xe8, 0xd2, 0xd6, 0xe8, 0xd2, 0xd6, 0xe8, 0xd2, 0xd6, 0xe8, 0xd2, 0xd6, 0xe7, 0xd1, 0xd5, 0xd3, 0xbd, 0xc1, 0xe3, 0xcf, 0xd3, 0xff, 0xff, 0xff,
0xac, 0x9d, 0xa0, 0x1d, 0x0e, 0x11, 0x00, 0x00, 0x00, 0x06, 0x00, 0x00, 0x00, 0x00, 0x00, 0x0a, 0x00, 0x00, 0x72, 0x66, 0x68, 0xe2, 0xd6, 0xd8,
0xe1, 0xd5, 0xd7, 0xe2, 0xd6, 0xd8, 0xe4, 0xd8, 0xda, 0xe7, 0xdb, 0xdd, 0xe7, 0xdb, 0xdd, 0xe8, 0xdc, 0xde, 0xe9, 0xdd, 0xdf, 0xe9, 0xdd, 0xdf,
0xea, 0xde, 0xe0, 0xea, 0xde, 0xe0, 0xea, 0xde, 0xe0, 0xeb, 0xdf, 0xe1, 0xeb, 0xdf, 0xe1, 0xeb, 0xdf, 0xe1, 0xeb, 0xdf, 0xe1, 0xeb, 0xdf, 0xe1,
0xed, 0xe1, 0xe3, 0xed, 0xe1, 0xe3, 0xed, 0xe1, 0xe3, 0xed, 0xe1, 0xe3, 0xed, 0xe1, 0xe3, 0xed, 0xe1, 0xe3, 0xed, 0xe1, 0xe3, 0xed, 0xe1, 0xe3,
0xeb, 0xdf, 0xe1, 0xeb, 0xdf, 0xe1, 0xe9, 0xdd, 0xdf, 0xe8, 0xdc, 0xde, 0xe7, 0xdb, 0xdd, 0xe7, 0xdb, 0xdd, 0xe7, 0xdb, 0xdd, 0xe7, 0xdb, 0xdd,
0xe7, 0xdb, 0xdd, 0xe7, 0xdb, 0xdd, 0xe6, 0xda, 0xdc, 0xe6, 0xda, 0xdc, 0xe4, 0xd8, 0xda, 0xe3, 0xd7, 0xd9, 0xe4, 0xd5, 0xd8, 0xe3, 0xd4, 0xd7,
0xea, 0xd4, 0xd8, 0xea, 0xd4, 0xd8, 0xeb, 0xd3, 0xd7, 0xea, 0xd2, 0xd6, 0xe7, 0xcf, 0xd3, 0xe6, 0xce, 0xd2, 0xe4, 0xcc, 0xd0, 0xe2, 0xca, 0xce,
0xe0, 0xc8, 0xcc, 0xdf, 0xc7, 0xcb, 0xe0, 0xc8, 0xcc, 0xe2, 0xca, 0xce, 0xe3, 0xcb, 0xcf, 0xe4, 0xcc, 0xd0, 0xe4, 0xce, 0xd2, 0xe4, 0xce, 0xd2,
0xd8, 0xc9, 0xcc, 0xb2, 0xa3, 0xa6, 0xe0, 0xd4, 0xd6, 0xd5, 0xc9, 0xcb, 0x3c, 0x30, 0x32, 0x05, 0x00, 0x00, 0x00, 0x00, 0x00, 0x05, 0x00, 0x00,
0x19, 0x0d, 0x0f, 0x0c, 0x00, 0x02, 0x0a, 0x00, 0x00, 0x81, 0x75, 0x77, 0xd8, 0xcc, 0xce, 0xdf, 0xd3, 0xd5, 0xdc, 0xd0, 0xd2, 0xdf, 0xd3, 0xd5,
0xe1, 0xd5, 0xd7, 0xe1, 0xd5, 0xd7, 0xe3, 0xd7, 0xd9, 0xe4, 0xd8, 0xda, 0xe4, 0xd8, 0xda, 0xe6, 0xda, 0xdc, 0xe7, 0xdb, 0xdd, 0xe7, 0xdb, 0xdd,
0xe8, 0xdc, 0xde, 0xe8, 0xdc, 0xde, 0xe8, 0xdc, 0xde, 0xe8, 0xdc, 0xde, 0xe9, 0xdd, 0xdf, 0xe9, 0xdd, 0xdf, 0xe9, 0xdd, 0xdf, 0xe9, 0xdd, 0xdf,
0xea, 0xde, 0xe0, 0xea, 0xde, 0xe0, 0xea, 0xde, 0xe0, 0xea, 0xde, 0xe0, 0xea, 0xde, 0xe0, 0xe9, 0xdd, 0xdf, 0xea, 0xdb, 0xde, 0xe9, 0xda, 0xdd,
0xea, 0xd6, 0xda, 0xea, 0xd6, 0xda, 0xeb, 0xd5, 0xd9, 0xea, 0xd4, 0xd8, 0xea, 0xd4, 0xd8, 0xea, 0xd4, 0xd8, 0xea, 0xd4, 0xd8, 0xea, 0xd4, 0xd8,
0xea, 0xd4, 0xd8, 0xea, 0xd4, 0xd8, 0xea, 0xd4, 0xd8, 0xe9, 0xd3, 0xd7, 0xe9, 0xd3, 0xd7, 0xe8, 0xd2, 0xd6, 0xe8, 0xd2, 0xd6, 0xe8, 0xd2, 0xd6,
0xe8, 0xd2, 0xd6, 0xe8, 0xd2, 0xd6, 0xe8, 0xd2, 0xd6, 0xe8, 0xd2, 0xd6, 0xe8, 0xd2, 0xd6, 0xe8, 0xd2, 0xd6, 0xe8, 0xd2, 0xd6, 0xe8, 0xd2, 0xd6,
0xe8, 0xd2, 0xd6, 0xe8, 0xd2, 0xd6, 0xe8, 0xd2, 0xd6, 0xe8, 0xd2, 0xd6, 0xe0, 0xca, 0xce, 0xd0, 0xba, 0xbe, 0xdc, 0xc8, 0xcc, 0xf8, 0xe4, 0xe8,
0x6e, 0x5f, 0x62, 0x0a, 0x00, 0x00, 0x00, 0x00, 0x00, 0x01, 0x00, 0x00, 0x0e, 0x02, 0x04, 0x00, 0x00, 0x00, 0x13, 0x07, 0x09, 0xa8, 0x9c, 0x9e,
0xe2, 0xd6, 0xd8, 0xe3, 0xd7, 0xd9, 0xe4, 0xd8, 0xda, 0xe7, 0xdb, 0xdd, 0xe7, 0xdb, 0xdd, 0xe8, 0xdc, 0xde, 0xe9, 0xdd, 0xdf, 0xe9, 0xdd, 0xdf,
0xe9, 0xdd, 0xdf, 0xea, 0xde, 0xe0, 0xea, 0xde, 0xe0, 0xea, 0xde, 0xe0, 0xea, 0xde, 0xe0, 0xea, 0xde, 0xe0, 0xea, 0xde, 0xe0, 0xea, 0xde, 0xe0,
0xeb, 0xdf, 0xe1, 0xeb, 0xdf, 0xe1, 0xeb, 0xdf, 0xe1, 0xeb, 0xdf, 0xe1, 0xeb, 0xdf, 0xe1, 0xeb, 0xdf, 0xe1, 0xeb, 0xdf, 0xe1, 0xea, 0xde, 0xe0,
0xea, 0xde, 0xe0, 0xe9, 0xdd, 0xdf, 0xe8, 0xdc, 0xde, 0xe7, 0xdb, 0xdd, 0xe6, 0xda, 0xdc, 0xe6, 0xda, 0xdc, 0xe6, 0xda, 0xdc, 0xe6, 0xda, 0xdc,
0xe6, 0xda, 0xdc, 0xe6, 0xda, 0xdc, 0xe4, 0xd8, 0xda, 0xe4, 0xd8, 0xda, 0xe3, 0xd7, 0xd9, 0xe2, 0xd6, 0xd8, 0xe3, 0xd4, 0xd7, 0xe2, 0xd3, 0xd6,
0xe9, 0xd3, 0xd7, 0xe9, 0xd3, 0xd7, 0xe9, 0xd1, 0xd5, 0xe7, 0xcf, 0xd3, 0xe5, 0xcd, 0xd1, 0xe4, 0xcc, 0xd0, 0xe2, 0xca, 0xce, 0xe0, 0xc8, 0xcc,
0xdf, 0xc7, 0xcb, 0xdf, 0xc7, 0xcb, 0xe0, 0xc8, 0xcc, 0xe2, 0xca, 0xce, 0xe3, 0xcb, 0xcf, 0xe4, 0xcc, 0xd0, 0xe4, 0xce, 0xd2, 0xe4, 0xce, 0xd2,
0xdc, 0xcd, 0xd0, 0xc0, 0xb1, 0xb4, 0xd9, 0xcd, 0xcf, 0xa6, 0x9a, 0x9c, 0x1e, 0x12, 0x14, 0x03, 0x00, 0x00, 0x00, 0x00, 0x00, 0x05, 0x00, 0x00,
0x16, 0x0a, 0x0c, 0x00, 0x00, 0x00, 0x17, 0x0b, 0x0d, 0x27, 0x1b, 0x1d, 0xa7, 0x9b, 0x9d, 0xe7, 0xdb, 0xdd, 0xd8, 0xcc, 0xce, 0xda, 0xce, 0xd0,
0xe0, 0xd4, 0xd6, 0xe0, 0xd4, 0xd6, 0xe2, 0xd6, 0xd8, 0xe3, 0xd7, 0xd9, 0xe3, 0xd7, 0xd9, 0xe4, 0xd8, 0xda, 0xe6, 0xda, 0xdc, 0xe7, 0xdb, 0xdd,
0xe6, 0xda, 0xdc, 0xe6, 0xda, 0xdc, 0xe6, 0xda, 0xdc, 0xe6, 0xda, 0xdc, 0xe6, 0xda, 0xdc, 0xe6, 0xda, 0xdc, 0xe6, 0xda, 0xdc, 0xe6, 0xda, 0xdc,
0xe7, 0xdb, 0xdd, 0xe7, 0xdb, 0xdd, 0xe7, 0xdb, 0xdd, 0xe7, 0xdb, 0xdd, 0xe7, 0xdb, 0xdd, 0xe6, 0xda, 0xdc, 0xe8, 0xd9, 0xdc, 0xe6, 0xd7, 0xda,
0xe8, 0xd4, 0xd8, 0xe8, 0xd4, 0xd8, 0xe9, 0xd3, 0xd7, 0xe8, 0xd2, 0xd6, 0xe8, 0xd2, 0xd6, 0xe8, 0xd2, 0xd6, 0xe8, 0xd2, 0xd6, 0xe8, 0xd2, 0xd6,
0xe8, 0xd2, 0xd6, 0xe8, 0xd2, 0xd6, 0xe8, 0xd2, 0xd6, 0xe8, 0xd2, 0xd6, 0xe8, 0xd2, 0xd6, 0xe7, 0xd1, 0xd5, 0xe7, 0xd1, 0xd5, 0xe7, 0xd1, 0xd5,
0xe7, 0xd1, 0xd5, 0xe7, 0xd1, 0xd5, 0xe7, 0xd1, 0xd5, 0xe7, 0xd1, 0xd5, 0xe7, 0xd1, 0xd5, 0xe7, 0xd1, 0xd5, 0xe7, 0xd1, 0xd5, 0xe7, 0xd1, 0xd5,
0xe7, 0xd1, 0xd5, 0xe7, 0xd1, 0xd5, 0xe8, 0xd2, 0xd6, 0xe8, 0xd2, 0xd6, 0xd0, 0xba, 0xbe, 0xde, 0xc8, 0xcc, 0xce, 0xba, 0xbe, 0xb4, 0xa0, 0xa4,
0x27, 0x18, 0x1b, 0x09, 0x00, 0x00, 0x00, 0x00, 0x00, 0x00, 0x00, 0x00, 0x0d, 0x01, 0x03, 0x00, 0x00, 0x00, 0x08, 0x00, 0x00, 0x69, 0x5d, 0x5f,
0xe4, 0xd8, 0xda, 0xe4, 0xd8, 0xda, 0xe6, 0xda, 0xdc, 0xe3, 0xd7, 0xd9, 0xe6, 0xda, 0xdc, 0xe7, 0xdb, 0xdd, 0xe7, 0xdb, 0xdd, 0xe8, 0xdc, 0xde,
0xe7, 0xdb, 0xdd, 0xe8, 0xdc, 0xde, 0xe7, 0xdb, 0xdd, 0xe8, 0xdc, 0xde, 0xe8, 0xdc, 0xde, 0xe8, 0xdc, 0xde, 0xe8, 0xdc, 0xde, 0xe8, 0xdc, 0xde,
0xe8, 0xdc, 0xde, 0xe8, 0xdc, 0xde, 0xe8, 0xdc, 0xde, 0xe8, 0xdc, 0xde, 0xe8, 0xdc, 0xde, 0xe8, 0xdc, 0xde, 0xe8, 0xdc, 0xde, 0xe8, 0xdc, 0xde,
0xe8, 0xdc, 0xde, 0xe7, 0xdb, 0xdd, 0xe6, 0xda, 0xdc, 0xe4, 0xd8, 0xda, 0xe3, 0xd7, 0xd9, 0xe3, 0xd7, 0xd9, 0xe3, 0xd7, 0xd9, 0xe3, 0xd7, 0xd9,
0xe3, 0xd7, 0xd9, 0xe3, 0xd7, 0xd9, 0xe2, 0xd6, 0xd8, 0xe2, 0xd6, 0xd8, 0xe1, 0xd5, 0xd7, 0xe0, 0xd4, 0xd6, 0xe1, 0xd2, 0xd5, 0xe1, 0xd2, 0xd5,
0xe7, 0xd1, 0xd5, 0xe7, 0xd1, 0xd5, 0xe6, 0xce, 0xd2, 0xe5, 0xcd, 0xd1, 0xe3, 0xcb, 0xcf, 0xe2, 0xca, 0xce, 0xe0, 0xc8, 0xcc, 0xdf, 0xc7, 0xcb,
0xde, 0xc6, 0xca, 0xde, 0xc6, 0xca, 0xe0, 0xc8, 0xcc, 0xe2, 0xca, 0xce, 0xe3, 0xcb, 0xcf, 0xe5, 0xcd, 0xd1, 0xe5, 0xcf, 0xd3, 0xe5, 0xcf, 0xd3,
0xdd, 0xce, 0xd1, 0xdb, 0xcc, 0xcf, 0xbe, 0xb2, 0xb4, 0x46, 0x3a, 0x3c, 0x01, 0x00, 0x00, 0x01, 0x00, 0x00, 0x01, 0x00, 0x00, 0x05, 0x00, 0x00,
0x17, 0x0b, 0x0d, 0x00, 0x00, 0x00, 0x17, 0x0b, 0x0d, 0x00, 0x00, 0x00, 0x63, 0x57, 0x59, 0xd8, 0xcc, 0xce, 0xda, 0xce, 0xd0, 0xd8, 0xcc, 0xce,
0xdf, 0xd3, 0xd5, 0xe0, 0xd4, 0xd6, 0xe1, 0xd5, 0xd7, 0xe3, 0xd7, 0xd9, 0xe3, 0xd7, 0xd9, 0xe4, 0xd8, 0xda, 0xe6, 0xda, 0xdc, 0xe7, 0xdb, 0xdd,
0xe4, 0xd8, 0xda, 0xe4, 0xd8, 0xda, 0xe4, 0xd8, 0xda, 0xe4, 0xd8, 0xda, 0xe4, 0xd8, 0xda, 0xe4, 0xd8, 0xda, 0xe4, 0xd8, 0xda, 0xe4, 0xd8, 0xda,
0xe6, 0xda, 0xdc, 0xe6, 0xda, 0xdc, 0xe6, 0xda, 0xdc, 0xe6, 0xda, 0xdc, 0xe6, 0xda, 0xdc, 0xe4, 0xd8, 0xda, 0xe6, 0xd7, 0xda, 0xe5, 0xd6, 0xd9,
0xe7, 0xd3, 0xd7, 0xe6, 0xd2, 0xd6, 0xe7, 0xd1, 0xd5, 0xe7, 0xd1, 0xd5, 0xe7, 0xd1, 0xd5, 0xe7, 0xd1, 0xd5, 0xe7, 0xd1, 0xd5, 0xe7, 0xd1, 0xd5,
0xe7, 0xd1, 0xd5, 0xe7, 0xd1, 0xd5, 0xe7, 0xd1, 0xd5, 0xe7, 0xd1, 0xd5, 0xe7, 0xd1, 0xd5, 0xe7, 0xd1, 0xd5, 0xe7, 0xd1, 0xd5, 0xe7, 0xd1, 0xd5,
0xe7, 0xd1, 0xd5, 0xe7, 0xd1, 0xd5, 0xe7, 0xd1, 0xd5, 0xe7, 0xd1, 0xd5, 0xe7, 0xd1, 0xd5, 0xe7, 0xd1, 0xd5, 0xe7, 0xd1, 0xd5, 0xe7, 0xd1, 0xd5,
0xe7, 0xd1, 0xd5, 0xe7, 0xd1, 0xd5, 0xe8, 0xd2, 0xd6, 0xe9, 0xd3, 0xd7, 0xcf, 0xb9, 0xbd, 0xe5, 0xcf, 0xd3, 0xc9, 0xb5, 0xb9, 0x91, 0x7d, 0x81,
0x00, 0x00, 0x00, 0x0e, 0x00, 0x02, 0x13, 0x07, 0x09, 0x28, 0x1c, 0x1e, 0x00, 0x00, 0x00, 0x07, 0x00, 0x00, 0x2c, 0x20, 0x22, 0x3e, 0x32, 0x34,
0xe4, 0xd8, 0xda, 0xe4, 0xd8, 0xda, 0xe6, 0xda, 0xdc, 0xe1, 0xd5, 0xd7, 0xe6, 0xda, 0xdc, 0xe6, 0xda, 0xdc, 0xe7, 0xdb, 0xdd, 0xe7, 0xdb, 0xdd,
0xe6, 0xda, 0xdc, 0xe6, 0xda, 0xdc, 0xe6, 0xda, 0xdc, 0xe6, 0xda, 0xdc, 0xe6, 0xda, 0xdc, 0xe6, 0xda, 0xdc, 0xe6, 0xda, 0xdc, 0xe6, 0xda, 0xdc,
0xe6, 0xda, 0xdc, 0xe6, 0xda, 0xdc, 0xe6, 0xda, 0xdc, 0xe6, 0xda, 0xdc, 0xe6, 0xda, 0xdc, 0xe6, 0xda, 0xdc, 0xe6, 0xda, 0xdc, 0xe6, 0xda, 0xdc,
0xe6, 0xda, 0xdc, 0xe6, 0xda, 0xdc, 0xe4, 0xd8, 0xda, 0xe3, 0xd7, 0xd9, 0xe2, 0xd6, 0xd8, 0xe1, 0xd5, 0xd7, 0xe1, 0xd5, 0xd7, 0xe2, 0xd6, 0xd8,
0xe2, 0xd6, 0xd8, 0xe2, 0xd6, 0xd8, 0xe1, 0xd5, 0xd7, 0xe1, 0xd5, 0xd7, 0xe0, 0xd4, 0xd6, 0xdf, 0xd3, 0xd5, 0xdf, 0xd0, 0xd3, 0xdf, 0xd0, 0xd3,
0xe4, 0xce, 0xd2, 0xe4, 0xce, 0xd2, 0xe4, 0xcc, 0xd0, 0xe3, 0xcb, 0xcf, 0xe2, 0xca, 0xce, 0xe0, 0xc8, 0xcc, 0xdf, 0xc7, 0xcb, 0xde, 0xc6, 0xca,
0xde, 0xc6, 0xca, 0xde, 0xc6, 0xca, 0xe0, 0xc8, 0xcc, 0xe2, 0xca, 0xce, 0xe3, 0xcb, 0xcf, 0xe6, 0xce, 0xd2, 0xe8, 0xd2, 0xd6, 0xe9, 0xd3, 0xd7,
0xde, 0xcf, 0xd2, 0xe8, 0xd9, 0xdc, 0xb0, 0xa4, 0xa6, 0x16, 0x0a, 0x0c, 0x00, 0x00, 0x00, 0x01, 0x00, 0x00, 0x04, 0x00, 0x00, 0x06, 0x00, 0x00,
0x12, 0x06, 0x08, 0x03, 0x00, 0x00, 0x14, 0x08, 0x0a, 0x0c, 0x00, 0x02, 0x00, 0x00, 0x00, 0x94, 0x88, 0x8a, 0xef, 0xe3, 0xe5, 0xd3, 0xc7, 0xc9,
0xdf, 0xd3, 0xd5, 0xe0, 0xd4, 0xd6, 0xe2, 0xd6, 0xd8, 0xe3, 0xd7, 0xd9, 0xe3, 0xd7, 0xd9, 0xe3, 0xd7, 0xd9, 0xe3, 0xd7, 0xd9, 0xe2, 0xd6, 0xd8,
0xe3, 0xd7, 0xd9, 0xe3, 0xd7, 0xd9, 0xe2, 0xd6, 0xd8, 0xe1, 0xd5, 0xd7, 0xe2, 0xd6, 0xd8, 0xe2, 0xd6, 0xd8, 0xe2, 0xd6, 0xd8, 0xe2, 0xd6, 0xd8,
0xe2, 0xd6, 0xd8, 0xe2, 0xd6, 0xd8, 0xe2, 0xd6, 0xd8, 0xe2, 0xd6, 0xd8, 0xe2, 0xd6, 0xd8, 0xe2, 0xd6, 0xd8, 0xe3, 0xd4, 0xd7, 0xe3, 0xd4, 0xd7,
0xe7, 0xd3, 0xd7, 0xe6, 0xd2, 0xd6, 0xe7, 0xd1, 0xd5, 0xe7, 0xd1, 0xd5, 0xe7, 0xd1, 0xd5, 0xe7, 0xd1, 0xd5, 0xe7, 0xd1, 0xd5, 0xe7, 0xd1, 0xd5,
0xe7, 0xd1, 0xd5, 0xe7, 0xd1, 0xd5, 0xe7, 0xd1, 0xd5, 0xe7, 0xd1, 0xd5, 0xe7, 0xd1, 0xd5, 0xe7, 0xd1, 0xd5, 0xe7, 0xd1, 0xd5, 0xe7, 0xd1, 0xd5,
0xe7, 0xd1, 0xd5, 0xe7, 0xd1, 0xd5, 0xe7, 0xd1, 0xd5, 0xe7, 0xd1, 0xd5, 0xe7, 0xd1, 0xd5, 0xe7, 0xd1, 0xd5, 0xe7, 0xd1, 0xd5, 0xe7, 0xd1, 0xd5,
0xe7, 0xd1, 0xd5, 0xe7, 0xd1, 0xd5, 0xe8, 0xd2, 0xd6, 0xe8, 0xd2, 0xd6, 0xe5, 0xcf, 0xd3, 0xf1, 0xdb, 0xdf, 0xb7, 0xa3, 0xa7, 0x16, 0x02, 0x06,
0x15, 0x06, 0x09, 0x14, 0x05, 0x08, 0x0f, 0x03, 0x05, 0x12, 0x06, 0x08, 0x14, 0x08, 0x0a, 0x0d, 0x01, 0x03, 0x13, 0x07, 0x09, 0x13, 0x07, 0x09,
0x5c, 0x50, 0x52, 0xe3, 0xd7, 0xd9, 0xf8, 0xec, 0xee, 0xdf, 0xd3, 0xd5, 0xe2, 0xd6, 0xd8, 0xe3, 0xd7, 0xd9, 0xe3, 0xd7, 0xd9, 0xe3, 0xd7, 0xd9,
0xe4, 0xd8, 0xda, 0xe4, 0xd8, 0xda, 0xe3, 0xd7, 0xd9, 0xe4, 0xd8, 0xda, 0xe4, 0xd8, 0xda, 0xe4, 0xd8, 0xda, 0xe4, 0xd8, 0xda, 0xe4, 0xd8, 0xda,
0xe4, 0xd8, 0xda, 0xe4, 0xd8, 0xda, 0xe4, 0xd8, 0xda, 0xe4, 0xd8, 0xda, 0xe4, 0xd8, 0xda, 0xe4, 0xd8, 0xda, 0xe4, 0xd8, 0xda, 0xe4, 0xd8, 0xda,
0xe4, 0xd8, 0xda, 0xe3, 0xd7, 0xd9, 0xe2, 0xd6, 0xd8, 0xe2, 0xd6, 0xd8, 0xe1, 0xd5, 0xd7, 0xe0, 0xd4, 0xd6, 0xe0, 0xd4, 0xd6, 0xe0, 0xd4, 0xd6,
0xe0, 0xd4, 0xd6, 0xe0, 0xd4, 0xd6, 0xe0, 0xd4, 0xd6, 0xe0, 0xd4, 0xd6, 0xdf, 0xd3, 0xd5, 0xdd, 0xd1, 0xd3, 0xde, 0xcf, 0xd2, 0xde, 0xcf, 0xd2,
0xe4, 0xce, 0xd2, 0xe4, 0xce, 0xd2, 0xe4, 0xcc, 0xd0, 0xe3, 0xcb, 0xcf, 0xe2, 0xca, 0xce, 0xe0, 0xc8, 0xcc, 0xdf, 0xc7, 0xcb, 0xde, 0xc6, 0xca,
0xde, 0xc6, 0xca, 0xde, 0xc6, 0xca, 0xe0, 0xc8, 0xcc, 0xe2, 0xca, 0xce, 0xe3, 0xcb, 0xcf, 0xe3, 0xcb, 0xcf, 0xe0, 0xca, 0xce, 0xe0, 0xca, 0xce,
0xde, 0xcf, 0xd2, 0xd5, 0xc6, 0xc9, 0x3d, 0x31, 0x33, 0x14, 0x08, 0x0a, 0x00, 0x00, 0x00, 0x01, 0x00, 0x00, 0x04, 0x00, 0x00, 0x06, 0x00, 0x00,
0x10, 0x04, 0x06, 0x06, 0x00, 0x00, 0x12, 0x06, 0x08, 0x0c, 0x00, 0x02, 0x00, 0x00, 0x00, 0x59, 0x4d, 0x4f, 0xbd, 0xb1, 0xb3, 0xcd, 0xc1, 0xc3,
0xe0, 0xd4, 0xd6, 0xe0, 0xd4, 0xd6, 0xe2, 0xd6, 0xd8, 0xe3, 0xd7, 0xd9, 0xe3, 0xd7, 0xd9, 0xe3, 0xd7, 0xd9, 0xe3, 0xd7, 0xd9, 0xe2, 0xd6, 0xd8,
0xe2, 0xd6, 0xd8, 0xe2, 0xd6, 0xd8, 0xe1, 0xd5, 0xd7, 0xe0, 0xd4, 0xd6, 0xe0, 0xd4, 0xd6, 0xe0, 0xd4, 0xd6, 0xe0, 0xd4, 0xd6, 0xe0, 0xd4, 0xd6,
0xe1, 0xd5, 0xd7, 0xe1, 0xd5, 0xd7, 0xe1, 0xd5, 0xd7, 0xe1, 0xd5, 0xd7, 0xe1, 0xd5, 0xd7, 0xe1, 0xd5, 0xd7, 0xe2, 0xd3, 0xd6, 0xe2, 0xd3, 0xd6,
0xe5, 0xd1, 0xd5, 0xe5, 0xd1, 0xd5, 0xe5, 0xcf, 0xd3, 0xe5, 0xcf, 0xd3, 0xe5, 0xcf, 0xd3, 0xe5, 0xcf, 0xd3, 0xe5, 0xcf, 0xd3, 0xe5, 0xcf, 0xd3,
0xe5, 0xcf, 0xd3, 0xe5, 0xcf, 0xd3, 0xe5, 0xcf, 0xd3, 0xe5, 0xcf, 0xd3, 0xe5, 0xcf, 0xd3, 0xe5, 0xcf, 0xd3, 0xe5, 0xcf, 0xd3, 0xe5, 0xcf, 0xd3,
0xe5, 0xcf, 0xd3, 0xe5, 0xcf, 0xd3, 0xe5, 0xcf, 0xd3, 0xe5, 0xcf, 0xd3, 0xe5, 0xcf, 0xd3, 0xe5, 0xcf, 0xd3, 0xe5, 0xcf, 0xd3, 0xe5, 0xcf, 0xd3,
0xe5, 0xcf, 0xd3, 0xe5, 0xcf, 0xd3, 0xe7, 0xd1, 0xd5, 0xe7, 0xd1, 0xd5, 0xf1, 0xdb, 0xdf, 0xe3, 0xcd, 0xd1, 0x40, 0x2c, 0x30, 0x02, 0x00, 0x00,
0x15, 0x06, 0x09, 0x14, 0x05, 0x08, 0x0f, 0x03, 0x05, 0x12, 0x06, 0x08, 0x14, 0x08, 0x0a, 0x0e, 0x02, 0x04, 0x13, 0x07, 0x09, 0x13, 0x07, 0x09,
0x28, 0x1c, 0x1e, 0xa4, 0x98, 0x9a, 0xe3, 0xd7, 0xd9, 0xdc, 0xd0, 0xd2, 0xe2, 0xd6, 0xd8, 0xe2, 0xd6, 0xd8, 0xe2, 0xd6, 0xd8, 0xe2, 0xd6, 0xd8,
0xe3, 0xd7, 0xd9, 0xe3, 0xd7, 0xd9, 0xe2, 0xd6, 0xd8, 0xe3, 0xd7, 0xd9, 0xe3, 0xd7, 0xd9, 0xe3, 0xd7, 0xd9, 0xe3, 0xd7, 0xd9, 0xe3, 0xd7, 0xd9,
0xe3, 0xd7, 0xd9, 0xe3, 0xd7, 0xd9, 0xe3, 0xd7, 0xd9, 0xe3, 0xd7, 0xd9, 0xe3, 0xd7, 0xd9, 0xe3, 0xd7, 0xd9, 0xe3, 0xd7, 0xd9, 0xe3, 0xd7, 0xd9,
0xe3, 0xd7, 0xd9, 0xe2, 0xd6, 0xd8, 0xe1, 0xd5, 0xd7, 0xe1, 0xd5, 0xd7, 0xe0, 0xd4, 0xd6, 0xdf, 0xd3, 0xd5, 0xdf, 0xd3, 0xd5, 0xdf, 0xd3, 0xd5,
0xdf, 0xd3, 0xd5, 0xdf, 0xd3, 0xd5, 0xdf, 0xd3, 0xd5, 0xdf, 0xd3, 0xd5, 0xdd, 0xd1, 0xd3, 0xdc, 0xd0, 0xd2, 0xdd, 0xce, 0xd1, 0xdd, 0xce, 0xd1,
0xe3, 0xcd, 0xd1, 0xe3, 0xcd, 0xd1, 0xe4, 0xcc, 0xd0, 0xe3, 0xcb, 0xcf, 0xe2, 0xca, 0xce, 0xe0, 0xc8, 0xcc, 0xdf, 0xc7, 0xcb, 0xde, 0xc6, 0xca,
0xde, 0xc6, 0xca, 0xde, 0xc6, 0xca, 0xe0, 0xc8, 0xcc, 0xe2, 0xca, 0xce, 0xe3, 0xcb, 0xcf, 0xe4, 0xcc, 0xd0, 0xe4, 0xce, 0xd2, 0xe4, 0xce, 0xd2,
0xdd, 0xce, 0xd1, 0x5c, 0x4d, 0x50, 0x00, 0x00, 0x00, 0x00, 0x00, 0x00, 0x00, 0x00, 0x00, 0x00, 0x00, 0x00, 0x03, 0x00, 0x00, 0x06, 0x00, 0x00,
0x0e, 0x02, 0x04, 0x08, 0x00, 0x00, 0x0e, 0x02, 0x04, 0x0c, 0x00, 0x02, 0x0f, 0x03, 0x05, 0x17, 0x0b, 0x0d, 0x78, 0x6c, 0x6e, 0xc6, 0xba, 0xbc,
0xe1, 0xd5, 0xd7, 0xe1, 0xd5, 0xd7, 0xe2, 0xd6, 0xd8, 0xe3, 0xd7, 0xd9, 0xe3, 0xd7, 0xd9, 0xe3, 0xd7, 0xd9, 0xe3, 0xd7, 0xd9, 0xe2, 0xd6, 0xd8,
0xe1, 0xd5, 0xd7, 0xe1, 0xd5, 0xd7, 0xe0, 0xd4, 0xd6, 0xdf, 0xd3, 0xd5, 0xdf, 0xd3, 0xd5, 0xdf, 0xd3, 0xd5, 0xdf, 0xd3, 0xd5, 0xdf, 0xd3, 0xd5,
0xdf, 0xd3, 0xd5, 0xdf, 0xd3, 0xd5, 0xdf, 0xd3, 0xd5, 0xdf, 0xd3, 0xd5, 0xdf, 0xd3, 0xd5, 0xdf, 0xd3, 0xd5, 0xe1, 0xd2, 0xd5, 0xe1, 0xd2, 0xd5,
0xe3, 0xcf, 0xd3, 0xe3, 0xcf, 0xd3, 0xe5, 0xcf, 0xd3, 0xe5, 0xcf, 0xd3, 0xe5, 0xcf, 0xd3, 0xe5, 0xcf, 0xd3, 0xe5, 0xcf, 0xd3, 0xe5, 0xcf, 0xd3,
0xe5, 0xcf, 0xd3, 0xe5, 0xcf, 0xd3, 0xe5, 0xcf, 0xd3, 0xe5, 0xcf, 0xd3, 0xe5, 0xcf, 0xd3, 0xe5, 0xcf, 0xd3, 0xe5, 0xcf, 0xd3, 0xe5, 0xcf, 0xd3,
0xe5, 0xcf, 0xd3, 0xe5, 0xcf, 0xd3, 0xe5, 0xcf, 0xd3, 0xe5, 0xcf, 0xd3, 0xe5, 0xcf, 0xd3, 0xe5, 0xcf, 0xd3, 0xe5, 0xcf, 0xd3, 0xe5, 0xcf, 0xd3,
0xe5, 0xcf, 0xd3, 0xe3, 0xcd, 0xd1, 0xe2, 0xcc, 0xd0, 0xe5, 0xcf, 0xd3, 0xce, 0xb8, 0xbc, 0x81, 0x6b, 0x6f, 0x00, 0x00, 0x00, 0x05, 0x00, 0x00,
0x14, 0x05, 0x08, 0x14, 0x05, 0x08, 0x0f, 0x03, 0x05, 0x12, 0x06, 0x08, 0x14, 0x08, 0x0a, 0x10, 0x04, 0x06, 0x12, 0x06, 0x08, 0x13, 0x07, 0x09,
0x00, 0x00, 0x00, 0x52, 0x46, 0x48, 0xb9, 0xad, 0xaf, 0xd9, 0xcd, 0xcf, 0xe1, 0xd5, 0xd7, 0xe1, 0xd5, 0xd7, 0xe1, 0xd5, 0xd7, 0xe1, 0xd5, 0xd7,
0xe1, 0xd5, 0xd7, 0xe1, 0xd5, 0xd7, 0xe1, 0xd5, 0xd7, 0xe1, 0xd5, 0xd7, 0xe1, 0xd5, 0xd7, 0xe1, 0xd5, 0xd7, 0xe1, 0xd5, 0xd7, 0xe1, 0xd5, 0xd7,
0xe1, 0xd5, 0xd7, 0xe1, 0xd5, 0xd7, 0xe1, 0xd5, 0xd7, 0xe1, 0xd5, 0xd7, 0xe1, 0xd5, 0xd7, 0xe1, 0xd5, 0xd7, 0xe1, 0xd5, 0xd7, 0xe1, 0xd5, 0xd7,
0xe1, 0xd5, 0xd7, 0xe0, 0xd4, 0xd6, 0xdf, 0xd3, 0xd5, 0xdf, 0xd3, 0xd5, 0xdd, 0xd1, 0xd3, 0xdc, 0xd0, 0xd2, 0xdc, 0xd0, 0xd2, 0xdc, 0xd0, 0xd2,
0xdc, 0xd0, 0xd2, 0xdc, 0xd0, 0xd2, 0xdc, 0xd0, 0xd2, 0xdc, 0xd0, 0xd2, 0xdb, 0xcf, 0xd1, 0xda, 0xce, 0xd0, 0xdc, 0xcd, 0xd0, 0xdc, 0xcd, 0xd0,
0xe2, 0xcc, 0xd0, 0xe3, 0xcd, 0xd1, 0xe4, 0xcc, 0xd0, 0xe3, 0xcb, 0xcf, 0xe2, 0xca, 0xce, 0xe0, 0xc8, 0xcc, 0xe0, 0xc8, 0xcc, 0xdf, 0xc7, 0xcb,
0xe0, 0xc8, 0xcc, 0xe0, 0xc8, 0xcc, 0xe4, 0xcc, 0xd0, 0xe5, 0xcd, 0xd1, 0xde, 0xc6, 0xca, 0xe5, 0xcd, 0xd1, 0xe4, 0xce, 0xd2, 0xe4, 0xce, 0xd2,
0x8a, 0x7b, 0x7e, 0x10, 0x01, 0x04, 0x00, 0x00, 0x00, 0x00, 0x00, 0x00, 0x00, 0x00, 0x00, 0x01, 0x00, 0x00, 0x04, 0x00, 0x00, 0x06, 0x00, 0x00,
0x0c, 0x00, 0x02, 0x0c, 0x00, 0x02, 0x0c, 0x00, 0x02, 0x0c, 0x00, 0x02, 0x2e, 0x22, 0x24, 0x00, 0x00, 0x00, 0x2f, 0x23, 0x25, 0xa4, 0x98, 0x9a,
0xe1, 0xd5, 0xd7, 0xe1, 0xd5, 0xd7, 0xe2, 0xd6, 0xd8, 0xe3, 0xd7, 0xd9, 0xe4, 0xd8, 0xda, 0xe4, 0xd8, 0xda, 0xe3, 0xd7, 0xd9, 0xe2, 0xd6, 0xd8,
0xe1, 0xd5, 0xd7, 0xe0, 0xd4, 0xd6, 0xdf, 0xd3, 0xd5, 0xdd, 0xd1, 0xd3, 0xdd, 0xd1, 0xd3, 0xdd, 0xd1, 0xd3, 0xdd, 0xd1, 0xd3, 0xdd, 0xd1, 0xd3,
0xdd, 0xd1, 0xd3, 0xdd, 0xd1, 0xd3, 0xdd, 0xd1, 0xd3, 0xdd, 0xd1, 0xd3, 0xdd, 0xd1, 0xd3, 0xdd, 0xd1, 0xd3, 0xdf, 0xd0, 0xd3, 0xdf, 0xd0, 0xd3,
0xe3, 0xcf, 0xd3, 0xe3, 0xcf, 0xd3, 0xe5, 0xcf, 0xd3, 0xe5, 0xcf, 0xd3, 0xe5, 0xcf, 0xd3, 0xe5, 0xcf, 0xd3, 0xe5, 0xcf, 0xd3, 0xe5, 0xcf, 0xd3,
0xe5, 0xcf, 0xd3, 0xe5, 0xcf, 0xd3, 0xe5, 0xcf, 0xd3, 0xe5, 0xcf, 0xd3, 0xe5, 0xcf, 0xd3, 0xe5, 0xcf, 0xd3, 0xe5, 0xcf, 0xd3, 0xe5, 0xcf, 0xd3,
0xe5, 0xcf, 0xd3, 0xe5, 0xcf, 0xd3, 0xe5, 0xcf, 0xd3, 0xe5, 0xcf, 0xd3, 0xe5, 0xcf, 0xd3, 0xe5, 0xcf, 0xd3, 0xe5, 0xcf, 0xd3, 0xe5, 0xcf, 0xd3,
0xe5, 0xcf, 0xd3, 0xe4, 0xce, 0xd2, 0xe1, 0xcb, 0xcf, 0xe5, 0xcf, 0xd3, 0xab, 0x95, 0x99, 0x18, 0x02, 0x06, 0x06, 0x00, 0x00, 0x16, 0x02, 0x06,
0x12, 0x03, 0x06, 0x15, 0x06, 0x09, 0x10, 0x04, 0x06, 0x12, 0x06, 0x08, 0x14, 0x08, 0x0a, 0x13, 0x07, 0x09, 0x12, 0x06, 0x08, 0x12, 0x06, 0x08,
0x00, 0x00, 0x00, 0x08, 0x00, 0x00, 0x7a, 0x6e, 0x70, 0xd9, 0xcd, 0xcf, 0xe1, 0xd5, 0xd7, 0xe1, 0xd5, 0xd7, 0xe1, 0xd5, 0xd7, 0xe1, 0xd5, 0xd7,
0xe0, 0xd4, 0xd6, 0xe0, 0xd4, 0xd6, 0xe0, 0xd4, 0xd6, 0xe0, 0xd4, 0xd6, 0xe0, 0xd4, 0xd6, 0xe0, 0xd4, 0xd6, 0xe0, 0xd4, 0xd6, 0xe0, 0xd4, 0xd6,
0xe0, 0xd4, 0xd6, 0xe0, 0xd4, 0xd6, 0xe0, 0xd4, 0xd6, 0xe0, 0xd4, 0xd6, 0xe0, 0xd4, 0xd6, 0xe0, 0xd4, 0xd6, 0xe0, 0xd4, 0xd6, 0xe0, 0xd4, 0xd6,
0xe0, 0xd4, 0xd6, 0xdf, 0xd3, 0xd5, 0xdd, 0xd1, 0xd3, 0xdc, 0xd0, 0xd2, 0xdc, 0xd0, 0xd2, 0xdb, 0xcf, 0xd1, 0xdb, 0xcf, 0xd1, 0xdb, 0xcf, 0xd1,
0xdb, 0xcf, 0xd1, 0xdb, 0xcf, 0xd1, 0xda, 0xce, 0xd0, 0xda, 0xce, 0xd0, 0xda, 0xce, 0xd0, 0xd9, 0xcd, 0xcf, 0xdb, 0xcc, 0xcf, 0xdb, 0xcc, 0xcf,
0xe2, 0xcc, 0xd0, 0xe3, 0xcd, 0xd1, 0xe4, 0xcc, 0xd0, 0xe3, 0xcb, 0xcf, 0xe2, 0xca, 0xce, 0xe0, 0xc8, 0xcc, 0xe0, 0xc8, 0xcc, 0xe0, 0xc8, 0xcc,
0xe2, 0xca, 0xce, 0xe3, 0xcb, 0xcf, 0xe6, 0xce, 0xd2, 0xe6, 0xce, 0xd2, 0xdc, 0xc4, 0xc8, 0xe4, 0xcc, 0xd0, 0xe4, 0xce, 0xd2, 0xe4, 0xce, 0xd2,
0x16, 0x07, 0x0a, 0x0a, 0x00, 0x00, 0x3f, 0x33, 0x35, 0x00, 0x00, 0x00, 0x00, 0x00, 0x00, 0x03, 0x00, 0x00, 0x04, 0x00, 0x00, 0x06, 0x00, 0x00,
0x0c, 0x00, 0x02, 0x0c, 0x00, 0x02, 0x0c, 0x00, 0x02, 0x0c, 0x00, 0x02, 0x0c, 0x00, 0x02, 0x0c, 0x00, 0x02, 0x0c, 0x00, 0x02, 0x0c, 0x00, 0x02,
0xbd, 0xb1, 0xb3, 0xce, 0xc2, 0xc4, 0xc0, 0xb4, 0xb6, 0xd6, 0xca, 0xcc, 0xe4, 0xd8, 0xda, 0xe4, 0xd8, 0xda, 0xe3, 0xd7, 0xd9, 0xe2, 0xd6, 0xd8,
0xe1, 0xd5, 0xd7, 0xe0, 0xd4, 0xd6, 0xdf, 0xd3, 0xd5, 0xdd, 0xd1, 0xd3, 0xdd, 0xd1, 0xd3, 0xdd, 0xd1, 0xd3, 0xdd, 0xd1, 0xd3, 0xdd, 0xd1, 0xd3,
0xdd, 0xd1, 0xd3, 0xdd, 0xd1, 0xd3, 0xdd, 0xd1, 0xd3, 0xdd, 0xd1, 0xd3, 0xdd, 0xd1, 0xd3, 0xdd, 0xd1, 0xd3, 0xdf, 0xd0, 0xd3, 0xdf, 0xd0, 0xd3,
0xe3, 0xcf, 0xd3, 0xe3, 0xcf, 0xd3, 0xe5, 0xcf, 0xd3, 0xe5, 0xcf, 0xd3, 0xe5, 0xcf, 0xd3, 0xe5, 0xcf, 0xd3, 0xe5, 0xcf, 0xd3, 0xe5, 0xcf, 0xd3,
0xe5, 0xcf, 0xd3, 0xe5, 0xcf, 0xd3, 0xe5, 0xcf, 0xd3, 0xe5, 0xcf, 0xd3, 0xe5, 0xcf, 0xd3, 0xe5, 0xcf, 0xd3, 0xe5, 0xcf, 0xd3, 0xe5, 0xcf, 0xd3,
0xe5, 0xcf, 0xd3, 0xe5, 0xcf, 0xd3, 0xe5, 0xcf, 0xd3, 0xe5, 0xcf, 0xd3, 0xe5, 0xcf, 0xd3, 0xe5, 0xcf, 0xd3, 0xe5, 0xcf, 0xd3, 0xe5, 0xcf, 0xd3,
0xe4, 0xce, 0xd2, 0xe0, 0xca, 0xce, 0xdc, 0xc6, 0xca, 0xd7, 0xc1, 0xc5, 0x38, 0x22, 0x26, 0x1c, 0x06, 0x0a, 0x12, 0x00, 0x02, 0x14, 0x00, 0x04,
0x14, 0x05, 0x08, 0x14, 0x05, 0x08, 0x10, 0x04, 0x06, 0x13, 0x07, 0x09, 0x13, 0x07, 0x09, 0x13, 0x07, 0x09, 0x12, 0x06, 0x08, 0x13, 0x07, 0x09,
0x05, 0x00, 0x00, 0x03, 0x00, 0x00, 0x21, 0x15, 0x17, 0x76, 0x6a, 0x6c, 0xee, 0xe2, 0xe4, 0xdd, 0xd1, 0xd3, 0xc4, 0xb8, 0xba, 0xd6, 0xca, 0xcc,
0xdf, 0xd3, 0xd5, 0xdf, 0xd3, 0xd5, 0xdf, 0xd3, 0xd5, 0xdf, 0xd3, 0xd5, 0xdf, 0xd3, 0xd5, 0xdf, 0xd3, 0xd5, 0xdf, 0xd3, 0xd5, 0xdf, 0xd3, 0xd5,
0xdf, 0xd3, 0xd5, 0xdf, 0xd3, 0xd5, 0xdf, 0xd3, 0xd5, 0xdf, 0xd3, 0xd5, 0xdf, 0xd3, 0xd5, 0xdf, 0xd3, 0xd5, 0xdf, 0xd3, 0xd5, 0xdf, 0xd3, 0xd5,
0xdf, 0xd3, 0xd5, 0xdd, 0xd1, 0xd3, 0xdc, 0xd0, 0xd2, 0xdb, 0xcf, 0xd1, 0xda, 0xce, 0xd0, 0xd9, 0xcd, 0xcf, 0xd9, 0xcd, 0xcf, 0xd9, 0xcd, 0xcf,
0xda, 0xce, 0xd0, 0xda, 0xce, 0xd0, 0xd9, 0xcd, 0xcf, 0xd9, 0xcd, 0xcf, 0xd8, 0xcc, 0xce, 0xd8, 0xcc, 0xce, 0xda, 0xcb, 0xce, 0xda, 0xcb, 0xce,
0xe2, 0xcc, 0xd0, 0xe2, 0xcc, 0xd0, 0xe3, 0xcb, 0xcf, 0xe3, 0xcb, 0xcf, 0xe2, 0xca, 0xce, 0xe0, 0xc8, 0xcc, 0xe2, 0xca, 0xce, 0xe2, 0xca, 0xce,
0xe5, 0xcd, 0xd1, 0xe5, 0xcd, 0xd1, 0xe9, 0xd1, 0xd5, 0xea, 0xd2, 0xd6, 0xd9, 0xc1, 0xc5, 0xe7, 0xcf, 0xd3, 0xd0, 0xba, 0xbe, 0x3e, 0x28, 0x2c,
0x07, 0x00, 0x00, 0x07, 0x00, 0x00, 0x04, 0x00, 0x00, 0x00, 0x00, 0x00, 0x03, 0x00, 0x00, 0x03, 0x00, 0x00, 0x05, 0x00, 0x00, 0x06, 0x00, 0x00,
0x0c, 0x00, 0x02, 0x0c, 0x00, 0x02, 0x0c, 0x00, 0x02, 0x0c, 0x00, 0x02, 0x0c, 0x00, 0x02, 0x0c, 0x00, 0x02, 0x0c, 0x00, 0x02, 0x0c, 0x00, 0x02,
0x2f, 0x23, 0x25, 0xa7, 0x9b, 0x9d, 0xdd, 0xd1, 0xd3, 0xc0, 0xb4, 0xb6, 0xe4, 0xd8, 0xda, 0xe4, 0xd8, 0xda, 0xe3, 0xd7, 0xd9, 0xe2, 0xd6, 0xd8,
0xe0, 0xd4, 0xd6, 0xdf, 0xd3, 0xd5, 0xdf, 0xd3, 0xd5, 0xdd, 0xd1, 0xd3, 0xdd, 0xd1, 0xd3, 0xdd, 0xd1, 0xd3, 0xdd, 0xd1, 0xd3, 0xdd, 0xd1, 0xd3,
0xdd, 0xd1, 0xd3, 0xdd, 0xd1, 0xd3, 0xdd, 0xd1, 0xd3, 0xdd, 0xd1, 0xd3, 0xdd, 0xd1, 0xd3, 0xdd, 0xd1, 0xd3, 0xdf, 0xd0, 0xd3, 0xdf, 0xd0, 0xd3,
0xe3, 0xcf, 0xd3, 0xe3, 0xcf, 0xd3, 0xe5, 0xcf, 0xd3, 0xe5, 0xcf, 0xd3, 0xe5, 0xcf, 0xd3, 0xe5, 0xcf, 0xd3, 0xe5, 0xcf, 0xd3, 0xe5, 0xcf, 0xd3,
0xe5, 0xcf, 0xd3, 0xe5, 0xcf, 0xd3, 0xe5, 0xcf, 0xd3, 0xe5, 0xcf, 0xd3, 0xe5, 0xcf, 0xd3, 0xe5, 0xcf, 0xd3, 0xe5, 0xcf, 0xd3, 0xe5, 0xcf, 0xd3,
0xe5, 0xcf, 0xd3, 0xe5, 0xcf, 0xd3, 0xe5, 0xcf, 0xd3, 0xe5, 0xcf, 0xd3, 0xe8, 0xd2, 0xd6, 0xe5, 0xcf, 0xd3, 0xe3, 0xcd, 0xd1, 0xe3, 0xcd, 0xd1,
0xe1, 0xcb, 0xcf, 0xdc, 0xc6, 0xca, 0xd7, 0xc1, 0xc5, 0x38, 0x22, 0x26, 0x1c, 0x06, 0x0a, 0x17, 0x01, 0x05, 0x15, 0x01, 0x05, 0x16, 0x02, 0x06,
0x12, 0x03, 0x06, 0x14, 0x05, 0x08, 0x10, 0x04, 0x06, 0x13, 0x07, 0x09, 0x13, 0x07, 0x09, 0x13, 0x07, 0x09, 0x12, 0x06, 0x08, 0x13, 0x07, 0x09,
0x0c, 0x00, 0x02, 0x0c, 0x00, 0x02, 0x03, 0x00, 0x00, 0x21, 0x15, 0x17, 0x77, 0x6b, 0x6d, 0xda, 0xce, 0xd0, 0xe8, 0xdc, 0xde, 0xc4, 0xb8, 0xba,
0xdd, 0xd1, 0xd3, 0xdf, 0xd3, 0xd5, 0xdf, 0xd3, 0xd5, 0xdd, 0xd1, 0xd3, 0xdd, 0xd1, 0xd3, 0xdd, 0xd1, 0xd3, 0xdd, 0xd1, 0xd3, 0xdd, 0xd1, 0xd3,
0xdd, 0xd1, 0xd3, 0xdd, 0xd1, 0xd3, 0xdd, 0xd1, 0xd3, 0xdd, 0xd1, 0xd3, 0xdd, 0xd1, 0xd3, 0xdd, 0xd1, 0xd3, 0xdd, 0xd1, 0xd3, 0xdd, 0xd1, 0xd3,
0xdc, 0xd0, 0xd2, 0xdc, 0xd0, 0xd2, 0xdb, 0xcf, 0xd1, 0xda, 0xce, 0xd0, 0xd9, 0xcd, 0xcf, 0xd8, 0xcc, 0xce, 0xd8, 0xcc, 0xce, 0xd8, 0xcc, 0xce,
0xd9, 0xcd, 0xcf, 0xd9, 0xcd, 0xcf, 0xd8, 0xcc, 0xce, 0xd8, 0xcc, 0xce, 0xd6, 0xca, 0xcc, 0xd6, 0xca, 0xcc, 0xd8, 0xc9, 0xcc, 0xda, 0xcb, 0xce,
0xe1, 0xcb, 0xcf, 0xe2, 0xcc, 0xd0, 0xe4, 0xcc, 0xd0, 0xe4, 0xcc, 0xd0, 0xe2, 0xca, 0xce, 0xe0, 0xc8, 0xcc, 0xe4, 0xcc, 0xd0, 0xe3, 0xcb, 0xcf,
0xe5, 0xcd, 0xd1, 0xe6, 0xce, 0xd2, 0xeb, 0xd3, 0xd7, 0xeb, 0xd3, 0xd7, 0xd6, 0xbe, 0xc2, 0xf2, 0xda, 0xde, 0x5d, 0x47, 0x4b, 0x1e, 0x08, 0x0c,
0x07, 0x00, 0x00, 0x07, 0x00, 0x00, 0x04, 0x00, 0x00, 0x01, 0x00, 0x00, 0x03, 0x00, 0x00, 0x04, 0x00, 0x00, 0x05, 0x00, 0x00, 0x06, 0x00, 0x00,
0x0a, 0x00, 0x02, 0x0a, 0x00, 0x02, 0x0a, 0x00, 0x02, 0x0a, 0x00, 0x02, 0x0a, 0x00, 0x02, 0x0a, 0x00, 0x02, 0x0a, 0x00, 0x02, 0x0a, 0x00, 0x02,
0x00, 0x00, 0x00, 0x3c, 0x32, 0x34, 0xa5, 0x9b, 0x9d, 0xcc, 0xc2, 0xc4, 0xe4, 0xda, 0xdc, 0xe2, 0xd8, 0xda, 0xe1, 0xd7, 0xd9, 0xe0, 0xd6, 0xd8,
0xdf, 0xd3, 0xd5, 0xdf, 0xd3, 0xd5, 0xdf, 0xd0, 0xd3, 0xdf, 0xd0, 0xd3, 0xdf, 0xd0, 0xd3, 0xdf, 0xd0, 0xd3, 0xdf, 0xd0, 0xd3, 0xdf, 0xd0, 0xd3,
0xdf, 0xd0, 0xd3, 0xdf, 0xd0, 0xd3, 0xdf, 0xd0, 0xd3, 0xdf, 0xd0, 0xd3, 0xdf, 0xd0, 0xd3, 0xdf, 0xd0, 0xd3, 0xe1, 0xd0, 0xd3, 0xe1, 0xd0, 0xd3,
0xe5, 0xcf, 0xd3, 0xe5, 0xcf, 0xd3, 0xe5, 0xcf, 0xd3, 0xe5, 0xcf, 0xd3, 0xe5, 0xcf, 0xd3, 0xe5, 0xcf, 0xd3, 0xe5, 0xcf, 0xd3, 0xe5, 0xcf, 0xd3,
0xe5, 0xcf, 0xd3, 0xe5, 0xcf, 0xd3, 0xe5, 0xcf, 0xd3, 0xe5, 0xcf, 0xd3, 0xe5, 0xcf, 0xd3, 0xe5, 0xcf, 0xd3, 0xe5, 0xcf, 0xd3, 0xe5, 0xcf, 0xd3,
0xe3, 0xcf, 0xd3, 0xe3, 0xcf, 0xd3, 0xe1, 0xd0, 0xd3, 0xe1, 0xd0, 0xd3, 0xe7, 0xd6, 0xd9, 0xe1, 0xd0, 0xd3, 0xde, 0xcd, 0xd0, 0xdd, 0xcc, 0xcf,
0xd8, 0xc7, 0xca, 0xd3, 0xc2, 0xc5, 0x33, 0x22, 0x25, 0x0a, 0x00, 0x00, 0x11, 0x00, 0x03, 0x13, 0x02, 0x05, 0x12, 0x03, 0x06, 0x14, 0x05, 0x08,
0x10, 0x04, 0x06, 0x10, 0x04, 0x06, 0x0e, 0x04, 0x06, 0x10, 0x06, 0x08, 0x10, 0x06, 0x08, 0x10, 0x06, 0x08, 0x10, 0x06, 0x08, 0x10, 0x06, 0x08,
0x0e, 0x04, 0x06, 0x0d, 0x03, 0x05, 0x0a, 0x00, 0x02, 0x01, 0x00, 0x00, 0x10, 0x06, 0x08, 0x81, 0x77, 0x79, 0xd8, 0xce, 0xd0, 0xd9, 0xcf, 0xd1,
0xdc, 0xd0, 0xd2, 0xdd, 0xd1, 0xd3, 0xdf, 0xd3, 0xd5, 0xdc, 0xd0, 0xd2, 0xdc, 0xd0, 0xd2, 0xdc, 0xd0, 0xd2, 0xdc, 0xd0, 0xd2, 0xdc, 0xd0, 0xd2,
0xdc, 0xd0, 0xd2, 0xdc, 0xd0, 0xd2, 0xdc, 0xd0, 0xd2, 0xdd, 0xd1, 0xd3, 0xdd, 0xd1, 0xd3, 0xdd, 0xd1, 0xd3, 0xdd, 0xd1, 0xd3, 0xdc, 0xd0, 0xd2,
0xdd, 0xce, 0xd1, 0xdd, 0xce, 0xd1, 0xdc, 0xcd, 0xd0, 0xdb, 0xcc, 0xcf, 0xda, 0xcb, 0xce, 0xda, 0xcb, 0xce, 0xda, 0xcb, 0xce, 0xda, 0xcb, 0xce,
0xda, 0xcb, 0xce, 0xda, 0xcb, 0xce, 0xd8, 0xc9, 0xcc, 0xd8, 0xc9, 0xcc, 0xd8, 0xc9, 0xcc, 0xd8, 0xc9, 0xcc, 0xda, 0xc9, 0xcc, 0xdc, 0xcb, 0xce,
0xe1, 0xcb, 0xcf, 0xe2, 0xcc, 0xd0, 0xe3, 0xcd, 0xd1, 0xe3, 0xcd, 0xd1, 0xe0, 0xca, 0xce, 0xde, 0xc8, 0xcc, 0xe4, 0xce, 0xd2, 0xe2, 0xcc, 0xd0,
0xe3, 0xcd, 0xd1, 0xe8, 0xd2, 0xd6, 0xec, 0xd6, 0xda, 0xec, 0xd6, 0xda, 0xc6, 0xb0, 0xb4, 0x87, 0x71, 0x75, 0x00, 0x00, 0x00, 0x03, 0x00, 0x00,
0x07, 0x00, 0x00, 0x08, 0x00, 0x00, 0x05, 0x00, 0x00, 0x04, 0x00, 0x00, 0x04, 0x00, 0x00, 0x05, 0x00, 0x00, 0x06, 0x00, 0x00, 0x07, 0x00, 0x00,
0x0a, 0x00, 0x02, 0x0a, 0x00, 0x02, 0x0a, 0x00, 0x02, 0x0a, 0x00, 0x02, 0x0a, 0x00, 0x02, 0x0a, 0x00, 0x02, 0x0a, 0x00, 0x02, 0x0a, 0x00, 0x02,
0x00, 0x00, 0x00, 0x00, 0x00, 0x00, 0x2d, 0x23, 0x25, 0xbb, 0xb1, 0xb3, 0xe4, 0xda, 0xdc, 0xe2, 0xd8, 0xda, 0xe1, 0xd7, 0xd9, 0xd9, 0xcf, 0xd1,
0xdd, 0xd1, 0xd3, 0xdf, 0xd3, 0xd5, 0xdf, 0xd0, 0xd3, 0xdf, 0xd0, 0xd3, 0xdf, 0xd0, 0xd3, 0xdf, 0xd0, 0xd3, 0xdf, 0xd0, 0xd3, 0xdf, 0xd0, 0xd3,
0xdf, 0xd0, 0xd3, 0xdf, 0xd0, 0xd3, 0xdf, 0xd0, 0xd3, 0xdf, 0xd0, 0xd3, 0xdf, 0xd0, 0xd3, 0xdf, 0xd0, 0xd3, 0xe1, 0xd0, 0xd3, 0xe1, 0xd0, 0xd3,
0xe5, 0xcf, 0xd3, 0xe5, 0xcf, 0xd3, 0xe5, 0xcf, 0xd3, 0xe5, 0xcf, 0xd3, 0xe5, 0xcf, 0xd3, 0xe5, 0xcf, 0xd3, 0xe5, 0xcf, 0xd3, 0xe5, 0xcf, 0xd3,
0xe5, 0xcf, 0xd3, 0xe5, 0xcf, 0xd3, 0xe5, 0xcf, 0xd3, 0xe5, 0xcf, 0xd3, 0xe5, 0xcf, 0xd3, 0xe5, 0xcf, 0xd3, 0xe5, 0xcf, 0xd3, 0xe5, 0xcf, 0xd3,
0xe3, 0xcf, 0xd3, 0xe3, 0xcf, 0xd3, 0xe1, 0xd0, 0xd3, 0xe1, 0xd0, 0xd3, 0xe7, 0xd6, 0xd9, 0xe1, 0xd0, 0xd3, 0xe1, 0xd0, 0xd3, 0xe1, 0xd0, 0xd3,
0xd3, 0xc2, 0xc5, 0x34, 0x23, 0x26, 0x0a, 0x00, 0x00, 0x0f, 0x00, 0x01, 0x12, 0x01, 0x04, 0x13, 0x02, 0x05, 0x14, 0x05, 0x08, 0x14, 0x05, 0x08,
0x10, 0x04, 0x06, 0x10, 0x04, 0x06, 0x0e, 0x04, 0x06, 0x10, 0x06, 0x08, 0x10, 0x06, 0x08, 0x10, 0x06, 0x08, 0x10, 0x06, 0x08, 0x10, 0x06, 0x08,
0x0e, 0x04, 0x06, 0x0d, 0x03, 0x05, 0x0c, 0x02, 0x04, 0x05, 0x00, 0x00, 0x01, 0x00, 0x00, 0x10, 0x06, 0x08, 0x75, 0x6b, 0x6d, 0xec, 0xe2, 0xe4,
0xdd, 0xd1, 0xd3, 0xdd, 0xd1, 0xd3, 0xdc, 0xd0, 0xd2, 0xdb, 0xcf, 0xd1, 0xda, 0xce, 0xd0, 0xda, 0xce, 0xd0, 0xda, 0xce, 0xd0, 0xdb, 0xcf, 0xd1,
0xdb, 0xcf, 0xd1, 0xdb, 0xcf, 0xd1, 0xdc, 0xd0, 0xd2, 0xdc, 0xd0, 0xd2, 0xdc, 0xd0, 0xd2, 0xdc, 0xd0, 0xd2, 0xdc, 0xd0, 0xd2, 0xdc, 0xd0, 0xd2,
0xdd, 0xce, 0xd1, 0xdd, 0xce, 0xd1, 0xdb, 0xcc, 0xcf, 0xdb, 0xcc, 0xcf, 0xda, 0xcb, 0xce, 0xda, 0xcb, 0xce, 0xda, 0xcb, 0xce, 0xda, 0xcb, 0xce,
0xda, 0xcb, 0xce, 0xda, 0xcb, 0xce, 0xda, 0xcb, 0xce, 0xda, 0xcb, 0xce, 0xd8, 0xc9, 0xcc, 0xd8, 0xc9, 0xcc, 0xda, 0xc9, 0xcc, 0xdc, 0xcb, 0xce,
0xe1, 0xcb, 0xcf, 0xe2, 0xcc, 0xd0, 0xe3, 0xcd, 0xd1, 0xe3, 0xcd, 0xd1, 0xe0, 0xca, 0xce, 0xde, 0xc8, 0xcc, 0xe7, 0xd1, 0xd5, 0xe2, 0xcc, 0xd0,
0xe3, 0xcd, 0xd1, 0xe8, 0xd2, 0xd6, 0xec, 0xd6, 0xda, 0xec, 0xd6, 0xda, 0xa7, 0x91, 0x95, 0x14, 0x00, 0x02, 0x02, 0x00, 0x00, 0x12, 0x00, 0x02,
0x07, 0x00, 0x00, 0x08, 0x00, 0x00, 0x05, 0x00, 0x00, 0x05, 0x00, 0x00, 0x05, 0x00, 0x00, 0x05, 0x00, 0x00, 0x06, 0x00, 0x00, 0x07, 0x00, 0x00,
0x04, 0x01, 0x02, 0x04, 0x01, 0x02, 0x04, 0x01, 0x02, 0x04, 0x01, 0x02, 0x04, 0x01, 0x02, 0x04, 0x01, 0x02, 0x04, 0x01, 0x02, 0x04, 0x01, 0x02,
0x00, 0x00, 0x00, 0x04, 0x01, 0x02, 0x04, 0x01, 0x02, 0x04, 0x01, 0x02, 0xd2, 0xcf, 0xd0, 0xe3, 0xe0, 0xe1, 0xc3, 0xbb, 0xbd, 0xca, 0xc2, 0xc4,
0xdf, 0xd0, 0xd3, 0xdf, 0xd0, 0xd3, 0xe1, 0xd0, 0xd3, 0xe1, 0xd0, 0xd3, 0xe1, 0xd0, 0xd3, 0xe1, 0xd0, 0xd3, 0xe3, 0xcf, 0xd3, 0xe3, 0xcf, 0xd3,
0xe3, 0xcf, 0xd3, 0xe3, 0xcf, 0xd3, 0xe5, 0xcf, 0xd3, 0xe5, 0xcf, 0xd3, 0xe5, 0xcf, 0xd3, 0xe5, 0xcf, 0xd3, 0xe5, 0xcf, 0xd3, 0xe5, 0xcf, 0xd3,
0xe7, 0xcf, 0xd3, 0xe7, 0xcf, 0xd3, 0xe7, 0xcf, 0xd3, 0xe7, 0xcf, 0xd3, 0xe7, 0xcf, 0xd3, 0xe7, 0xcf, 0xd3, 0xe7, 0xcf, 0xd3, 0xe7, 0xcf, 0xd3,
0xe7, 0xcf, 0xd3, 0xe7, 0xcf, 0xd3, 0xe7, 0xcf, 0xd3, 0xe7, 0xcf, 0xd3, 0xe7, 0xcf, 0xd3, 0xe7, 0xcf, 0xd3, 0xe3, 0xcf, 0xd3, 0xe3, 0xcf, 0xd3,
0xdd, 0xd1, 0xd3, 0xdd, 0xd1, 0xd3, 0xd9, 0xd1, 0xd3, 0xd9, 0xd1, 0xd3, 0xe3, 0xdb, 0xdd, 0xd7, 0xcf, 0xd1, 0xce, 0xc6, 0xc8, 0xb1, 0xa9, 0xab,
0x49, 0x41, 0x43, 0x0e, 0x06, 0x08, 0x0c, 0x04, 0x06, 0x0a, 0x02, 0x04, 0x0b, 0x03, 0x05, 0x0c, 0x04, 0x06, 0x0c, 0x04, 0x06, 0x0c, 0x04, 0x06,
0x0b, 0x03, 0x05, 0x0b, 0x03, 0x05, 0x09, 0x04, 0x05, 0x09, 0x04, 0x05, 0x09, 0x04, 0x05, 0x09, 0x04, 0x05, 0x09, 0x04, 0x05, 0x09, 0x04, 0x05,
0x09, 0x04, 0x05, 0x09, 0x04, 0x05, 0x07, 0x02, 0x03, 0x04, 0x00, 0x00, 0x00, 0x00, 0x00, 0x00, 0x00, 0x00, 0x07, 0x02, 0x03, 0x5c, 0x57, 0x58,
0xd2, 0xc8, 0xca, 0xe8, 0xde, 0xe0, 0xd7, 0xcd, 0xcf, 0xd6, 0xcc, 0xce, 0xd6, 0xcc, 0xce, 0xd6, 0xcc, 0xce, 0xd6, 0xcc, 0xce, 0xd7, 0xcd, 0xcf,
0xd7, 0xcd, 0xcf, 0xd8, 0xce, 0xd0, 0xdb, 0xcf, 0xd1, 0xdb, 0xcf, 0xd1, 0xdb, 0xcf, 0xd1, 0xdb, 0xcf, 0xd1, 0xdd, 0xce, 0xd1, 0xdd, 0xce, 0xd1,
0xe0, 0xcc, 0xd0, 0xe0, 0xcc, 0xd0, 0xe1, 0xcb, 0xcf, 0xe1, 0xcb, 0xcf, 0xe1, 0xcb, 0xcf, 0xe0, 0xca, 0xce, 0xe0, 0xca, 0xce, 0xe0, 0xca, 0xce,
0xe0, 0xca, 0xce, 0xe0, 0xca, 0xce, 0xe0, 0xca, 0xce, 0xe0, 0xca, 0xce, 0xe0, 0xca, 0xce, 0xe0, 0xca, 0xce, 0xdf, 0xcb, 0xcf, 0xdf, 0xcb, 0xcf,
0xdf, 0xcb, 0xcf, 0xe0, 0xcc, 0xd0, 0xdf, 0xce, 0xd1, 0xdf, 0xce, 0xd1, 0xfa, 0xe9, 0xec, 0xfb, 0xea, 0xed, 0xea, 0xd9, 0xdc, 0xe4, 0xd3, 0xd6,
0xde, 0xcd, 0xd0, 0xe8, 0xd7, 0xda, 0xb6, 0xa5, 0xa8, 0x3e, 0x2d, 0x30, 0x2f, 0x1e, 0x21, 0x11, 0x00, 0x03, 0x07, 0x00, 0x00, 0x07, 0x00, 0x00,
0x06, 0x00, 0x00, 0x06, 0x00, 0x00, 0x04, 0x00, 0x00, 0x04, 0x00, 0x00, 0x04, 0x00, 0x00, 0x05, 0x00, 0x00, 0x05, 0x00, 0x00, 0x05, 0x00, 0x00,
0x04, 0x01, 0x02, 0x04, 0x01, 0x02, 0x04, 0x01, 0x02, 0x04, 0x01, 0x02, 0x04, 0x01, 0x02, 0x04, 0x01, 0x02, 0x04, 0x01, 0x02, 0x04, 0x01, 0x02,
0x02, 0x00, 0x00, 0x04, 0x01, 0x02, 0x04, 0x01, 0x02, 0x04, 0x01, 0x02, 0x12, 0x0f, 0x10, 0xa3, 0xa0, 0xa1, 0xe7, 0xdf, 0xe1, 0xc3, 0xbb, 0xbd,
0xde, 0xcf, 0xd2, 0xdf, 0xd0, 0xd3, 0xe1, 0xd0, 0xd3, 0xe1, 0xd0, 0xd3, 0xe1, 0xd0, 0xd3, 0xe1, 0xd0, 0xd3, 0xe3, 0xcf, 0xd3, 0xe3, 0xcf, 0xd3,
0xe3, 0xcf, 0xd3, 0xe3, 0xcf, 0xd3, 0xe5, 0xcf, 0xd3, 0xe5, 0xcf, 0xd3, 0xe5, 0xcf, 0xd3, 0xe5, 0xcf, 0xd3, 0xe5, 0xcf, 0xd3, 0xe5, 0xcf, 0xd3,
0xe7, 0xcf, 0xd3, 0xe7, 0xcf, 0xd3, 0xe7, 0xcf, 0xd3, 0xe7, 0xcf, 0xd3, 0xe7, 0xcf, 0xd3, 0xe7, 0xcf, 0xd3, 0xe7, 0xcf, 0xd3, 0xe7, 0xcf, 0xd3,
0xe7, 0xcf, 0xd3, 0xe7, 0xcf, 0xd3, 0xe7, 0xcf, 0xd3, 0xe7, 0xcf, 0xd3, 0xe7, 0xcf, 0xd3, 0xe7, 0xcf, 0xd3, 0xe3, 0xcf, 0xd3, 0xe3, 0xcf, 0xd3,
0xdd, 0xd1, 0xd3, 0xdd, 0xd1, 0xd3, 0xd9, 0xd1, 0xd3, 0xd9, 0xd1, 0xd3, 0xe2, 0xda, 0xdc, 0xf7, 0xef, 0xf1, 0xa5, 0x9d, 0x9f, 0x0c, 0x04, 0x06,
0x0e, 0x06, 0x08, 0x07, 0x00, 0x01, 0x09, 0x01, 0x03, 0x0b, 0x03, 0x05, 0x0c, 0x04, 0x06, 0x0c, 0x04, 0x06, 0x0c, 0x04, 0x06, 0x0b, 0x03, 0x05,
0x0b, 0x03, 0x05, 0x0b, 0x03, 0x05, 0x08, 0x03, 0x04, 0x08, 0x03, 0x04, 0x08, 0x03, 0x04, 0x08, 0x03, 0x04, 0x08, 0x03, 0x04, 0x08, 0x03, 0x04,
0x08, 0x03, 0x04, 0x08, 0x03, 0x04, 0x07, 0x02, 0x03, 0x05, 0x00, 0x01, 0x00, 0x00, 0x00, 0x07, 0x02, 0x03, 0x11, 0x0c, 0x0d, 0x0d, 0x08, 0x09,
0x6f, 0x65, 0x67, 0xc3, 0xb9, 0xbb, 0xd1, 0xc7, 0xc9, 0xd1, 0xc7, 0xc9, 0xd4, 0xca, 0xcc, 0xd4, 0xca, 0xcc, 0xd4, 0xca, 0xcc, 0xd6, 0xcc, 0xce,
0xd7, 0xcd, 0xcf, 0xd7, 0xcd, 0xcf, 0xda, 0xce, 0xd0, 0xdb, 0xcf, 0xd1, 0xdb, 0xcf, 0xd1, 0xdb, 0xcf, 0xd1, 0xdd, 0xce, 0xd1, 0xdd, 0xce, 0xd1,
0xe0, 0xcc, 0xd0, 0xe0, 0xcc, 0xd0, 0xe1, 0xcb, 0xcf, 0xe1, 0xcb, 0xcf, 0xe1, 0xcb, 0xcf, 0xe1, 0xcb, 0xcf, 0xe1, 0xcb, 0xcf, 0xe1, 0xcb, 0xcf,
0xe1, 0xcb, 0xcf, 0xe1, 0xcb, 0xcf, 0xe1, 0xcb, 0xcf, 0xe1, 0xcb, 0xcf, 0xe1, 0xcb, 0xcf, 0xe1, 0xcb, 0xcf, 0xdf, 0xcb, 0xcf, 0xdf, 0xcb, 0xcf,
0xe0, 0xcc, 0xd0, 0xe0, 0xcc, 0xd0, 0xdf, 0xce, 0xd1, 0xe0, 0xcf, 0xd2, 0xdd, 0xcc, 0xcf, 0xe1, 0xd0, 0xd3, 0xef, 0xde, 0xe1, 0xf6, 0xe5, 0xe8,
0xde, 0xcd, 0xd0, 0xaa, 0x99, 0x9c, 0x5d, 0x4c, 0x4f, 0x19, 0x08, 0x0b, 0x05, 0x00, 0x00, 0x08, 0x00, 0x00, 0x07, 0x00, 0x00, 0x08, 0x00, 0x00,
0x07, 0x00, 0x00, 0x07, 0x00, 0x00, 0x05, 0x00, 0x00, 0x05, 0x00, 0x00, 0x05, 0x00, 0x00, 0x05, 0x00, 0x00, 0x05, 0x00, 0x00, 0x06, 0x00, 0x00,
0x02, 0x02, 0x02, 0x02, 0x02, 0x02, 0x02, 0x02, 0x02, 0x02, 0x02, 0x02, 0x02, 0x02, 0x02, 0x02, 0x02, 0x02, 0x02, 0x02, 0x02, 0x02, 0x02, 0x02,
0x01, 0x01, 0x01, 0x02, 0x02, 0x02, 0x01, 0x01, 0x01, 0x02, 0x02, 0x02, 0x00, 0x00, 0x00, 0x00, 0x00, 0x00, 0x5f, 0x5a, 0x5b, 0xce, 0xc9, 0xca,
0xdf, 0xd0, 0xd3, 0xdf, 0xd0, 0xd3, 0xe3, 0xcf, 0xd3, 0xe3, 0xcf, 0xd3, 0xde, 0xca, 0xce, 0xdf, 0xcb, 0xcf, 0xe4, 0xce, 0xd2, 0xe4, 0xce, 0xd2,
0xe3, 0xcd, 0xd1, 0xe3, 0xcd, 0xd1, 0xe7, 0xcf, 0xd3, 0xe7, 0xcf, 0xd3, 0xe7, 0xcf, 0xd3, 0xe7, 0xcf, 0xd3, 0xe7, 0xcf, 0xd3, 0xe7, 0xcf, 0xd3,
0xe7, 0xcf, 0xd3, 0xe7, 0xcf, 0xd3, 0xe7, 0xcf, 0xd3, 0xe7, 0xcf, 0xd3, 0xe7, 0xcf, 0xd3, 0xe7, 0xcf, 0xd3, 0xe9, 0xd1, 0xd5, 0xe7, 0xcf, 0xd3,
0xe7, 0xcf, 0xd3, 0xe7, 0xcf, 0xd3, 0xe5, 0xcd, 0xd1, 0xe4, 0xcc, 0xd0, 0xe4, 0xcc, 0xd0, 0xe6, 0xce, 0xd2, 0xe3, 0xcf, 0xd3, 0xe3, 0xcf, 0xd3,
0xd9, 0xd1, 0xd3, 0xd9, 0xd1, 0xd3, 0xd5, 0xd2, 0xd3, 0xd5, 0xd2, 0xd3, 0xd4, 0xd1, 0xd2, 0x77, 0x74, 0x75, 0x12, 0x0f, 0x10, 0x04, 0x01, 0x02,
0x06, 0x03, 0x04, 0x03, 0x00, 0x01, 0x05, 0x02, 0x03, 0x06, 0x03, 0x04, 0x07, 0x04, 0x05, 0x06, 0x03, 0x04, 0x05, 0x02, 0x03, 0x05, 0x02, 0x03,
0x06, 0x03, 0x04, 0x06, 0x03, 0x04, 0x05, 0x02, 0x03, 0x05, 0x02, 0x03, 0x05, 0x02, 0x03, 0x05, 0x02, 0x03, 0x05, 0x02, 0x03, 0x05, 0x02, 0x03,
0x05, 0x02, 0x03, 0x05, 0x02, 0x03, 0x05, 0x02, 0x03, 0x04, 0x01, 0x02, 0x00, 0x00, 0x00, 0x1d, 0x1a, 0x1b, 0x0f, 0x0a, 0x0b, 0x00, 0x00, 0x00,
0x00, 0x00, 0x00, 0x3b, 0x33, 0x35, 0xc1, 0xb9, 0xbb, 0xf3, 0xeb, 0xed, 0xd0, 0xc8, 0xca, 0xd0, 0xc8, 0xca, 0xd3, 0xc9, 0xcb, 0xd4, 0xca, 0xcc,
0xd6, 0xcc, 0xce, 0xd7, 0xcd, 0xcf, 0xdc, 0xd0, 0xd2, 0xda, 0xce, 0xd0, 0xda, 0xce, 0xd0, 0xd9, 0xcd, 0xcf, 0xdb, 0xcc, 0xcf, 0xdb, 0xcc, 0xcf,
0xe1, 0xcb, 0xcf, 0xe1, 0xcb, 0xcf, 0xe3, 0xcb, 0xcf, 0xe3, 0xcb, 0xcf, 0xe3, 0xcb, 0xcf, 0xe3, 0xcb, 0xcf, 0xe3, 0xcb, 0xcf, 0xe3, 0xcb, 0xcf,
0xe3, 0xcb, 0xcf, 0xe3, 0xcb, 0xcf, 0xe5, 0xcd, 0xd1, 0xe3, 0xcb, 0xcf, 0xe3, 0xcb, 0xcf, 0xe4, 0xcc, 0xd0, 0xe2, 0xcc, 0xd0, 0xe2, 0xcc, 0xd0,
0xde, 0xcd, 0xd0, 0xdf, 0xce, 0xd1, 0xdd, 0xce, 0xd1, 0xdd, 0xce, 0xd1, 0xdd, 0xce, 0xd1, 0xd8, 0xc9, 0xcc, 0xca, 0xbb, 0xbe, 0xc5, 0xb6, 0xb9,
0x95, 0x86, 0x89, 0x46, 0x37, 0x3a, 0x15, 0x06, 0x09, 0x1c, 0x0d, 0x10, 0x07, 0x00, 0x00, 0x09, 0x00, 0x00, 0x07, 0x00, 0x00, 0x07, 0x00, 0x00,
0x05, 0x00, 0x00, 0x05, 0x00, 0x00, 0x03, 0x00, 0x00, 0x03, 0x00, 0x00, 0x03, 0x00, 0x00, 0x03, 0x00, 0x00, 0x03, 0x00, 0x00, 0x04, 0x00, 0x00,
0x02, 0x02, 0x02, 0x02, 0x02, 0x02, 0x02, 0x02, 0x02, 0x02, 0x02, 0x02, 0x02, 0x02, 0x02, 0x02, 0x02, 0x02, 0x02, 0x02, 0x02, 0x02, 0x02, 0x02,
0x02, 0x02, 0x02, 0x02, 0x02, 0x02, 0x01, 0x01, 0x01, 0x01, 0x01, 0x01, 0x00, 0x00, 0x00, 0x00, 0x00, 0x00, 0x00, 0x00, 0x00, 0x31, 0x2c, 0x2d,
0xdf, 0xd0, 0xd3, 0xdf, 0xd0, 0xd3, 0xe3, 0xcf, 0xd3, 0xe3, 0xcf, 0xd3, 0xdb, 0xc7, 0xcb, 0xdb, 0xc7, 0xcb, 0xe3, 0xcd, 0xd1, 0xe5, 0xcf, 0xd3,
0xe1, 0xcb, 0xcf, 0xe2, 0xcc, 0xd0, 0xe7, 0xcf, 0xd3, 0xe7, 0xcf, 0xd3, 0xe7, 0xcf, 0xd3, 0xe9, 0xd1, 0xd5, 0xe9, 0xd1, 0xd5, 0xe7, 0xcf, 0xd3,
0xe7, 0xcf, 0xd3, 0xe7, 0xcf, 0xd3, 0xe7, 0xcf, 0xd3, 0xe7, 0xcf, 0xd3, 0xe7, 0xcf, 0xd3, 0xe7, 0xcf, 0xd3, 0xea, 0xd2, 0xd6, 0xe7, 0xcf, 0xd3,
0xe7, 0xcf, 0xd3, 0xe7, 0xcf, 0xd3, 0xe4, 0xcc, 0xd0, 0xe2, 0xca, 0xce, 0xe2, 0xca, 0xce, 0xe5, 0xcd, 0xd1, 0xe3, 0xcf, 0xd3, 0xe3, 0xcf, 0xd3,
0xd9, 0xd1, 0xd3, 0xd9, 0xd1, 0xd3, 0xd5, 0xd2, 0xd3, 0xd5, 0xd2, 0xd3, 0x44, 0x41, 0x42, 0x13, 0x10, 0x11, 0x08, 0x05, 0x06, 0x03, 0x00, 0x01,
0x04, 0x01, 0x02, 0x05, 0x02, 0x03, 0x05, 0x02, 0x03, 0x06, 0x03, 0x04, 0x06, 0x03, 0x04, 0x05, 0x02, 0x03, 0x05, 0x02, 0x03, 0x05, 0x02, 0x03,
0x05, 0x02, 0x03, 0x05, 0x02, 0x03, 0x05, 0x02, 0x03, 0x05, 0x02, 0x03, 0x05, 0x02, 0x03, 0x05, 0x02, 0x03, 0x05, 0x02, 0x03, 0x05, 0x02, 0x03,
0x05, 0x02, 0x03, 0x05, 0x02, 0x03, 0x05, 0x02, 0x03, 0x05, 0x02, 0x03, 0x00, 0x00, 0x00, 0x03, 0x00, 0x01, 0x08, 0x03, 0x04, 0x08, 0x03, 0x04,
0x08, 0x00, 0x02, 0x08, 0x00, 0x02, 0x36, 0x2e, 0x30, 0x7c, 0x74, 0x76, 0xcf, 0xc7, 0xc9, 0xcf, 0xc7, 0xc9, 0xd2, 0xc8, 0xca, 0xd3, 0xc9, 0xcb,
0xd4, 0xca, 0xcc, 0xd6, 0xcc, 0xce, 0xdd, 0xd1, 0xd3, 0xda, 0xce, 0xd0, 0xda, 0xce, 0xd0, 0xd9, 0xcd, 0xcf, 0xda, 0xcb, 0xce, 0xda, 0xcb, 0xce,
0xe1, 0xcb, 0xcf, 0xe1, 0xcb, 0xcf, 0xe3, 0xcb, 0xcf, 0xe4, 0xcc, 0xd0, 0xe4, 0xcc, 0xd0, 0xe4, 0xcc, 0xd0, 0xe4, 0xcc, 0xd0, 0xe4, 0xcc, 0xd0,
0xe4, 0xcc, 0xd0, 0xe4, 0xcc, 0xd0, 0xe7, 0xcf, 0xd3, 0xe4, 0xcc, 0xd0, 0xe4, 0xcc, 0xd0, 0xe5, 0xcd, 0xd1, 0xe4, 0xce, 0xd2, 0xe4, 0xce, 0xd2,
0xdf, 0xce, 0xd1, 0xe1, 0xd0, 0xd3, 0xdc, 0xcd, 0xd0, 0xdc, 0xcd, 0xd0, 0xff, 0xfd, 0xff, 0xea, 0xdb, 0xde, 0xa5, 0x96, 0x99, 0x82, 0x73, 0x76,
0x12, 0x03, 0x06, 0x00, 0x00, 0x00, 0x11, 0x02, 0x05, 0x16, 0x07, 0x0a, 0x0f, 0x00, 0x03, 0x0c, 0x00, 0x00, 0x07, 0x00, 0x00, 0x07, 0x00, 0x00,
0x05, 0x00, 0x00, 0x05, 0x00, 0x00, 0x03, 0x00, 0x00, 0x04, 0x00, 0x00, 0x04, 0x00, 0x00, 0x04, 0x00, 0x00, 0x04, 0x00, 0x00, 0x04, 0x00, 0x00,
0x02, 0x02, 0x02, 0x02, 0x02, 0x02, 0x02, 0x02, 0x02, 0x02, 0x02, 0x02, 0x02, 0x02, 0x02, 0x02, 0x02, 0x02, 0x02, 0x02, 0x02, 0x02, 0x02, 0x02,
0x02, 0x02, 0x02, 0x02, 0x02, 0x02, 0x01, 0x01, 0x01, 0x02, 0x02, 0x02, 0x01, 0x01, 0x01, 0x01, 0x01, 0x01, 0x08, 0x03, 0x04, 0x08, 0x03, 0x04,
0x25, 0x16, 0x19, 0x58, 0x49, 0x4c, 0xba, 0xa6, 0xaa, 0xe3, 0xcf, 0xd3, 0xd3, 0xbf, 0xc3, 0xd9, 0xc5, 0xc9, 0xe3, 0xcd, 0xd1, 0xe1, 0xcb, 0xcf,
0xe1, 0xcb, 0xcf, 0xe1, 0xcb, 0xcf, 0xee, 0xd6, 0xda, 0xf0, 0xd8, 0xdc, 0xed, 0xd5, 0xd9, 0xea, 0xd2, 0xd6, 0xe7, 0xcf, 0xd3, 0xe7, 0xcf, 0xd3,
0xe7, 0xcf, 0xd3, 0xe7, 0xcf, 0xd3, 0xe7, 0xcf, 0xd3, 0xe7, 0xcf, 0xd3, 0xe7, 0xcf, 0xd3, 0xe7, 0xcf, 0xd3, 0xe9, 0xd1, 0xd5, 0xed, 0xd5, 0xd9,
0xf0, 0xd8, 0xdc, 0xee, 0xd6, 0xda, 0xe3, 0xcb, 0xcf, 0xe0, 0xc8, 0xcc, 0xe0, 0xc8, 0xcc, 0xe5, 0xcd, 0xd1, 0xee, 0xda, 0xde, 0xf5, 0xe1, 0xe5,
0xdd, 0xd5, 0xd7, 0x9c, 0x94, 0x96, 0x4c, 0x49, 0x4a, 0x0b, 0x08, 0x09, 0x1c, 0x19, 0x1a, 0x08, 0x05, 0x06, 0x04, 0x01, 0x02, 0x03, 0x00, 0x01,
0x03, 0x00, 0x01, 0x03, 0x00, 0x01, 0x04, 0x01, 0x02, 0x05, 0x02, 0x03, 0x05, 0x02, 0x03, 0x04, 0x01, 0x02, 0x04, 0x01, 0x02, 0x04, 0x01, 0x02,
0x05, 0x02, 0x03, 0x05, 0x02, 0x03, 0x05, 0x02, 0x03, 0x05, 0x02, 0x03, 0x05, 0x02, 0x03, 0x05, 0x02, 0x03, 0x05, 0x02, 0x03, 0x05, 0x02, 0x03,
0x05, 0x02, 0x03, 0x05, 0x02, 0x03, 0x05, 0x02, 0x03, 0x05, 0x02, 0x03, 0x00, 0x00, 0x00, 0x04, 0x01, 0x02, 0x08, 0x03, 0x04, 0x08, 0x03, 0x04,
0x09, 0x01, 0x03, 0x09, 0x01, 0x03, 0x09, 0x01, 0x03, 0x09, 0x01, 0x03, 0x39, 0x31, 0x33, 0x7f, 0x77, 0x79, 0xc6, 0xbc, 0xbe, 0xc4, 0xba, 0xbc,
0xc6, 0xbc, 0xbe, 0xcd, 0xc3, 0xc5, 0xdf, 0xd3, 0xd5, 0xe3, 0xd7, 0xd9, 0xdd, 0xd1, 0xd3, 0xd8, 0xcc, 0xce, 0xd7, 0xc8, 0xcb, 0xd7, 0xc8, 0xcb,
0xde, 0xc8, 0xcc, 0xe0, 0xca, 0xce, 0xe3, 0xcb, 0xcf, 0xe4, 0xcc, 0xd0, 0xe4, 0xcc, 0xd0, 0xe4, 0xcc, 0xd0, 0xe4, 0xcc, 0xd0, 0xe4, 0xcc, 0xd0,
0xe4, 0xcc, 0xd0, 0xe4, 0xcc, 0xd0, 0xe7, 0xcf, 0xd3, 0xec, 0xd4, 0xd8, 0xff, 0xe7, 0xeb, 0xff, 0xe8, 0xec, 0xe9, 0xd3, 0xd7, 0xe5, 0xcf, 0xd3,
0xd1, 0xc0, 0xc3, 0xe1, 0xd0, 0xd3, 0xff, 0xff, 0xff, 0xfd, 0xee, 0xf1, 0xc0, 0xb1, 0xb4, 0x7e, 0x6f, 0x72, 0x31, 0x22, 0x25, 0x06, 0x00, 0x00,
0x06, 0x00, 0x00, 0x06, 0x00, 0x00, 0x10, 0x01, 0x04, 0x10, 0x01, 0x04, 0x11, 0x02, 0x05, 0x0e, 0x00, 0x02, 0x0a, 0x00, 0x00, 0x0a, 0x00, 0x00,
0x06, 0x00, 0x00, 0x06, 0x00, 0x00, 0x04, 0x00, 0x00, 0x04, 0x00, 0x00, 0x04, 0x00, 0x00, 0x04, 0x00, 0x00, 0x04, 0x00, 0x00, 0x04, 0x00, 0x00,
0x02, 0x02, 0x02, 0x02, 0x02, 0x02, 0x02, 0x02, 0x02, 0x02, 0x02, 0x02, 0x02, 0x02, 0x02, 0x02, 0x02, 0x02, 0x02, 0x02, 0x02, 0x02, 0x02, 0x02,
0x02, 0x02, 0x02, 0x02, 0x02, 0x02, 0x01, 0x01, 0x01, 0x02, 0x02, 0x02, 0x02, 0x02, 0x02, 0x02, 0x02, 0x02, 0x07, 0x02, 0x03, 0x09, 0x04, 0x05,
0x16, 0x07, 0x0a, 0x1b, 0x0c, 0x0f, 0x29, 0x15, 0x19, 0x5c, 0x48, 0x4c, 0xc5, 0xb1, 0xb5, 0xda, 0xc6, 0xca, 0xe3, 0xcd, 0xd1, 0xdb, 0xc5, 0xc9,
0xe2, 0xcc, 0xd0, 0xe5, 0xcf, 0xd3, 0xd6, 0xbe, 0xc2, 0xd8, 0xc0, 0xc4, 0xdf, 0xc7, 0xcb, 0xe6, 0xce, 0xd2, 0xe7, 0xcf, 0xd3, 0xe7, 0xcf, 0xd3,
0xe7, 0xcf, 0xd3, 0xe7, 0xcf, 0xd3, 0xe7, 0xcf, 0xd3, 0xe7, 0xcf, 0xd3, 0xe7, 0xcf, 0xd3, 0xe7, 0xcf, 0xd3, 0xe9, 0xd1, 0xd5, 0xdf, 0xc7, 0xcb,
0xd8, 0xc0, 0xc4, 0xd6, 0xbe, 0xc2, 0xe7, 0xcf, 0xd3, 0xe3, 0xcb, 0xcf, 0xe5, 0xcd, 0xd1, 0xe2, 0xca, 0xce, 0xd9, 0xc5, 0xc9, 0xd9, 0xc5, 0xc9,
0x50, 0x48, 0x4a, 0x24, 0x1c, 0x1e, 0x00, 0x00, 0x00, 0x04, 0x01, 0x02, 0x05, 0x02, 0x03, 0x03, 0x00, 0x01, 0x04, 0x01, 0x02, 0x02, 0x00, 0x00,
0x03, 0x00, 0x01, 0x03, 0x00, 0x01, 0x03, 0x00, 0x01, 0x04, 0x01, 0x02, 0x04, 0x01, 0x02, 0x04, 0x01, 0x02, 0x04, 0x01, 0x02, 0x04, 0x01, 0x02,
0x04, 0x01, 0x02, 0x04, 0x01, 0x02, 0x04, 0x01, 0x02, 0x05, 0x02, 0x03, 0x05, 0x02, 0x03, 0x05, 0x02, 0x03, 0x05, 0x02, 0x03, 0x05, 0x02, 0x03,
0x05, 0x02, 0x03, 0x05, 0x02, 0x03, 0x05, 0x02, 0x03, 0x05, 0x02, 0x03, 0x02, 0x00, 0x00, 0x05, 0x02, 0x03, 0x08, 0x03, 0x04, 0x08, 0x03, 0x04,
0x09, 0x01, 0x03, 0x09, 0x01, 0x03, 0x0e, 0x06, 0x08, 0x11, 0x09, 0x0b, 0x16, 0x0e, 0x10, 0x11, 0x09, 0x0b, 0x30, 0x26, 0x28, 0x8b, 0x81, 0x83,
0xdf, 0xd5, 0xd7, 0xe4, 0xda, 0xdc, 0xdc, 0xd0, 0xd2, 0xd2, 0xc6, 0xc8, 0xff, 0xfd, 0xff, 0xf7, 0xeb, 0xed, 0xd3, 0xc4, 0xc7, 0xd4, 0xc5, 0xc8,
0xdd, 0xc7, 0xcb, 0xe0, 0xca, 0xce, 0xe2, 0xca, 0xce, 0xe4, 0xcc, 0xd0, 0xe4, 0xcc, 0xd0, 0xe4, 0xcc, 0xd0, 0xe4, 0xcc, 0xd0, 0xe4, 0xcc, 0xd0,
0xe4, 0xcc, 0xd0, 0xe4, 0xcc, 0xd0, 0xe7, 0xcf, 0xd3, 0xde, 0xc6, 0xca, 0xdd, 0xc5, 0xc9, 0xdd, 0xc5, 0xc9, 0xe9, 0xd3, 0xd7, 0xf0, 0xda, 0xde,
0xff, 0xfc, 0xff, 0xde, 0xcd, 0xd0, 0xab, 0x9c, 0x9f, 0x83, 0x74, 0x77, 0x31, 0x22, 0x25, 0x1b, 0x0c, 0x0f, 0x16, 0x07, 0x0a, 0x14, 0x05, 0x08,
0x14, 0x05, 0x08, 0x14, 0x05, 0x08, 0x11, 0x02, 0x05, 0x10, 0x01, 0x04, 0x16, 0x07, 0x0a, 0x10, 0x01, 0x04, 0x0c, 0x00, 0x02, 0x0b, 0x00, 0x01,
0x08, 0x00, 0x00, 0x06, 0x00, 0x00, 0x04, 0x00, 0x00, 0x04, 0x00, 0x00, 0x04, 0x00, 0x00, 0x04, 0x00, 0x00, 0x04, 0x00, 0x00, 0x04, 0x00, 0x00,
0x02, 0x02, 0x02, 0x02, 0x02, 0x02, 0x02, 0x02, 0x02, 0x02, 0x02, 0x02, 0x02, 0x02, 0x02, 0x02, 0x02, 0x02, 0x02, 0x02, 0x02, 0x02, 0x02, 0x02,
0x02, 0x02, 0x02, 0x02, 0x02, 0x02, 0x01, 0x01, 0x01, 0x02, 0x02, 0x02, 0x02, 0x02, 0x02, 0x03, 0x03, 0x03, 0x08, 0x03, 0x04, 0x08, 0x03, 0x04,
0x0c, 0x04, 0x06, 0x0f, 0x07, 0x09, 0x0e, 0x04, 0x06, 0x17, 0x0d, 0x0f, 0x11, 0x07, 0x09, 0x50, 0x46, 0x48, 0x9d, 0x91, 0x93, 0xcc, 0xc0, 0xc2,
0xdb, 0xcf, 0xd1, 0xe1, 0xd5, 0xd7, 0xf1, 0xe2, 0xe5, 0xf0, 0xe1, 0xe4, 0xe8, 0xd9, 0xdc, 0xe4, 0xd5, 0xd8, 0xe3, 0xd2, 0xd5, 0xe3, 0xd2, 0xd5,
0xdf, 0xd0, 0xd3, 0xdf, 0xd0, 0xd3, 0xdf, 0xd0, 0xd3, 0xdf, 0xd0, 0xd3, 0xdf, 0xd0, 0xd3, 0xdf, 0xd0, 0xd3, 0xe5, 0xd6, 0xd9, 0xe8, 0xd9, 0xdc,
0xf0, 0xe1, 0xe4, 0xf1, 0xe2, 0xe5, 0xe3, 0xd4, 0xd7, 0xdd, 0xce, 0xd1, 0xba, 0xab, 0xae, 0x90, 0x81, 0x84, 0x3d, 0x31, 0x33, 0x14, 0x08, 0x0a,
0x00, 0x00, 0x00, 0x00, 0x00, 0x00, 0x00, 0x00, 0x00, 0x06, 0x06, 0x06, 0x06, 0x06, 0x06, 0x00, 0x00, 0x00, 0x00, 0x00, 0x00, 0x00, 0x00, 0x00,
0x00, 0x00, 0x00, 0x00, 0x00, 0x00, 0x00, 0x00, 0x00, 0x00, 0x00, 0x00, 0x00, 0x00, 0x00, 0x00, 0x00, 0x00, 0x00, 0x00, 0x00, 0x00, 0x00, 0x00,
0x00, 0x00, 0x00, 0x00, 0x00, 0x00, 0x00, 0x00, 0x00, 0x01, 0x01, 0x01, 0x01, 0x01, 0x01, 0x01, 0x01, 0x01, 0x01, 0x01, 0x01, 0x01, 0x01, 0x01,
0x01, 0x01, 0x01, 0x01, 0x01, 0x01, 0x01, 0x01, 0x01, 0x01, 0x01, 0x01, 0x00, 0x00, 0x00, 0x01, 0x01, 0x01, 0x04, 0x01, 0x02, 0x04, 0x01, 0x02,
0x04, 0x01, 0x02, 0x04, 0x01, 0x02, 0x08, 0x03, 0x04, 0x0a, 0x05, 0x06, 0x00, 0x00, 0x00, 0x1c, 0x17, 0x18, 0x1e, 0x16, 0x18, 0x11, 0x09, 0x0b,
0x39, 0x31, 0x33, 0x73, 0x6b, 0x6d, 0xbd, 0xb3, 0xb5, 0xdb, 0xd1, 0xd3, 0xd7, 0xcd, 0xcf, 0xd2, 0xc8, 0xca, 0xd4, 0xc5, 0xc8, 0xd4, 0xc5, 0xc8,
0xd4, 0xc8, 0xca, 0xd6, 0xca, 0xcc, 0xda, 0xcb, 0xce, 0xdc, 0xcd, 0xd0, 0xdc, 0xcd, 0xd0, 0xdc, 0xcd, 0xd0, 0xdc, 0xcd, 0xd0, 0xdc, 0xcd, 0xd0,
0xdc, 0xcd, 0xd0, 0xdc, 0xcd, 0xd0, 0xdf, 0xd0, 0xd3, 0xe2, 0xd3, 0xd6, 0xe4, 0xd5, 0xd8, 0xe3, 0xd4, 0xd7, 0xd5, 0xc6, 0xc9, 0xcf, 0xc0, 0xc3,
0xa6, 0x9a, 0x9c, 0x70, 0x64, 0x66, 0x2a, 0x1e, 0x20, 0x1a, 0x0e, 0x10, 0x03, 0x00, 0x00, 0x07, 0x00, 0x00, 0x10, 0x04, 0x06, 0x1e, 0x12, 0x14,
0x21, 0x15, 0x17, 0x20, 0x14, 0x16, 0x1d, 0x11, 0x13, 0x1e, 0x12, 0x14, 0x1a, 0x0e, 0x10, 0x10, 0x04, 0x06, 0x0c, 0x00, 0x02, 0x0c, 0x00, 0x02,
0x07, 0x00, 0x01, 0x06, 0x00, 0x00, 0x02, 0x00, 0x00, 0x02, 0x00, 0x00, 0x02, 0x00, 0x00, 0x02, 0x00, 0x00, 0x02, 0x00, 0x00, 0x02, 0x00, 0x00,
0x02, 0x02, 0x02, 0x02, 0x02, 0x02, 0x02, 0x02, 0x02, 0x02, 0x02, 0x02, 0x02, 0x02, 0x02, 0x02, 0x02, 0x02, 0x02, 0x02, 0x02, 0x02, 0x02, 0x02,
0x02, 0x02, 0x02, 0x02, 0x02, 0x02, 0x02, 0x02, 0x02, 0x03, 0x03, 0x03, 0x03, 0x03, 0x03, 0x03, 0x03, 0x03, 0x08, 0x03, 0x04, 0x08, 0x03, 0x04,
0x0a, 0x02, 0x04, 0x0a, 0x02, 0x04, 0x09, 0x00, 0x01, 0x04, 0x00, 0x00, 0x00, 0x00, 0x00, 0x00, 0x00, 0x00, 0x00, 0x00, 0x00, 0x27, 0x1b, 0x1d,
0x59, 0x4d, 0x4f, 0x7c, 0x70, 0x72, 0xc2, 0xb3, 0xb6, 0xe4, 0xd5, 0xd8, 0xdf, 0xd0, 0xd3, 0xdf, 0xd0, 0xd3, 0xe1, 0xd0, 0xd3, 0xe1, 0xd0, 0xd3,
0xdf, 0xd0, 0xd3, 0xdf, 0xd0, 0xd3, 0xdf, 0xd0, 0xd3, 0xdf, 0xd0, 0xd3, 0xdf, 0xd0, 0xd3, 0xdf, 0xd0, 0xd3, 0xdf, 0xd0, 0xd3, 0xdf, 0xd0, 0xd3,
0xe4, 0xd5, 0xd8, 0xc2, 0xb3, 0xb6, 0x7e, 0x6f, 0x72, 0x5b, 0x4c, 0x4f, 0x14, 0x05, 0x08, 0x0d, 0x00, 0x01, 0x00, 0x00, 0x00, 0x01, 0x00, 0x00,
0x0d, 0x08, 0x09, 0x10, 0x0b, 0x0c, 0x00, 0x00, 0x00, 0x00, 0x00, 0x00, 0x00, 0x00, 0x00, 0x00, 0x00, 0x00, 0x00, 0x00, 0x00, 0x00, 0x00, 0x00,
0x00, 0x00, 0x00, 0x00, 0x00, 0x00, 0x00, 0x00, 0x00, 0x00, 0x00, 0x00, 0x00, 0x00, 0x00, 0x00, 0x00, 0x00, 0x00, 0x00, 0x00, 0x00, 0x00, 0x00,
0x00, 0x00, 0x00, 0x00, 0x00, 0x00, 0x00, 0x00, 0x00, 0x00, 0x00, 0x00, 0x00, 0x00, 0x00, 0x00, 0x00, 0x00, 0x00, 0x00, 0x00, 0x00, 0x00, 0x00,
0x00, 0x00, 0x00, 0x00, 0x00, 0x00, 0x00, 0x00, 0x00, 0x00, 0x00, 0x00, 0x00, 0x00, 0x00, 0x00, 0x00, 0x00, 0x02, 0x00, 0x00, 0x03, 0x00, 0x01,
0x04, 0x01, 0x02, 0x04, 0x01, 0x02, 0x06, 0x01, 0x02, 0x07, 0x02, 0x03, 0x11, 0x0c, 0x0d, 0x00, 0x00, 0x00, 0x00, 0x00, 0x00, 0x0f, 0x07, 0x09,
0x00, 0x00, 0x00, 0x11, 0x09, 0x0b, 0x23, 0x19, 0x1b, 0x4a, 0x40, 0x42, 0x74, 0x6a, 0x6c, 0x8c, 0x82, 0x84, 0xc0, 0xb1, 0xb4, 0xd7, 0xc8, 0xcb,
0xda, 0xce, 0xd0, 0xda, 0xce, 0xd0, 0xdc, 0xcd, 0xd0, 0xdc, 0xcd, 0xd0, 0xdc, 0xcd, 0xd0, 0xdc, 0xcd, 0xd0, 0xdc, 0xcd, 0xd0, 0xdc, 0xcd, 0xd0,
0xdc, 0xcd, 0xd0, 0xdc, 0xcd, 0xd0, 0xdc, 0xcd, 0xd0, 0xdc, 0xcd, 0xd0, 0xcc, 0xbd, 0xc0, 0xaa, 0x9b, 0x9e, 0x65, 0x56, 0x59, 0x42, 0x33, 0x36,
0x0c, 0x00, 0x02, 0x0a, 0x00, 0x00, 0x0b, 0x00, 0x01, 0x08, 0x00, 0x00, 0x22, 0x16, 0x18, 0x20, 0x14, 0x16, 0x0e, 0x02, 0x04, 0x01, 0x00, 0x00,
0x00, 0x00, 0x00, 0x00, 0x00, 0x00, 0x04, 0x00, 0x00, 0x06, 0x00, 0x00, 0x0b, 0x00, 0x01, 0x0f, 0x03, 0x05, 0x10, 0x04, 0x06, 0x0f, 0x03, 0x05,
0x09, 0x01, 0x03, 0x07, 0x00, 0x01, 0x04, 0x00, 0x00, 0x02, 0x00, 0x00, 0x02, 0x00, 0x00, 0x02, 0x00, 0x00, 0x02, 0x00, 0x00, 0x02, 0x00, 0x00,
0x02, 0x02, 0x02, 0x02, 0x02, 0x02, 0x02, 0x02, 0x02, 0x02, 0x02, 0x02, 0x02, 0x02, 0x02, 0x02, 0x02, 0x02, 0x02, 0x02, 0x02, 0x02, 0x02, 0x02,
0x02, 0x02, 0x02, 0x02, 0x02, 0x02, 0x02, 0x02, 0x02, 0x02, 0x02, 0x02, 0x03, 0x03, 0x03, 0x03, 0x03, 0x03, 0x00, 0x03, 0x03, 0x00, 0x03, 0x03,
0x03, 0x03, 0x03, 0x03, 0x03, 0x03, 0x01, 0x01, 0x01, 0x03, 0x03, 0x03, 0x03, 0x03, 0x03, 0x03, 0x03, 0x03, 0x05, 0x02, 0x03, 0x05, 0x02, 0x03,
0x07, 0x02, 0x03, 0x07, 0x02, 0x03, 0x10, 0x08, 0x0a, 0x12, 0x0a, 0x0c, 0x40, 0x38, 0x3a, 0x42, 0x3a, 0x3c, 0x47, 0x42, 0x43, 0x55, 0x50, 0x51,
0x72, 0x6a, 0x6c, 0x7f, 0x77, 0x79, 0x7a, 0x72, 0x74, 0x79, 0x71, 0x73, 0x74, 0x6c, 0x6e, 0x72, 0x6a, 0x6c, 0x6e, 0x66, 0x68, 0x6e, 0x66, 0x68,
0x34, 0x2c, 0x2e, 0x16, 0x0e, 0x10, 0x00, 0x00, 0x00, 0x00, 0x00, 0x00, 0x00, 0x00, 0x00, 0x00, 0x00, 0x00, 0x00, 0x00, 0x00, 0x00, 0x00, 0x00,
0x00, 0x00, 0x00, 0x00, 0x00, 0x00, 0x00, 0x00, 0x00, 0x00, 0x00, 0x00, 0x00, 0x00, 0x00, 0x00, 0x00, 0x00, 0x00, 0x00, 0x00, 0x00, 0x00, 0x00,
0x00, 0x00, 0x00, 0x00, 0x00, 0x00, 0x00, 0x00, 0x00, 0x00, 0x00, 0x00, 0x00, 0x00, 0x00, 0x00, 0x00, 0x00, 0x00, 0x00, 0x00, 0x00, 0x00, 0x00,
0x00, 0x00, 0x00, 0x00, 0x00, 0x00, 0x00, 0x00, 0x00, 0x00, 0x00, 0x00, 0x00, 0x00, 0x00, 0x00, 0x00, 0x00, 0x00, 0x00, 0x00, 0x00, 0x00, 0x00,
0x00, 0x00, 0x00, 0x00, 0x00, 0x00, 0x00, 0x00, 0x00, 0x00, 0x00, 0x00, 0x00, 0x00, 0x00, 0x00, 0x00, 0x00, 0x00, 0x00, 0x00, 0x00, 0x00, 0x00,
0x01, 0x01, 0x01, 0x01, 0x01, 0x01, 0x02, 0x02, 0x02, 0x02, 0x02, 0x02, 0x02, 0x02, 0x02, 0x02, 0x02, 0x02, 0x04, 0x01, 0x02, 0x08, 0x05, 0x06,
0x06, 0x01, 0x02, 0x06, 0x01, 0x02, 0x08, 0x00, 0x02, 0x08, 0x00, 0x02, 0x08, 0x00, 0x02, 0x08, 0x00, 0x02, 0x06, 0x01, 0x02, 0x06, 0x01, 0x02,
0x6d, 0x65, 0x67, 0x6d, 0x65, 0x67, 0x6f, 0x6a, 0x6b, 0x71, 0x6c, 0x6d, 0x76, 0x71, 0x72, 0x77, 0x72, 0x73, 0x74, 0x6f, 0x70, 0x72, 0x6d, 0x6e,
0x4f, 0x4a, 0x4b, 0x4d, 0x48, 0x49, 0x40, 0x3b, 0x3c, 0x3e, 0x39, 0x3a, 0x29, 0x24, 0x25, 0x15, 0x10, 0x11, 0x0c, 0x07, 0x08, 0x09, 0x04, 0x05,
0x0d, 0x03, 0x05, 0x0d, 0x03, 0x05, 0x0d, 0x03, 0x05, 0x0d, 0x03, 0x05, 0x0d, 0x03, 0x05, 0x0d, 0x03, 0x05, 0x0a, 0x00, 0x02, 0x0d, 0x03, 0x05,
0x0d, 0x03, 0x05, 0x0d, 0x03, 0x05, 0x0d, 0x03, 0x05, 0x0d, 0x03, 0x05, 0x0d, 0x03, 0x05, 0x0c, 0x02, 0x04, 0x0a, 0x02, 0x04, 0x09, 0x01, 0x03,
0x06, 0x01, 0x02, 0x05, 0x00, 0x01, 0x02, 0x00, 0x00, 0x00, 0x00, 0x00, 0x00, 0x00, 0x00, 0x00, 0x00, 0x00, 0x00, 0x00, 0x00, 0x00, 0x00, 0x00,
0x02, 0x02, 0x02, 0x02, 0x02, 0x02, 0x02, 0x02, 0x02, 0x02, 0x02, 0x02, 0x02, 0x02, 0x02, 0x02, 0x02, 0x02, 0x02, 0x02, 0x02, 0x02, 0x02, 0x02,
0x02, 0x02, 0x02, 0x02, 0x02, 0x02, 0x02, 0x02, 0x02, 0x02, 0x02, 0x02, 0x03, 0x03, 0x03, 0x03, 0x03, 0x03, 0x00, 0x03, 0x03, 0x00, 0x03, 0x03,
0x03, 0x03, 0x03, 0x03, 0x03, 0x03, 0x02, 0x02, 0x02, 0x03, 0x03, 0x03, 0x03, 0x03, 0x03, 0x03, 0x03, 0x03, 0x05, 0x02, 0x03, 0x05, 0x02, 0x03,
0x07, 0x02, 0x03, 0x07, 0x02, 0x03, 0x07, 0x00, 0x01, 0x06, 0x00, 0x00, 0x02, 0x00, 0x00, 0x02, 0x00, 0x00, 0x00, 0x00, 0x00, 0x01, 0x00, 0x00,
0x06, 0x00, 0x00, 0x07, 0x00, 0x01, 0x03, 0x00, 0x00, 0x03, 0x00, 0x00, 0x00, 0x00, 0x00, 0x00, 0x00, 0x00, 0x00, 0x00, 0x00, 0x00, 0x00, 0x00,
0x00, 0x00, 0x00, 0x00, 0x00, 0x00, 0x00, 0x00, 0x00, 0x02, 0x00, 0x00, 0x02, 0x00, 0x00, 0x02, 0x00, 0x00, 0x00, 0x00, 0x00, 0x00, 0x00, 0x00,
0x00, 0x00, 0x00, 0x00, 0x00, 0x00, 0x00, 0x00, 0x00, 0x00, 0x00, 0x00, 0x00, 0x00, 0x00, 0x00, 0x00, 0x00, 0x00, 0x00, 0x00, 0x00, 0x00, 0x00,
0x00, 0x00, 0x00, 0x00, 0x00, 0x00, 0x00, 0x00, 0x00, 0x00, 0x00, 0x00, 0x00, 0x00, 0x00, 0x00, 0x00, 0x00, 0x00, 0x00, 0x00, 0x00, 0x00, 0x00,
0x00, 0x00, 0x00, 0x00, 0x00, 0x00, 0x00, 0x00, 0x00, 0x01, 0x01, 0x01, 0x01, 0x01, 0x01, 0x01, 0x01, 0x01, 0x01, 0x01, 0x01, 0x01, 0x01, 0x01,
0x01, 0x01, 0x01, 0x01, 0x01, 0x01, 0x01, 0x01, 0x01, 0x01, 0x01, 0x01, 0x01, 0x01, 0x01, 0x01, 0x01, 0x01, 0x01, 0x01, 0x01, 0x01, 0x01, 0x01,
0x02, 0x02, 0x02, 0x02, 0x02, 0x02, 0x02, 0x02, 0x02, 0x02, 0x02, 0x02, 0x02, 0x02, 0x02, 0x02, 0x02, 0x02, 0x04, 0x01, 0x02, 0x06, 0x03, 0x04,
0x06, 0x01, 0x02, 0x06, 0x01, 0x02, 0x08, 0x00, 0x02, 0x08, 0x00, 0x02, 0x08, 0x00, 0x02, 0x06, 0x00, 0x00, 0x02, 0x00, 0x00, 0x00, 0x00, 0x00,
0x00, 0x00, 0x00, 0x00, 0x00, 0x00, 0x00, 0x00, 0x00, 0x00, 0x00, 0x00, 0x00, 0x00, 0x00, 0x01, 0x00, 0x00, 0x01, 0x00, 0x00, 0x02, 0x00, 0x00,
0x00, 0x00, 0x00, 0x00, 0x00, 0x00, 0x00, 0x00, 0x00, 0x00, 0x00, 0x00, 0x02, 0x00, 0x00, 0x07, 0x02, 0x03, 0x09, 0x04, 0x05, 0x09, 0x04, 0x05,
0x0d, 0x03, 0x05, 0x0d, 0x03, 0x05, 0x0d, 0x03, 0x05, 0x0d, 0x03, 0x05, 0x0d, 0x03, 0x05, 0x0d, 0x03, 0x05, 0x0b, 0x01, 0x03, 0x0d, 0x03, 0x05,
0x0d, 0x03, 0x05, 0x0d, 0x03, 0x05, 0x0d, 0x03, 0x05, 0x0d, 0x03, 0x05, 0x0d, 0x03, 0x05, 0x0c, 0x02, 0x04, 0x09, 0x01, 0x03, 0x08, 0x00, 0x02,
0x06, 0x01, 0x02, 0x04, 0x00, 0x00, 0x00, 0x00, 0x00, 0x00, 0x00, 0x00, 0x00, 0x00, 0x00, 0x00, 0x00, 0x00, 0x00, 0x00, 0x00, 0x00, 0x00, 0x00
};
const lv_image_dsc_t ui_asset_eyes = {
    .header = {.magic = LV_IMAGE_HEADER_MAGIC, .cf = LV_COLOR_FORMAT_RGB888, .w = 136, .h = 116, .stride = 408},
    .data_size = sizeof(eyes_pixels), .data = eyes_pixels,
};
